label	category	relpath	bytes
reimagine	client	BinaryData/Client/CBlockNameData.bin	4404
reimagine	client	BinaryData/Client/CEquipEyeData.bin	924
reimagine	client	BinaryData/Client/CEquipFaceData.bin	1924
reimagine	client	BinaryData/Client/CEquipHairData.bin	3324
reimagine	client	BinaryData/Client/CIconData_Devil.bin	16284
reimagine	client	BinaryData/Client/CIconData_Emote.bin	604
reimagine	client	BinaryData/Client/CIconData_Item.bin	624004
reimagine	client	BinaryData/Client/CIconData_ItemClass.bin	3484
reimagine	client	BinaryData/Client/CIconData_Skill.bin	52844
reimagine	client	BinaryData/Client/CIconData_SkillSort.bin	26644
reimagine	client	BinaryData/Client/CIconData_Status.bin	14364
reimagine	client	BinaryData/Client/CIconData_UIImageList.bin	6964
reimagine	client	BinaryData/Client/CIconData_Valuable.bin	84
reimagine	client	BinaryData/Client/CMapData.bin	2062624
reimagine	client	BinaryData/Client/CMessageData_basicCommandHelp.bin	9712
reimagine	client	BinaryData/Client/CMessageData_IFCommandHelp.bin	2112
reimagine	client	BinaryData/Client/CMessageData_SysHelp.bin	7340
reimagine	client	BinaryData/Client/CMessageData_yorosiku.bin	6164
reimagine	client	BinaryData/Client/CModelData1.bin	155674
reimagine	client	BinaryData/Client/CModelData2.bin	815456
reimagine	client	BinaryData/Client/CModelData3.bin	24666
reimagine	client	BinaryData/Client/CSkillData.bin	32152820
reimagine	client	BinaryData/Client/CSoundData.bin	131548
reimagine	client	BinaryData/Client/DesignTable.bin	18532
reimagine	client	BinaryData/Client/DynamicMapData.bin	260100
reimagine	client	BinaryData/Client/ExpertTitleData.bin	34636
reimagine	client	BinaryData/Client/MA01_001_01.bin	292
reimagine	client	BinaryData/Client/MA01_001_02.bin	244
reimagine	client	BinaryData/Client/MA01_002_01.bin	292
reimagine	client	BinaryData/Client/MA01_003_01.bin	292
reimagine	client	BinaryData/Client/MA01_004_01.bin	292
reimagine	client	BinaryData/Client/MA01_005_01.bin	244
reimagine	client	BinaryData/Client/MB01_001_01a.bin	4084
reimagine	client	BinaryData/Client/MB01_001_01b.bin	3988
reimagine	client	BinaryData/Client/MC01_001_01.bin	196
reimagine	client	BinaryData/Client/MC01_001_02.bin	244
reimagine	client	BinaryData/Client/MC01_002_01.bin	196
reimagine	client	BinaryData/Client/MC01_003_01.bin	196
reimagine	client	BinaryData/Client/MC01_004_01.bin	196
reimagine	client	BinaryData/Client/MC01_005_01.bin	196
reimagine	client	BinaryData/Client/MD01_001_01.bin	340
reimagine	client	BinaryData/Client/MD01_001_01_BoubakuMO.bin	13924
reimagine	client	BinaryData/Client/MD01_001_02.bin	340
reimagine	client	BinaryData/Client/MD01_001_03.bin	340
reimagine	client	BinaryData/Client/MD01_001_04.bin	196
reimagine	client	BinaryData/Client/MD01_001_04e01.bin	292
reimagine	client	BinaryData/Client/MD01_001_05.bin	292
reimagine	client	BinaryData/Client/MD01_001_06.bin	148
reimagine	client	BinaryData/Client/MD01_001_06_BoubakuBOSS.bin	1636
reimagine	client	BinaryData/Client/MD01_001_06e01.bin	148
reimagine	client	BinaryData/Client/MD01_001_06e02.bin	148
reimagine	client	BinaryData/Client/MD01_001_06e03.bin	148
reimagine	client	BinaryData/Client/MD01_001_06e04.bin	340
reimagine	client	BinaryData/Client/MD01_001_06n01.bin	388
reimagine	client	BinaryData/Client/MD01_002_01.bin	3076
reimagine	client	BinaryData/Client/MD01_002_02.bin	244
reimagine	client	BinaryData/Client/MD01_002_03.bin	4180
reimagine	client	BinaryData/Client/MD01_002_03_dockMO.bin	6292
reimagine	client	BinaryData/Client/MD01_002_04_sindock.bin	3076
reimagine	client	BinaryData/Client/MD01_002_04_sindockCOC7.bin	3028
reimagine	client	BinaryData/Client/MD01_002_05_sindock.bin	6916
reimagine	client	BinaryData/Client/MD01_002_05_sindockCOC7.bin	5908
reimagine	client	BinaryData/Client/MD01_003_01.bin	4804
reimagine	client	BinaryData/Client/MD01_003_02_2013newyear.bin	436
reimagine	client	BinaryData/Client/MD01_004_01.bin	1396
reimagine	client	BinaryData/Client/MD01_004_01_OniBeach0.bin	3268
reimagine	client	BinaryData/Client/MD01_004_01_OniBeach1.bin	1060
reimagine	client	BinaryData/Client/MD01_004_01_VB2011.bin	340
reimagine	client	BinaryData/Client/MD01_004_02_OniBeach2.bin	1588
reimagine	client	BinaryData/Client/MD01_004_02_OniBeach3.bin	2308
reimagine	client	BinaryData/Client/MD01_004_03_OniBeach4.bin	3268
reimagine	client	BinaryData/Client/MD01_004_03_OniBeach5.bin	1060
reimagine	client	BinaryData/Client/MD01_004_04_VB2011R.bin	532
reimagine	client	BinaryData/Client/MD01_004_05_DailyMissionUmi.bin	676
reimagine	client	BinaryData/Client/MD01_004_05_VB2011Q.bin	628
reimagine	client	BinaryData/Client/MD01_004_07_YKK.bin	1684
reimagine	client	BinaryData/Client/MD01_006_01_Zoshigaya_aut.bin	12580
reimagine	client	BinaryData/Client/MD01_006_02_Zoshigaya_S.bin	2644
reimagine	client	BinaryData/Client/MD01_006_02_Zoshigaya_SMO.bin	1540
reimagine	client	BinaryData/Client/MD01_006_02_Zoshigaya_Summer2.bin	196
reimagine	client	BinaryData/Client/MD01_006_03_Zoshigaya_A.bin	13972
reimagine	client	BinaryData/Client/MD01_006_04_Zoshigaya_B.bin	15364
reimagine	client	BinaryData/Client/MD01_006_05_Zoshigaya_C.bin	13684
reimagine	client	BinaryData/Client/MD02_001_01.bin	724
reimagine	client	BinaryData/Client/MD02_001_02c.bin	676
reimagine	client	BinaryData/Client/MD02_001_02_DailyMissionIchi.bin	1012
reimagine	client	BinaryData/Client/MD02_001_02g.bin	628
reimagine	client	BinaryData/Client/MD02_001_02s.bin	676
reimagine	client	BinaryData/Client/MD02_001_03e01.bin	772
reimagine	client	BinaryData/Client/MD02_001_03e02.bin	1972
reimagine	client	BinaryData/Client/MD02_001_04c.bin	3508
reimagine	client	BinaryData/Client/MD02_001_04e02.bin	4996
reimagine	client	BinaryData/Client/MD02_001_04g.bin	4228
reimagine	client	BinaryData/Client/MD02_001_04s.bin	3652
reimagine	client	BinaryData/Client/MD02_001_05c.bin	3652
reimagine	client	BinaryData/Client/MD02_001_05g.bin	4276
reimagine	client	BinaryData/Client/MD02_001_05s.bin	3940
reimagine	client	BinaryData/Client/MD02_001_06c.bin	3364
reimagine	client	BinaryData/Client/MD02_001_06g.bin	2932
reimagine	client	BinaryData/Client/MD02_001_06s.bin	3508
reimagine	client	BinaryData/Client/MD02_001_07c.bin	1636
reimagine	client	BinaryData/Client/MD02_001_07e01.bin	3844
reimagine	client	BinaryData/Client/MD02_001_07e02.bin	2116
reimagine	client	BinaryData/Client/MD02_001_07g.bin	1972
reimagine	client	BinaryData/Client/MD02_001_07s.bin	1876
reimagine	client	BinaryData/Client/MD02_001_08g.bin	964
reimagine	client	BinaryData/Client/MD02_001_107g.bin	1108
reimagine	client	BinaryData/Client/MD02_001_108g.bin	676
reimagine	client	BinaryData/Client/MD02_001_12g.bin	1780
reimagine	client	BinaryData/Client/MD02_001_13g.bin	1780
reimagine	client	BinaryData/Client/MD02_001_14g.bin	1780
reimagine	client	BinaryData/Client/MD02_001_15g.bin	1780
reimagine	client	BinaryData/Client/MD02_001_16g.bin	1780
reimagine	client	BinaryData/Client/MD02_001_17g.bin	1780
reimagine	client	BinaryData/Client/MD02_001_18g.bin	1780
reimagine	client	BinaryData/Client/MD02_001_19g.bin	1780
reimagine	client	BinaryData/Client/MD02_001_20g.bin	1780
reimagine	client	BinaryData/Client/MD02_001_21g.bin	1780
reimagine	client	BinaryData/Client/MD02_001_22g.bin	1780
reimagine	client	BinaryData/Client/MD02_001_23g.bin	1780
reimagine	client	BinaryData/Client/MD02_001_24g.bin	1780
reimagine	client	BinaryData/Client/MD02_001_25g.bin	1780
reimagine	client	BinaryData/Client/MD02_001_26g.bin	1780
reimagine	client	BinaryData/Client/MD02_001_27g.bin	1780
reimagine	client	BinaryData/Client/MD02_001_28g.bin	1780
reimagine	client	BinaryData/Client/MD02_001_29g.bin	1780
reimagine	client	BinaryData/Client/MD02_001_30g.bin	1780
reimagine	client	BinaryData/Client/MD02_001_31g.bin	1780
reimagine	client	BinaryData/Client/MD02_001_32g.bin	1780
reimagine	client	BinaryData/Client/MD02_001_33g.bin	1780
reimagine	client	BinaryData/Client/MD02_001_34g.bin	1780
reimagine	client	BinaryData/Client/MD02_001_35g.bin	1396
reimagine	client	BinaryData/Client/MD02_002_01.bin	1108
reimagine	client	BinaryData/Client/MD02_002_02_2013VDevent_4.bin	676
reimagine	client	BinaryData/Client/MD02_002_02_3rdMO_loby_COC11.bin	196
reimagine	client	BinaryData/Client/MD02_002_02.bin	244
reimagine	client	BinaryData/Client/MD02_002_02e01.bin	388
reimagine	client	BinaryData/Client/MD02_002_02e02.bin	340
reimagine	client	BinaryData/Client/MD02_002_02e03.bin	388
reimagine	client	BinaryData/Client/MD02_002_02ev03.bin	1252
reimagine	client	BinaryData/Client/MD02_002_03.bin	292
reimagine	client	BinaryData/Client/MD02_002_03e01.bin	484
reimagine	client	BinaryData/Client/MD02_002_04.bin	244
reimagine	client	BinaryData/Client/MD02_002_04e01.bin	244
reimagine	client	BinaryData/Client/MD02_002_05.bin	3028
reimagine	client	BinaryData/Client/MD02_002_06.bin	2932
reimagine	client	BinaryData/Client/MD02_002_07.bin	3028
reimagine	client	BinaryData/Client/MD02_002_08.bin	4084
reimagine	client	BinaryData/Client/MD02_002_08e01.bin	2788
reimagine	client	BinaryData/Client/MD02_002_09.bin	436
reimagine	client	BinaryData/Client/MD02_003_01_11.bin	388
reimagine	client	BinaryData/Client/MD02_003_01_12.bin	388
reimagine	client	BinaryData/Client/MD02_003_01_13.bin	388
reimagine	client	BinaryData/Client/MD02_003_01a.bin	340
reimagine	client	BinaryData/Client/MD02_003_01b.bin	676
reimagine	client	BinaryData/Client/MD02_003_01c.bin	436
reimagine	client	BinaryData/Client/MD02_003_01d.bin	340
reimagine	client	BinaryData/Client/MD02_003_01r.bin	244
reimagine	client	BinaryData/Client/MD02_003_01_StevenMO_TR_55.bin	1012
reimagine	client	BinaryData/Client/MD02_003_01_StevenMO_TR_65.bin	724
reimagine	client	BinaryData/Client/MD02_003_02a.bin	580
reimagine	client	BinaryData/Client/MD02_003_02c.bin	628
reimagine	client	BinaryData/Client/MD02_003_02d.bin	484
reimagine	client	BinaryData/Client/MD02_003_02r.bin	244
reimagine	client	BinaryData/Client/MD02_003_03_01e.bin	532
reimagine	client	BinaryData/Client/MD02_003_03_02e.bin	868
reimagine	client	BinaryData/Client/MD02_003_03a.bin	1252
reimagine	client	BinaryData/Client/MD02_003_03d.bin	628
reimagine	client	BinaryData/Client/MD02_003_03r.bin	244
reimagine	client	BinaryData/Client/MD02_003_03_StevenMO_EV_13.bin	532
reimagine	client	BinaryData/Client/MD02_003_04_01e.bin	532
reimagine	client	BinaryData/Client/MD02_003_04_02e.bin	868
reimagine	client	BinaryData/Client/MD02_003_04k01.bin	244
reimagine	client	BinaryData/Client/MD02_003_04k02.bin	244
reimagine	client	BinaryData/Client/MD02_003_04r.bin	244
reimagine	client	BinaryData/Client/MD02_003_04_SkillMO.bin	244
reimagine	client	BinaryData/Client/MD02_003_05_DailyMissionStev.bin	1156
reimagine	client	BinaryData/Client/MD02_003_05St01.bin	340
reimagine	client	BinaryData/Client/MD02_003_05St02.bin	340
reimagine	client	BinaryData/Client/MD02_003_05St03.bin	388
reimagine	client	BinaryData/Client/MD02_003_05St04.bin	340
reimagine	client	BinaryData/Client/MD02_003_05St05.bin	340
reimagine	client	BinaryData/Client/MD02_003_05St06.bin	388
reimagine	client	BinaryData/Client/MD02_003_05St07.bin	340
reimagine	client	BinaryData/Client/MD02_003_05St08.bin	340
reimagine	client	BinaryData/Client/MD02_003_05St09.bin	388
reimagine	client	BinaryData/Client/MD02_003_05St10.bin	340
reimagine	client	BinaryData/Client/MD02_003_05St10e.bin	340
reimagine	client	BinaryData/Client/MD02_003_05St11.bin	340
reimagine	client	BinaryData/Client/MD02_003_05St11e.bin	340
reimagine	client	BinaryData/Client/MD02_003_05St12.bin	388
reimagine	client	BinaryData/Client/MD02_003_05St12e.bin	292
reimagine	client	BinaryData/Client/MD02_003_05St13.bin	340
reimagine	client	BinaryData/Client/MD02_003_05St14.bin	340
reimagine	client	BinaryData/Client/MD02_003_05St15.bin	388
reimagine	client	BinaryData/Client/MD02_003_05St16.bin	340
reimagine	client	BinaryData/Client/MD02_003_05St17.bin	340
reimagine	client	BinaryData/Client/MD02_003_05St18.bin	388
reimagine	client	BinaryData/Client/MD02_003_05St19.bin	340
reimagine	client	BinaryData/Client/MD02_003_05St20.bin	340
reimagine	client	BinaryData/Client/MD02_003_05St21.bin	388
reimagine	client	BinaryData/Client/MD02_003_05St22.bin	340
reimagine	client	BinaryData/Client/MD02_003_05St23.bin	340
reimagine	client	BinaryData/Client/MD02_003_05St24.bin	388
reimagine	client	BinaryData/Client/MD02_003_05St25.bin	340
reimagine	client	BinaryData/Client/MD02_003_05St26.bin	340
reimagine	client	BinaryData/Client/MD02_003_05St27.bin	340
reimagine	client	BinaryData/Client/MD02_003_05St28b.bin	676
reimagine	client	BinaryData/Client/MD02_003_05St28.bin	340
reimagine	client	BinaryData/Client/MD02_003_05St29b.bin	676
reimagine	client	BinaryData/Client/MD02_003_05St29.bin	340
reimagine	client	BinaryData/Client/MD02_003_05St30b.bin	724
reimagine	client	BinaryData/Client/MD02_003_05St30.bin	388
reimagine	client	BinaryData/Client/MD02_003_05St31b.bin	676
reimagine	client	BinaryData/Client/MD02_003_05St31.bin	340
reimagine	client	BinaryData/Client/MD02_003_05St32b.bin	676
reimagine	client	BinaryData/Client/MD02_003_05St32.bin	340
reimagine	client	BinaryData/Client/MD02_003_05St33b.bin	724
reimagine	client	BinaryData/Client/MD02_003_05St33.bin	388
reimagine	client	BinaryData/Client/MD02_003_05St34b.bin	676
reimagine	client	BinaryData/Client/MD02_003_05St34.bin	436
reimagine	client	BinaryData/Client/MD02_003_05St35b.bin	676
reimagine	client	BinaryData/Client/MD02_003_05St35.bin	340
reimagine	client	BinaryData/Client/MD02_003_05St36b.bin	724
reimagine	client	BinaryData/Client/MD02_003_05St36.bin	388
reimagine	client	BinaryData/Client/MD02_003_05St37.bin	340
reimagine	client	BinaryData/Client/MD02_003_05St38.bin	532
reimagine	client	BinaryData/Client/MD02_003_05St39.bin	724
reimagine	client	BinaryData/Client/MD02_003_05St40.bin	340
reimagine	client	BinaryData/Client/MD02_003_05St40c.bin	244
reimagine	client	BinaryData/Client/MD02_003_05St41.bin	340
reimagine	client	BinaryData/Client/MD02_003_05St41c.bin	244
reimagine	client	BinaryData/Client/MD02_003_05St42.bin	484
reimagine	client	BinaryData/Client/MD02_003_05St42c.bin	292
reimagine	client	BinaryData/Client/MD02_003_05St43b.bin	340
reimagine	client	BinaryData/Client/MD02_003_05St43.bin	340
reimagine	client	BinaryData/Client/MD02_003_05St43c.bin	244
reimagine	client	BinaryData/Client/MD02_003_05St44b.bin	340
reimagine	client	BinaryData/Client/MD02_003_05St44.bin	340
reimagine	client	BinaryData/Client/MD02_003_05St44c.bin	244
reimagine	client	BinaryData/Client/MD02_003_05St45b.bin	292
reimagine	client	BinaryData/Client/MD02_003_05St45.bin	292
reimagine	client	BinaryData/Client/MD02_003_05St45c.bin	292
reimagine	client	BinaryData/Client/MD02_003_05St46b.bin	340
reimagine	client	BinaryData/Client/MD02_003_05St46.bin	340
reimagine	client	BinaryData/Client/MD02_003_05St46c.bin	244
reimagine	client	BinaryData/Client/MD02_003_05St47b.bin	340
reimagine	client	BinaryData/Client/MD02_003_05St47.bin	340
reimagine	client	BinaryData/Client/MD02_003_05St47c.bin	244
reimagine	client	BinaryData/Client/MD02_003_05St48b.bin	292
reimagine	client	BinaryData/Client/MD02_003_05St48.bin	292
reimagine	client	BinaryData/Client/MD02_003_05St48c.bin	292
reimagine	client	BinaryData/Client/MD02_003_05St49b.bin	340
reimagine	client	BinaryData/Client/MD02_003_05St49.bin	340
reimagine	client	BinaryData/Client/MD02_003_05St49c.bin	244
reimagine	client	BinaryData/Client/MD02_003_05St50b.bin	340
reimagine	client	BinaryData/Client/MD02_003_05St50.bin	340
reimagine	client	BinaryData/Client/MD02_003_05St50c.bin	244
reimagine	client	BinaryData/Client/MD02_003_05St51b.bin	292
reimagine	client	BinaryData/Client/MD02_003_05St51.bin	292
reimagine	client	BinaryData/Client/MD02_003_05St51c.bin	292
reimagine	client	BinaryData/Client/MD02_003_05St52.bin	340
reimagine	client	BinaryData/Client/MD02_003_05St53.bin	340
reimagine	client	BinaryData/Client/MD02_003_05St54.bin	5524
reimagine	client	BinaryData/Client/MD02_003_05St55b.bin	340
reimagine	client	BinaryData/Client/MD02_003_05St55.bin	340
reimagine	client	BinaryData/Client/MD02_003_05St55e.bin	772
reimagine	client	BinaryData/Client/MD02_003_05St56b.bin	388
reimagine	client	BinaryData/Client/MD02_003_05St56.bin	388
reimagine	client	BinaryData/Client/MD02_003_05St56e.bin	964
reimagine	client	BinaryData/Client/MD02_003_05St57b.bin	340
reimagine	client	BinaryData/Client/MD02_003_05St57.bin	340
reimagine	client	BinaryData/Client/MD02_003_05St58b.bin	388
reimagine	client	BinaryData/Client/MD02_003_05St58.bin	388
reimagine	client	BinaryData/Client/MD02_003_05St59b.bin	340
reimagine	client	BinaryData/Client/MD02_003_05St59.bin	340
reimagine	client	BinaryData/Client/MD02_003_05St60b.bin	388
reimagine	client	BinaryData/Client/MD02_003_05St60.bin	292
reimagine	client	BinaryData/Client/MD02_003_05St61b.bin	340
reimagine	client	BinaryData/Client/MD02_003_05St61.bin	340
reimagine	client	BinaryData/Client/MD02_003_05St62b.bin	388
reimagine	client	BinaryData/Client/MD02_003_05St62.bin	340
reimagine	client	BinaryData/Client/MD02_003_05St63b.bin	340
reimagine	client	BinaryData/Client/MD02_003_05St63.bin	340
reimagine	client	BinaryData/Client/MD02_003_05St64b.bin	388
reimagine	client	BinaryData/Client/MD02_003_05St64.bin	292
reimagine	client	BinaryData/Client/MD02_003_05St65b.bin	340
reimagine	client	BinaryData/Client/MD02_003_05St65.bin	340
reimagine	client	BinaryData/Client/MD02_003_05St66b.bin	388
reimagine	client	BinaryData/Client/MD02_003_05St66.bin	388
reimagine	client	BinaryData/Client/MD02_003_05St67b.bin	340
reimagine	client	BinaryData/Client/MD02_003_05St67.bin	340
reimagine	client	BinaryData/Client/MD02_003_05St68b.bin	388
reimagine	client	BinaryData/Client/MD02_003_05St68.bin	388
reimagine	client	BinaryData/Client/MD02_003_05St69b.bin	340
reimagine	client	BinaryData/Client/MD02_003_05St69.bin	340
reimagine	client	BinaryData/Client/MD02_003_05St70b.bin	388
reimagine	client	BinaryData/Client/MD02_003_05St70.bin	388
reimagine	client	BinaryData/Client/MD02_003_05St71b.bin	340
reimagine	client	BinaryData/Client/MD02_003_05St72b.bin	388
reimagine	client	BinaryData/Client/MD02_003_05_stevenMO_28_54B.bin	628
reimagine	client	BinaryData/Client/MD02_003_05_stevenMO_71_90B.bin	484
reimagine	client	BinaryData/Client/MD02_004_01_a20.bin	244
reimagine	client	BinaryData/Client/MD02_004_01.bin	196
reimagine	client	BinaryData/Client/MD02_004_02.bin	244
reimagine	client	BinaryData/Client/MD02_005_01_a20.bin	244
reimagine	client	BinaryData/Client/MD02_005_01.bin	1012
reimagine	client	BinaryData/Client/MD02_005_02.bin	244
reimagine	client	BinaryData/Client/MD02_006_01_a19.bin	388
reimagine	client	BinaryData/Client/MD02_006_02.bin	388
reimagine	client	BinaryData/Client/MD02_006_03_a19.bin	244
reimagine	client	BinaryData/Client/MD02_006_03_a20.bin	340
reimagine	client	BinaryData/Client/MD02_006_04_a20.bin	724
reimagine	client	BinaryData/Client/MD02_007_01.bin	196
reimagine	client	BinaryData/Client/MD02_007_02.bin	196
reimagine	client	BinaryData/Client/MD02_007_03.bin	196
reimagine	client	BinaryData/Client/MD02_008_01.bin	580
reimagine	client	BinaryData/Client/MD02_008_02s08.bin	244
reimagine	client	BinaryData/Client/MD02_008_02u08.bin	244
reimagine	client	BinaryData/Client/MD02_008_03s01.bin	340
reimagine	client	BinaryData/Client/MD02_008_03s03.bin	340
reimagine	client	BinaryData/Client/MD02_008_03s05.bin	340
reimagine	client	BinaryData/Client/MD02_008_03sugi.bin	196
reimagine	client	BinaryData/Client/MD02_008_03u01.bin	340
reimagine	client	BinaryData/Client/MD02_008_03u03.bin	340
reimagine	client	BinaryData/Client/MD02_008_03u05.bin	340
reimagine	client	BinaryData/Client/MD02_008_04s02.bin	196
reimagine	client	BinaryData/Client/MD02_008_04s04.bin	196
reimagine	client	BinaryData/Client/MD02_008_04s06.bin	196
reimagine	client	BinaryData/Client/MD02_008_04u02.bin	196
reimagine	client	BinaryData/Client/MD02_008_04u04.bin	196
reimagine	client	BinaryData/Client/MD02_008_04u06.bin	196
reimagine	client	BinaryData/Client/MD02_008_05s07.bin	340
reimagine	client	BinaryData/Client/MD02_008_05u07.bin	340
reimagine	client	BinaryData/Client/MD02_009_01u01.bin	196
reimagine	client	BinaryData/Client/MD02_009_01u02.bin	244
reimagine	client	BinaryData/Client/MD02_009_01u03.bin	196
reimagine	client	BinaryData/Client/MD02_009_01u04.bin	244
reimagine	client	BinaryData/Client/MD02_009_02d01.bin	148
reimagine	client	BinaryData/Client/MD02_009_02d02.bin	196
reimagine	client	BinaryData/Client/MD02_009_02d04.bin	292
reimagine	client	BinaryData/Client/MD02_010_01_a20.bin	244
reimagine	client	BinaryData/Client/MD02_010_01a.bin	340
reimagine	client	BinaryData/Client/MD02_010_01b.bin	292
reimagine	client	BinaryData/Client/MD02_010_02.bin	340
reimagine	client	BinaryData/Client/MD02_011_01.bin	388
reimagine	client	BinaryData/Client/MD02_011_02_2012whiteday.bin	436
reimagine	client	BinaryData/Client/MD02_011_02a.bin	1828
reimagine	client	BinaryData/Client/MD02_011_02b.bin	868
reimagine	client	BinaryData/Client/MD02_011_02c.bin	868
reimagine	client	BinaryData/Client/MD02_011_02d.bin	868
reimagine	client	BinaryData/Client/MD02_011_02_NY.bin	196
reimagine	client	BinaryData/Client/MD02_011_03a.bin	1540
reimagine	client	BinaryData/Client/MD02_011_03b.bin	1540
reimagine	client	BinaryData/Client/MD02_011_03c.bin	1540
reimagine	client	BinaryData/Client/MD02_011_03d.bin	1636
reimagine	client	BinaryData/Client/MD02_011_04a.bin	1396
reimagine	client	BinaryData/Client/MD02_011_04b.bin	1396
reimagine	client	BinaryData/Client/MD02_011_04c.bin	1396
reimagine	client	BinaryData/Client/MD02_011_04d.bin	1636
reimagine	client	BinaryData/Client/MD02_012_01_2012Summer.bin	244
reimagine	client	BinaryData/Client/MD02_012_01.bin	196
reimagine	client	BinaryData/Client/MD02_015_01_2012newyear.bin	484
reimagine	client	BinaryData/Client/MD02_015_01_2012whiteday.bin	484
reimagine	client	BinaryData/Client/MD02_015_01_2013newyear.bin	148
reimagine	client	BinaryData/Client/MD02_015_01_2013summur.bin	484
reimagine	client	BinaryData/Client/MD02_015_02_2012XmasB.bin	388
reimagine	client	BinaryData/Client/MD02_015_02_2012XmasMMO.bin	148
reimagine	client	BinaryData/Client/MD02_015_02_2012XmasP.bin	1828
reimagine	client	BinaryData/Client/MD02_015_02_AliceForest.bin	436
reimagine	client	BinaryData/Client/MD02_015_02_NakanoForest2.bin	436
reimagine	client	BinaryData/Client/MD02_015_02_NakanoForest3.bin	1060
reimagine	client	BinaryData/Client/MD02_015_02_Nakanoforest.bin	244
reimagine	client	BinaryData/Client/MD02_015_02_SukahaForest3.bin	436
reimagine	client	BinaryData/Client/MD02_016_01_5Anniversary.bin	1108
reimagine	client	BinaryData/Client/MD02_016_01_6anniversary_01.bin	1252
reimagine	client	BinaryData/Client/MD02_016_01_6anniversary_04.bin	1108
reimagine	client	BinaryData/Client/MD02_016_01_6anniversary_06.bin	1156
reimagine	client	BinaryData/Client/MD02_016_01_6anniversary_08.bin	1108
reimagine	client	BinaryData/Client/MD02_017_01_Shina_iceMO_Boss.bin	1156
reimagine	client	BinaryData/Client/MD02_017_01_Shina_iceMO_R.bin	484
reimagine	client	BinaryData/Client/MD02_017_02_Shina_iceMO_out.bin	1588
reimagine	client	BinaryData/Client/MD02_017_03_Shina_iceMO_1.bin	724
reimagine	client	BinaryData/Client/MD02_017_04_Shina_iceMO_2.bin	532
reimagine	client	BinaryData/Client/MD02_018_01_pentalpha_robby.bin	724
reimagine	client	BinaryData/Client/MD02_018_02_pentalphaMO.bin	1396
reimagine	client	BinaryData/Client/MD02_023_01_6anniversary_09.bin	1108
reimagine	client	BinaryData/Client/MD02_025_01_Boubaku_robby.bin	292
reimagine	client	BinaryData/Client/MD02_025_04_Douketsu.bin	148
reimagine	client	BinaryData/Client/MD03_001_01.bin	868
reimagine	client	BinaryData/Client/MD03_001_02_2013VDevent_1.bin	772
reimagine	client	BinaryData/Client/MD03_001_02.bin	196
reimagine	client	BinaryData/Client/MD03_001_02c01.bin	580
reimagine	client	BinaryData/Client/MD03_001_02c02.bin	580
reimagine	client	BinaryData/Client/MD03_001_02c03.bin	580
reimagine	client	BinaryData/Client/MD03_001_02_DailyMissionSugi.bin	772
reimagine	client	BinaryData/Client/MD03_001_02g01.bin	724
reimagine	client	BinaryData/Client/MD03_001_02g02.bin	724
reimagine	client	BinaryData/Client/MD03_001_02q01.bin	532
reimagine	client	BinaryData/Client/MD03_001_02q02.bin	436
reimagine	client	BinaryData/Client/MD03_001_02q03.bin	436
reimagine	client	BinaryData/Client/MD03_001_02q04.bin	436
reimagine	client	BinaryData/Client/MD03_001_02s01.bin	580
reimagine	client	BinaryData/Client/MD03_001_02s02.bin	580
reimagine	client	BinaryData/Client/MD03_001_02s03.bin	580
reimagine	client	BinaryData/Client/MD03_001_03.bin	196
reimagine	client	BinaryData/Client/MD03_001_03e01.bin	436
reimagine	client	BinaryData/Client/MD03_001_03e02.bin	484
reimagine	client	BinaryData/Client/MD03_001_04.bin	2740
reimagine	client	BinaryData/Client/MD03_001_04c03.bin	3892
reimagine	client	BinaryData/Client/MD03_001_04e01.bin	3316
reimagine	client	BinaryData/Client/MD03_001_04e02.bin	1636
reimagine	client	BinaryData/Client/MD03_001_04g01.bin	3748
reimagine	client	BinaryData/Client/MD03_001_04s02.bin	3316
reimagine	client	BinaryData/Client/MD03_001_05.bin	2644
reimagine	client	BinaryData/Client/MD03_001_05c01.bin	3796
reimagine	client	BinaryData/Client/MD03_001_05c02.bin	3556
reimagine	client	BinaryData/Client/MD03_001_05e01.bin	3124
reimagine	client	BinaryData/Client/MD03_001_05g01.bin	4756
reimagine	client	BinaryData/Client/MD03_001_05g02.bin	4756
reimagine	client	BinaryData/Client/MD03_001_05s01.bin	3076
reimagine	client	BinaryData/Client/MD03_001_05s03.bin	3124
reimagine	client	BinaryData/Client/MD03_001_06.bin	2500
reimagine	client	BinaryData/Client/MD03_001_06c02.bin	3316
reimagine	client	BinaryData/Client/MD03_001_06e01.bin	2404
reimagine	client	BinaryData/Client/MD03_001_06e02.bin	1492
reimagine	client	BinaryData/Client/MD03_001_06g01.bin	3508
reimagine	client	BinaryData/Client/MD03_001_06g02.bin	3508
reimagine	client	BinaryData/Client/MD03_001_06s01.bin	2404
reimagine	client	BinaryData/Client/MD03_001_06s02.bin	2404
reimagine	client	BinaryData/Client/MD03_001_07.bin	2356
reimagine	client	BinaryData/Client/MD03_001_07c03.bin	3652
reimagine	client	BinaryData/Client/MD03_001_07e01.bin	3364
reimagine	client	BinaryData/Client/MD03_001_07g01.bin	5908
reimagine	client	BinaryData/Client/MD03_001_07g02.bin	5908
reimagine	client	BinaryData/Client/MD03_001_07s01.bin	3412
reimagine	client	BinaryData/Client/MD03_001_07s03.bin	3364
reimagine	client	BinaryData/Client/MD03_001_08.bin	3124
reimagine	client	BinaryData/Client/MD03_001_08c01.bin	4612
reimagine	client	BinaryData/Client/MD03_001_08e01.bin	3940
reimagine	client	BinaryData/Client/MD03_001_08g02.bin	4804
reimagine	client	BinaryData/Client/MD03_001_08s02.bin	4132
reimagine	client	BinaryData/Client/MD03_001_08s03.bin	4084
reimagine	client	BinaryData/Client/MD03_001_09c01.bin	388
reimagine	client	BinaryData/Client/MD03_001_09c02.bin	388
reimagine	client	BinaryData/Client/MD03_001_09c03.bin	388
reimagine	client	BinaryData/Client/MD03_001_09e02.bin	340
reimagine	client	BinaryData/Client/MD03_001_09g01.bin	772
reimagine	client	BinaryData/Client/MD03_001_09g02.bin	772
reimagine	client	BinaryData/Client/MD03_001_09s01.bin	340
reimagine	client	BinaryData/Client/MD03_001_09s02.bin	340
reimagine	client	BinaryData/Client/MD03_001_09s03.bin	340
reimagine	client	BinaryData/Client/MD03_002_01.bin	820
reimagine	client	BinaryData/Client/MD03_002_02_2013VDevent_3.bin	868
reimagine	client	BinaryData/Client/MD03_002_02.bin	292
reimagine	client	BinaryData/Client/MD03_002_02c01.bin	868
reimagine	client	BinaryData/Client/MD03_002_02c02.bin	868
reimagine	client	BinaryData/Client/MD03_002_02c03.bin	868
reimagine	client	BinaryData/Client/MD03_002_02_DailyMissionSeru.bin	868
reimagine	client	BinaryData/Client/MD03_002_02_JuneBride.bin	916
reimagine	client	BinaryData/Client/MD03_002_02_JuneBrideMO.bin	484
reimagine	client	BinaryData/Client/MD03_002_02s01.bin	868
reimagine	client	BinaryData/Client/MD03_002_02s02.bin	868
reimagine	client	BinaryData/Client/MD03_002_02s03.bin	868
reimagine	client	BinaryData/Client/MD03_002_03.bin	148
reimagine	client	BinaryData/Client/MD03_002_03e01.bin	580
reimagine	client	BinaryData/Client/MD03_002_03g01.bin	868
reimagine	client	BinaryData/Client/MD03_002_03g03.bin	868
reimagine	client	BinaryData/Client/MD03_002_03g05.bin	868
reimagine	client	BinaryData/Client/MD03_002_04.bin	2644
reimagine	client	BinaryData/Client/MD03_002_04c01.bin	2740
reimagine	client	BinaryData/Client/MD03_002_04g01.bin	2932
reimagine	client	BinaryData/Client/MD03_002_04g03.bin	2884
reimagine	client	BinaryData/Client/MD03_002_04g05.bin	2884
reimagine	client	BinaryData/Client/MD03_002_04s02.bin	2692
reimagine	client	BinaryData/Client/MD03_002_04_uk01.bin	2740
reimagine	client	BinaryData/Client/MD03_002_05.bin	2692
reimagine	client	BinaryData/Client/MD03_002_05c01.bin	3652
reimagine	client	BinaryData/Client/MD03_002_05g01.bin	3220
reimagine	client	BinaryData/Client/MD03_002_05g03.bin	3220
reimagine	client	BinaryData/Client/MD03_002_05g05.bin	3220
reimagine	client	BinaryData/Client/MD03_002_05s01.bin	3652
reimagine	client	BinaryData/Client/MD03_002_05s03.bin	3652
reimagine	client	BinaryData/Client/MD03_002_06.bin	3748
reimagine	client	BinaryData/Client/MD03_002_06c02.bin	4900
reimagine	client	BinaryData/Client/MD03_002_06g01.bin	4036
reimagine	client	BinaryData/Client/MD03_002_06g03.bin	4036
reimagine	client	BinaryData/Client/MD03_002_06g05.bin	4036
reimagine	client	BinaryData/Client/MD03_002_06s01.bin	4852
reimagine	client	BinaryData/Client/MD03_002_07.bin	3124
reimagine	client	BinaryData/Client/MD03_002_07c02.bin	4564
reimagine	client	BinaryData/Client/MD03_002_07g01.bin	4036
reimagine	client	BinaryData/Client/MD03_002_07g03.bin	4036
reimagine	client	BinaryData/Client/MD03_002_07g05.bin	4084
reimagine	client	BinaryData/Client/MD03_002_07s02.bin	4564
reimagine	client	BinaryData/Client/MD03_002_07s03.bin	4612
reimagine	client	BinaryData/Client/MD03_002_08.bin	3556
reimagine	client	BinaryData/Client/MD03_002_08c03.bin	4228
reimagine	client	BinaryData/Client/MD03_002_08g01.bin	4564
reimagine	client	BinaryData/Client/MD03_002_08g03.bin	4420
reimagine	client	BinaryData/Client/MD03_002_08g05.bin	4564
reimagine	client	BinaryData/Client/MD03_002_08s02.bin	4228
reimagine	client	BinaryData/Client/MD03_002_09.bin	3316
reimagine	client	BinaryData/Client/MD03_002_09c03.bin	4708
reimagine	client	BinaryData/Client/MD03_002_09e01.bin	1780
reimagine	client	BinaryData/Client/MD03_002_09g01.bin	3844
reimagine	client	BinaryData/Client/MD03_002_09g03.bin	3844
reimagine	client	BinaryData/Client/MD03_002_09g05.bin	3844
reimagine	client	BinaryData/Client/MD03_002_09s01.bin	4756
reimagine	client	BinaryData/Client/MD03_002_09s03.bin	4708
reimagine	client	BinaryData/Client/MD03_002_10.bin	196
reimagine	client	BinaryData/Client/MD03_002_10c01.bin	340
reimagine	client	BinaryData/Client/MD03_002_10c02.bin	340
reimagine	client	BinaryData/Client/MD03_002_10c03.bin	340
reimagine	client	BinaryData/Client/MD03_002_10g01.bin	340
reimagine	client	BinaryData/Client/MD03_002_10g03.bin	340
reimagine	client	BinaryData/Client/MD03_002_10g05.bin	340
reimagine	client	BinaryData/Client/MD03_002_10s01.bin	340
reimagine	client	BinaryData/Client/MD03_002_10s02.bin	340
reimagine	client	BinaryData/Client/MD03_002_10s03.bin	340
reimagine	client	BinaryData/Client/MD03_002_11_2011xmasMMO.bin	916
reimagine	client	BinaryData/Client/MD03_002_11_2011xmasMO.bin	628
reimagine	client	BinaryData/Client/MD03_002_11.bin	3892
reimagine	client	BinaryData/Client/MD03_002_12.bin	388
reimagine	client	BinaryData/Client/MD03_003_01_2nd.bin	436
reimagine	client	BinaryData/Client/MD03_003_01.bin	916
reimagine	client	BinaryData/Client/MD03_003_02_6anniversary_02.bin	1012
reimagine	client	BinaryData/Client/MD03_003_02_6anniversary_03.bin	1204
reimagine	client	BinaryData/Client/MD03_003_02_6anniversary_05.bin	1300
reimagine	client	BinaryData/Client/MD03_003_02_6anniversary_07.bin	1060
reimagine	client	BinaryData/Client/MD03_003_02_act18_1.bin	196
reimagine	client	BinaryData/Client/MD03_003_02_act18_2.bin	196
reimagine	client	BinaryData/Client/MD03_003_02_coc1.bin	436
reimagine	client	BinaryData/Client/MD03_003_02_DailyMissionRare.bin	916
reimagine	client	BinaryData/Client/MD03_003_02_EV1.bin	388
reimagine	client	BinaryData/Client/MD03_003_02_EV2.bin	436
reimagine	client	BinaryData/Client/MD03_003_02_EV3.bin	388
reimagine	client	BinaryData/Client/MD03_003_02_EV4.bin	916
reimagine	client	BinaryData/Client/MD03_003_02_EV5.bin	964
reimagine	client	BinaryData/Client/MD03_003_02_NTA.bin	628
reimagine	client	BinaryData/Client/MD03_003_02_NTB.bin	772
reimagine	client	BinaryData/Client/MD03_003_02_NTC.bin	820
reimagine	client	BinaryData/Client/MD03_003_02_NTD.bin	820
reimagine	client	BinaryData/Client/MD03_003_02_NTE.bin	820
reimagine	client	BinaryData/Client/MD03_003_02_NTF.bin	772
reimagine	client	BinaryData/Client/MD03_003_02_NTsuper.bin	724
reimagine	client	BinaryData/Client/MD03_003_02r.bin	436
reimagine	client	BinaryData/Client/MD03_003_02_si.bin	724
reimagine	client	BinaryData/Client/MD03_003_02_vi.bin	676
reimagine	client	BinaryData/Client/MD03_003_04.bin	1252
reimagine	client	BinaryData/Client/MD03_003_05.bin	1252
reimagine	client	BinaryData/Client/MD03_003_06.bin	1060
reimagine	client	BinaryData/Client/MD03_003_07.bin	1156
reimagine	client	BinaryData/Client/MD03_003_08.bin	1204
reimagine	client	BinaryData/Client/MD03_003_09.bin	1156
reimagine	client	BinaryData/Client/MD03_003_10.bin	1732
reimagine	client	BinaryData/Client/MD03_003_11.bin	1828
reimagine	client	BinaryData/Client/MD03_003_12.bin	580
reimagine	client	BinaryData/Client/MD03_003_13.bin	580
reimagine	client	BinaryData/Client/MD03_003_14.bin	580
reimagine	client	BinaryData/Client/MD03_005_01.bin	628
reimagine	client	BinaryData/Client/MD03_005_02_2013VDevent_2.bin	1156
reimagine	client	BinaryData/Client/MD03_005_02_BronzB.bin	1060
reimagine	client	BinaryData/Client/MD03_005_02_DailyMissionNaka.bin	1156
reimagine	client	BinaryData/Client/MD03_005_02_GoldB.bin	1156
reimagine	client	BinaryData/Client/MD03_005_02_SilveBoss.bin	1060
reimagine	client	BinaryData/Client/MD03_005_04_Bronz1.bin	6532
reimagine	client	BinaryData/Client/MD03_005_04_Silve1B.bin	5284
reimagine	client	BinaryData/Client/MD03_005_04_Silve1.bin	5668
reimagine	client	BinaryData/Client/MD03_005_05_Silve2.bin	7300
reimagine	client	BinaryData/Client/MD03_005_06_Bronz3.bin	5716
reimagine	client	BinaryData/Client/MD03_005_06_Bronz4.bin	5476
reimagine	client	BinaryData/Client/MD03_005_06_Silve3.bin	6484
reimagine	client	BinaryData/Client/MD03_005_07_Silve4B.bin	5860
reimagine	client	BinaryData/Client/MD03_005_08_BronzS.bin	340
reimagine	client	BinaryData/Client/MD03_005_08_SilveShop.bin	340
reimagine	client	BinaryData/Client/MD03_005_09_Silve5.bin	5812
reimagine	client	BinaryData/Client/MD03_005_13_Gold2.bin	5908
reimagine	client	BinaryData/Client/MD03_005_14_Gold3.bin	6484
reimagine	client	BinaryData/Client/MD03_005_15_Gold4.bin	5188
reimagine	client	BinaryData/Client/MD03_005_16_Gold5.bin	5812
reimagine	client	BinaryData/Client/MD03_005_17_Gold1.bin	14452
reimagine	client	BinaryData/Client/MD03_006_01.bin	820
reimagine	client	BinaryData/Client/MD03_006_02_2012Summer2.bin	244
reimagine	client	BinaryData/Client/MD03_006_02_2012Summer.bin	244
reimagine	client	BinaryData/Client/MD03_006_02c01.bin	1396
reimagine	client	BinaryData/Client/MD03_006_02c02.bin	1396
reimagine	client	BinaryData/Client/MD03_006_02c03.bin	1396
reimagine	client	BinaryData/Client/MD03_006_02_DailyMissionOtu.bin	1540
reimagine	client	BinaryData/Client/MD03_006_02g01.bin	1492
reimagine	client	BinaryData/Client/MD03_006_02s01.bin	820
reimagine	client	BinaryData/Client/MD03_006_04c01.bin	3988
reimagine	client	BinaryData/Client/MD03_006_04c02.bin	3988
reimagine	client	BinaryData/Client/MD03_006_06c02.bin	4084
reimagine	client	BinaryData/Client/MD03_006_06c03.bin	4084
reimagine	client	BinaryData/Client/MD03_006_07c01.bin	4372
reimagine	client	BinaryData/Client/MD03_006_07c02.bin	4372
reimagine	client	BinaryData/Client/MD03_006_07c03.bin	4420
reimagine	client	BinaryData/Client/MD03_006_08c01.bin	6244
reimagine	client	BinaryData/Client/MD03_006_08c03.bin	6196
reimagine	client	BinaryData/Client/MD03_006_08s01.bin	5188
reimagine	client	BinaryData/Client/MD03_006_10g01.bin	2740
reimagine	client	BinaryData/Client/MD03_006_11g01.bin	3364
reimagine	client	BinaryData/Client/MD03_006_12g01.bin	3412
reimagine	client	BinaryData/Client/MD03_006_13g01.bin	3268
reimagine	client	BinaryData/Client/MD03_006_14g01.bin	5332
reimagine	client	BinaryData/Client/MD03_006_14s01.bin	6340
reimagine	client	BinaryData/Client/MD03_009_01.bin	580
reimagine	client	BinaryData/Client/MD03_009_02_2012Summer2.bin	244
reimagine	client	BinaryData/Client/MD03_009_02_2012Summer.bin	244
reimagine	client	BinaryData/Client/MD03_009_02.bin	436
reimagine	client	BinaryData/Client/MD03_009_02c01.bin	484
reimagine	client	BinaryData/Client/MD03_009_02c02.bin	484
reimagine	client	BinaryData/Client/MD03_009_02c03.bin	484
reimagine	client	BinaryData/Client/MD03_009_02_DailyMissionKagu.bin	820
reimagine	client	BinaryData/Client/MD03_009_02_SuzakuGold.bin	724
reimagine	client	BinaryData/Client/MD03_009_04c01.bin	4132
reimagine	client	BinaryData/Client/MD03_009_05c02.bin	3556
reimagine	client	BinaryData/Client/MD03_009_05_uk03.bin	3460
reimagine	client	BinaryData/Client/MD03_009_05_uk04.bin	2932
reimagine	client	BinaryData/Client/MD03_009_05_uk05.bin	6148
reimagine	client	BinaryData/Client/MD03_009_05_uk06.bin	2644
reimagine	client	BinaryData/Client/MD03_009_05_uk07.bin	1012
reimagine	client	BinaryData/Client/MD03_009_06c03.bin	4804
reimagine	client	BinaryData/Client/MD03_009_07c01.bin	4852
reimagine	client	BinaryData/Client/MD03_009_07c02.bin	4852
reimagine	client	BinaryData/Client/MD03_009_07c03.bin	4852
reimagine	client	BinaryData/Client/MD03_009_10_SuzakuGold.bin	5860
reimagine	client	BinaryData/Client/MD03_009_11_SuzakuGold.bin	10324
reimagine	client	BinaryData/Client/MD03_009_12_SuzakuGold.bin	1876
reimagine	client	BinaryData/Client/MD03_009_13_SuzakuGold.bin	724
reimagine	client	BinaryData/Client/MD03_009_14_SuzakuGold.bin	628
reimagine	client	BinaryData/Client/MD03_010_01.bin	628
reimagine	client	BinaryData/Client/MD03_010_02c01.bin	724
reimagine	client	BinaryData/Client/MD03_010_02c02.bin	724
reimagine	client	BinaryData/Client/MD03_010_02c03.bin	2740
reimagine	client	BinaryData/Client/MD03_010_02_DailyMissionSina.bin	1060
reimagine	client	BinaryData/Client/MD03_010_02_G7.bin	2020
reimagine	client	BinaryData/Client/MD03_010_04c01.bin	4564
reimagine	client	BinaryData/Client/MD03_010_04c03.bin	6244
reimagine	client	BinaryData/Client/MD03_010_05c02.bin	4276
reimagine	client	BinaryData/Client/MD03_010_05c03.bin	5860
reimagine	client	BinaryData/Client/MD03_010_06c01.bin	4804
reimagine	client	BinaryData/Client/MD03_010_06c02.bin	4756
reimagine	client	BinaryData/Client/MD03_010_06c03.bin	7060
reimagine	client	BinaryData/Client/MD03_010_06_uk02.bin	4996
reimagine	client	BinaryData/Client/MD03_010_08c01.bin	340
reimagine	client	BinaryData/Client/MD03_010_08c02.bin	340
reimagine	client	BinaryData/Client/MD03_010_08c03.bin	340
reimagine	client	BinaryData/Client/MD03_010_09_G1.bin	2788
reimagine	client	BinaryData/Client/MD03_010_10_G2.bin	6388
reimagine	client	BinaryData/Client/MD03_010_11_G3.bin	6292
reimagine	client	BinaryData/Client/MD03_010_12_G4.bin	7540
reimagine	client	BinaryData/Client/MD03_010_13_G5.bin	5908
reimagine	client	BinaryData/Client/MD03_010_14_G6.bin	16276
reimagine	client	BinaryData/Client/MD_9980001debug.bin	52
reimagine	client	BinaryData/Client/MD_9999901debug.bin	1972
reimagine	client	BinaryData/Client/ME01_001_01.bin	1108
reimagine	client	BinaryData/Client/ME01_002_01.bin	1012
reimagine	client	BinaryData/Client/ME01_002_02.bin	196
reimagine	client	BinaryData/Client/ME01_003_01.bin	244
reimagine	client	BinaryData/Client/ME01_004_01.bin	244
reimagine	client	BinaryData/Client/ME01_005_01_ACT.bin	340
reimagine	client	BinaryData/Client/ME01_006_01.bin	4228
reimagine	client	BinaryData/Client/ME01_006_02.bin	292
reimagine	client	BinaryData/Client/ME01_006_03a.bin	1540
reimagine	client	BinaryData/Client/ME01_006_03b.bin	1540
reimagine	client	BinaryData/Client/ME01_006_03.bin	100
reimagine	client	BinaryData/Client/ME01_006_03c.bin	1540
reimagine	client	BinaryData/Client/ME01_006_03d.bin	1540
reimagine	client	BinaryData/Client/ME01_006_03_SecretRoom.bin	868
reimagine	client	BinaryData/Client/ME01_006_03UBCC_01.bin	1060
reimagine	client	BinaryData/Client/ME01_006_03UBCC_02.bin	484
reimagine	client	BinaryData/Client/ME01_006_04.bin	388
reimagine	client	BinaryData/Client/ME01_006_05.bin	5188
reimagine	client	BinaryData/Client/ME01_007_01a.bin	244
reimagine	client	BinaryData/Client/ME01_007_01b.bin	244
reimagine	client	BinaryData/Client/MF01_001_01.bin	9700
reimagine	client	BinaryData/Client/MF01_002_01_2nd.bin	532
reimagine	client	BinaryData/Client/MF01_002_01.bin	15172
reimagine	client	BinaryData/Client/MF01_002_01_VF.bin	3988
reimagine	client	BinaryData/Client/MF01_002_02.bin	916
reimagine	client	BinaryData/Client/MF01_003_01_2nd.bin	388
reimagine	client	BinaryData/Client/MF01_003_01.bin	12916
reimagine	client	BinaryData/Client/MF01_004_01_2nd.bin	388
reimagine	client	BinaryData/Client/MF01_004_01.bin	13300
reimagine	client	BinaryData/Client/MF01_004_02_BoxMission_A1.bin	2116
reimagine	client	BinaryData/Client/MF01_004_02_BoxMission_A2.bin	2116
reimagine	client	BinaryData/Client/MF01_004_02_BoxMission_A3.bin	2116
reimagine	client	BinaryData/Client/MF01_004_02_BoxMission_B.bin	196
reimagine	client	BinaryData/Client/MF01_004_02_HongoCOC8.bin	340
reimagine	client	BinaryData/Client/MF01_005_01.bin	17332
reimagine	client	BinaryData/Client/MF01_006_01.bin	18484
reimagine	client	BinaryData/Client/MF01_007_01_2012Summer2.bin	244
reimagine	client	BinaryData/Client/MF01_007_01_2012Summer.bin	244
reimagine	client	BinaryData/Client/MF01_007_01_2nd.bin	628
reimagine	client	BinaryData/Client/MF01_007_01.bin	5332
reimagine	client	BinaryData/Client/MF01_007_01_MO.bin	2212
reimagine	client	BinaryData/Client/MF01_008_01.bin	10372
reimagine	client	BinaryData/Client/MF01_008_02.bin	11332
reimagine	client	BinaryData/Client/MF02_001_01.bin	10036
reimagine	client	BinaryData/Client/MF02_005_01.bin	10516
reimagine	client	BinaryData/Client/MH01_001_01.bin	388
reimagine	client	BinaryData/Client/MH01_002_01.bin	436
reimagine	client	BinaryData/Client/MH01_003_01.bin	340
reimagine	client	BinaryData/Client/MH01_004_01.bin	340
reimagine	client	BinaryData/Client/MH01_005_01.bin	340
reimagine	client	BinaryData/Client/MH01_006_01.bin	340
reimagine	client	BinaryData/Client/MJ01_001_01.bin	148
reimagine	client	BinaryData/Client/MJ01_002_01.bin	148
reimagine	client	BinaryData/Client/MJ01_003_01.bin	148
reimagine	client	BinaryData/Client/MJ01_004_01.bin	148
reimagine	client	BinaryData/Client/MJ01_005_01.bin	148
reimagine	client	BinaryData/Client/MJ01_006_01.bin	148
reimagine	client	BinaryData/Client/MJ01_007_01.bin	148
reimagine	client	BinaryData/Client/MK01_001_01.bin	1396
reimagine	client	BinaryData/Client/MK01_001_02.bin	1396
reimagine	client	BinaryData/Client/MK01_001_03.bin	1396
reimagine	client	BinaryData/Client/MK01_001_04.bin	1396
reimagine	client	BinaryData/Client/MK01_001_05.bin	1396
reimagine	client	BinaryData/Client/MK01_001_06.bin	1780
reimagine	client	BinaryData/Client/MK01_001_07.bin	1396
reimagine	client	BinaryData/Client/MK01_001_08.bin	1396
reimagine	client	BinaryData/Client/ML01_006_01.bin	3268
reimagine	client	BinaryData/Client/MM01_001_01.bin	244
reimagine	client	BinaryData/Client/MM01_002_01.bin	244
reimagine	client	BinaryData/Client/MM01_003_01.bin	244
reimagine	client	BinaryData/Client/MM01_004_01.bin	244
reimagine	client	BinaryData/Client/MM01_005_01.bin	244
reimagine	client	BinaryData/Client/MM01_006_01.bin	196
reimagine	client	BinaryData/Client/MR01_001_01.bin	196
reimagine	client	BinaryData/Client/MT01_001_01.bin	8548
reimagine	client	BinaryData/Client/MT01_002_01.bin	11764
reimagine	client	BinaryData/Client/MT01_002_02.bin	1012
reimagine	client	BinaryData/Client/MT01_002_02_D_babel_MO_COC10.bin	196
reimagine	client	BinaryData/Client/MT01_002_03_6anniversary_MMO.bin	1060
reimagine	client	BinaryData/Client/MT01_003_01.bin	10468
reimagine	client	BinaryData/Client/MT01_004_01.bin	7540
reimagine	client	BinaryData/Client/MT01_005_01.bin	6292
reimagine	client	BinaryData/Client/MT01_006_01.bin	2980
reimagine	client	BinaryData/Client/MW01_001_01.bin	196
reimagine	client	BinaryData/Client/MW01_002_01.bin	196
reimagine	client	BinaryData/Client/MW01_003_01.bin	196
reimagine	client	BinaryData/Client/MW01_004_01.bin	196
reimagine	client	BinaryData/Client/MW01_005_01.bin	196
reimagine	client	BinaryData/Client/NPD_1131601_2015_HalloweenMO_1.bin	7604
reimagine	client	BinaryData/Client/NPD_1131601_2015_HalloweenMO_2.bin	1240
reimagine	client	BinaryData/Client/NPD_1131601_2015_HalloweenMO_3.bin	1016
reimagine	client	BinaryData/Client/NPD_1131601_2015_HalloweenMO_4.bin	284
reimagine	client	BinaryData/Client/PCData.bin	276
reimagine	client	BinaryData/Client/ReportTypeData.bin	292
reimagine	client	BinaryData/Client/requifairy.bin	580
reimagine	client	BinaryData/Client/sewers.bin	2740
reimagine	client	BinaryData/Client/ShopProductData.bin	149476
reimagine	client	BinaryData/Client/SpotData_1300011_tochouMO.bin	1444
reimagine	client	BinaryData/Client/SpotData_1300012_tochouMO.bin	1204
reimagine	client	BinaryData/Client/SpotData_1300013_tochouMO.bin	1636
reimagine	client	BinaryData/Client/SpotData_1300014_tochouMO.bin	1732
reimagine	client	BinaryData/Client/SpotData_1300015_tochouMO.bin	1636
reimagine	client	BinaryData/Client/SpotData_1300021_tochouMO.bin	1444
reimagine	client	BinaryData/Client/SpotData_1300022_tochouMO.bin	1204
reimagine	client	BinaryData/Client/SpotData_1300023_tochouMO.bin	1444
reimagine	client	BinaryData/Client/SpotData_1300024_tochouMO.bin	1780
reimagine	client	BinaryData/Client/SpotData_1300025_tochouMO.bin	1540
reimagine	client	BinaryData/Client/SpotData_1300031_tochouMO.bin	1252
reimagine	client	BinaryData/Client/SpotData_1300032_tochouMO.bin	196
reimagine	client	BinaryData/Client/SpotData_1300033_tochouMO.bin	1060
reimagine	client	BinaryData/Client/SpotData_2015_HalloweenMMO.bin	1300
reimagine	client	BinaryData/Client/SpotData_2015_HalloweenMO.bin	1300
reimagine	client	BinaryData/Client/SpotData_2015winter_1.bin	388
reimagine	client	BinaryData/Client/SpotData_2015winter_2.bin	388
reimagine	client	BinaryData/Client/SpotData_2015winter_3.bin	388
reimagine	client	BinaryData/Client/SpotData_2015winter_4.bin	388
reimagine	client	BinaryData/Client/SpotData_2015winter_5.bin	196
reimagine	client	BinaryData/Client/SpotData_2ndhomeMO_Boss.bin	1108
reimagine	client	BinaryData/Client/SpotData_2ndhomeMO_Entrance.bin	292
reimagine	client	BinaryData/Client/SpotData_2ndhomeMO_Ichigaya.bin	4948
reimagine	client	BinaryData/Client/SpotData_2ndhomeMO_Industry.bin	2884
reimagine	client	BinaryData/Client/SpotData_2ndhomeMO_Robby.bin	868
reimagine	client	BinaryData/Client/SpotData_2ndhomeMO_Shibuya.bin	3028
reimagine	client	BinaryData/Client/SpotData_2ndhomeMO_Shinagawa.bin	3268
reimagine	client	BinaryData/Client/SpotData_2ndhomeMO_Township.bin	1540
reimagine	client	BinaryData/Client/SpotData_Abyss.bin	532
reimagine	client	BinaryData/Client/SPotData_ANAMNESIS.bin	1252
reimagine	client	BinaryData/Client/SpotData_Battlecode.bin	1684
reimagine	client	BinaryData/Client/SpotData_Berserker.bin	580
reimagine	client	BinaryData/Client/SpotData_catedral_lobby.bin	532
reimagine	client	BinaryData/Client/SpotData_catedral_MMO1.bin	7780
reimagine	client	BinaryData/Client/SpotData_catedral_MMO2.bin	7972
reimagine	client	BinaryData/Client/SpotData_catedral_MO.bin	2212
reimagine	client	BinaryData/Client/SpotData_catedral_MOlobby.bin	388
reimagine	client	BinaryData/Client/SpotData_catedral_MO_M.bin	196
reimagine	client	BinaryData/Client/SpotData_Chocolate_Shibuya.bin	820
reimagine	client	BinaryData/Client/SpotData_Chocolate_ShinaD.bin	580
reimagine	client	BinaryData/Client/SpotData_Chocolate_Suzaku.bin	2260
reimagine	client	BinaryData/Client/SpotData_community_MMO.bin	12628
reimagine	client	BinaryData/Client/SpotData_CompHack_771601.bin	1156
reimagine	client	BinaryData/Client/SpotData_Demi.bin	532
reimagine	client	BinaryData/Client/SpotData_Desert.bin	532
reimagine	client	BinaryData/Client/SpotData_Destiny.bin	628
reimagine	client	BinaryData/Client/SpotData_Digitalize_2.bin	1060
reimagine	client	BinaryData/Client/SpotData_Digitalize_3.bin	436
reimagine	client	BinaryData/Client/SpotData_Digitalize.bin	5284
reimagine	client	BinaryData/Client/SpotData_Elevator.bin	580
reimagine	client	BinaryData/Client/SpotData_Ensyujo_Azura.bin	484
reimagine	client	BinaryData/Client/SpotData_Ensyujo.bin	676
reimagine	client	BinaryData/Client/SpotData_Ensyujo_Cloe.bin	628
reimagine	client	BinaryData/Client/SpotData_Halloween_1050701.bin	628
reimagine	client	BinaryData/Client/SpotData_Halloween_1130901.bin	1108
reimagine	client	BinaryData/Client/SpotData_Heven's_Door.bin	1492
reimagine	client	BinaryData/Client/SpotData_Hongou_BoxMission_C.bin	15508
reimagine	client	BinaryData/Client/SPotData_IDEA.bin	2836
reimagine	client	BinaryData/Client/SpotData_judge_1.bin	6532
reimagine	client	BinaryData/Client/SpotData_judge_2.bin	1108
reimagine	client	BinaryData/Client/SpotData_judge_EV.bin	628
reimagine	client	BinaryData/Client/SpotData_kokuma.bin	1108
reimagine	client	BinaryData/Client/SpotData_logicspace.bin	4804
reimagine	client	BinaryData/Client/SpotData_Masa_1.bin	484
reimagine	client	BinaryData/Client/SpotData_Masa_2.bin	388
reimagine	client	BinaryData/Client/SpotData_Masa_3.bin	340
reimagine	client	BinaryData/Client/SpotData_Masa_4.bin	436
reimagine	client	BinaryData/Client/SpotData_Masa_5.bin	292
reimagine	client	BinaryData/Client/SpotData_Masa_6.bin	292
reimagine	client	BinaryData/Client/SpotData_Masa_7.bin	1348
reimagine	client	BinaryData/Client/SpotData_Mt_KURAMA.bin	1156
reimagine	client	BinaryData/Client/SpotData_Neo_Universe.bin	1060
reimagine	client	BinaryData/Client/SpotData_Newyear_NakanoMO.bin	4660
reimagine	client	BinaryData/Client/SpotData_Newyear_Zoushigaya.bin	4180
reimagine	client	BinaryData/Client/SpotData_parallelMO_1.bin	148
reimagine	client	BinaryData/Client/SpotData_parallelMO_2_1.bin	1204
reimagine	client	BinaryData/Client/SpotData_parallelMO_2_2.bin	244
reimagine	client	BinaryData/Client/SpotData_parallelMO_3_1.bin	388
reimagine	client	BinaryData/Client/SpotData_parallelMO_3_2.bin	244
reimagine	client	BinaryData/Client/SpotData_parallelMO_4_1.bin	388
reimagine	client	BinaryData/Client/SpotData_parallelMO_4_2.bin	244
reimagine	client	BinaryData/Client/SpotData_parallelMO_5_01.bin	1540
reimagine	client	BinaryData/Client/SpotData_parallelMO_5_11.bin	820
reimagine	client	BinaryData/Client/SpotData_parallelMO_5_12.bin	244
reimagine	client	BinaryData/Client/SpotData_parallelMO_5_21.bin	580
reimagine	client	BinaryData/Client/SpotData_parallelMO_5_22.bin	244
reimagine	client	BinaryData/Client/SpotData_parallelMO_5_31.bin	676
reimagine	client	BinaryData/Client/SpotData_parallelMO_5_32.bin	244
reimagine	client	BinaryData/Client/SpotData_Party_Woods.bin	1588
reimagine	client	BinaryData/Client/SpotData_satan.bin	2644
reimagine	client	BinaryData/Client/SpotData_satan_face.bin	2548
reimagine	client	BinaryData/Client/SpotData_satan_floor.bin	1444
reimagine	client	BinaryData/Client/SpotData_satan_left.bin	1924
reimagine	client	BinaryData/Client/SpotData_satan_lobby.bin	244
reimagine	client	BinaryData/Client/SpotData_satan_R1.bin	4228
reimagine	client	BinaryData/Client/SpotData_satan_right.bin	2068
reimagine	client	BinaryData/Client/SpotData_satan_treasure.bin	436
reimagine	client	BinaryData/Client/SpotData_Shinhyouketsu.bin	1156
reimagine	client	BinaryData/Client/SpotData_shinjukMO.bin	196
reimagine	client	BinaryData/Client/SpotData_Snowball_Fights.bin	3796
reimagine	client	BinaryData/Client/SpotData_S_room.bin	1156
reimagine	client	BinaryData/Client/SpotData_surprise_1.bin	1396
reimagine	client	BinaryData/Client/SpotData_surprise_2.bin	1396
reimagine	client	BinaryData/Client/SpotData_surprise_3.bin	1684
reimagine	client	BinaryData/Client/SpotData_UenoSagenBronze1.bin	4612
reimagine	client	BinaryData/Client/SpotData_UenoSagenBronze2.bin	5956
reimagine	client	BinaryData/Client/SpotData_UenoSagenBronzeBoss.bin	964
reimagine	client	BinaryData/Client/SpotData_UenoSagenGold1.bin	5476
reimagine	client	BinaryData/Client/SpotData_UenoSagenGold2.bin	6388
reimagine	client	BinaryData/Client/SpotData_UenoSagenGold3.bin	9940
reimagine	client	BinaryData/Client/SpotData_UenoSagenGold4.bin	7012
reimagine	client	BinaryData/Client/SpotData_UenoSagenGoldBoss.bin	3076
reimagine	client	BinaryData/Client/SpotData_UenoSagenRobby.bin	484
reimagine	client	BinaryData/Client/SpotData_UenoSagenShop.bin	388
reimagine	client	BinaryData/Client/SpotData_UenoSagenSilver1.bin	5188
reimagine	client	BinaryData/Client/SpotData_UenoSagenSilver2.bin	5428
reimagine	client	BinaryData/Client/SpotData_UenoSagenSilver3.bin	5524
reimagine	client	BinaryData/Client/SpotData_UenoSagenSilverBoss.bin	1540
reimagine	client	BinaryData/Client/SpotData_UnderDungeon01.bin	148
reimagine	client	BinaryData/Client/SpotData_UnderDungeon02.bin	532
reimagine	client	BinaryData/Client/SpotData_UnderDungeon03.bin	820
reimagine	client	BinaryData/Client/SpotData_UnderDungeon04.bin	388
reimagine	client	BinaryData/Client/SpotData_UnderDungeon06.bin	820
reimagine	client	BinaryData/Client/SpotData_UraHujimi.bin	2836
reimagine	client	BinaryData/Client/SpotData_UraHujimiMMO.bin	676
reimagine	client	BinaryData/Client/SpotData_UWBattleColosseo.bin	4228
reimagine	client	BinaryData/Client/SpotData_ValuableChallenge.bin	484
reimagine	client	BinaryData/Client/SpotData_WhitedayMO.bin	1492
reimagine	client	BinaryData/Client/SpotData_Ykiki2015.bin	484
reimagine	client	BinaryData/Client/SpotData_Ykiki_2.bin	4516
reimagine	client	BinaryData/Client/SpotData_YOIDORE.bin	628
reimagine	client	BinaryData/Client/SpotData_YUG.bin	3076
reimagine	client	BinaryData/Client/SpotData_YUG_loby.bin	868
reimagine	client	BinaryData/Client/Spot_Throne.bin	100
reimagine	client	BinaryData/Client/Spot_ThroneInMost.bin	484
reimagine	client	BinaryData/Client/Spot_WorldlyPassions.bin	676
reimagine	client	BinaryData/Client/UIInfoData.bin	974212
reimagine	shield	BinaryData/Shield/ActionLogicData.sbin	24832
reimagine	shield	BinaryData/Shield/AIData.sbin	7016
reimagine	shield	BinaryData/Shield/AutoLiveData.sbin	320
reimagine	shield	BinaryData/Shield/BazaarClerkNPCData.sbin	992
reimagine	shield	BinaryData/Shield/BlendData.sbin	298280
reimagine	shield	BinaryData/Shield/BlendExtData.sbin	3600
reimagine	shield	BinaryData/Shield/CBattleTalk.sbin	176104
reimagine	shield	BinaryData/Shield/CChanceItemData.sbin	88
reimagine	shield	BinaryData/Shield/CCultureData.sbin	112
reimagine	shield	BinaryData/Shield/CDevilBookBonusData.sbin	3096
reimagine	shield	BinaryData/Shield/CDevilBookBonusMitamaData.sbin	2816
reimagine	shield	BinaryData/Shield/CDevilBoostIconData.sbin	3088
reimagine	shield	BinaryData/Shield/CDevilDungeonData.sbin	9488
reimagine	shield	BinaryData/Shield/CDevilEquipmentExclusiveData.sbin	2456
reimagine	shield	BinaryData/Shield/CEquipFaceData.sbin	896
reimagine	shield	BinaryData/Shield/CEquipModelData.sbin	8011672
reimagine	shield	BinaryData/Shield/CEventMessageData2.sbin	5210016
reimagine	shield	BinaryData/Shield/CEventMessageData.sbin	8589120
reimagine	shield	BinaryData/Shield/CFortuneData.sbin	90352
reimagine	shield	BinaryData/Shield/CGuardianAssistData.sbin	32400
reimagine	shield	BinaryData/Shield/CGuideData.sbin	1992
reimagine	shield	BinaryData/Shield/ChanceItemData.sbin	296
reimagine	shield	BinaryData/Shield/CHelpData.sbin	375408
reimagine	shield	BinaryData/Shield/CHouraiData.sbin	352
reimagine	shield	BinaryData/Shield/CHouraiMessageData.sbin	2472080
reimagine	shield	BinaryData/Shield/CIconData_COMPShopCategory.sbin	752
reimagine	shield	BinaryData/Shield/CItemData.sbin	12535248
reimagine	shield	BinaryData/Shield/CKeyItemData.sbin	45312
reimagine	shield	BinaryData/Shield/CLoadingCommercialData.sbin	6800
reimagine	shield	BinaryData/Shield/CMessageData_Bazaar.sbin	6792
reimagine	shield	BinaryData/Shield/CMessageData_Charastic.sbin	912512
reimagine	shield	BinaryData/Shield/CMessageData_DevilBook.sbin	103344
reimagine	shield	BinaryData/Shield/CMessageData_DevilPresent.sbin	19424
reimagine	shield	BinaryData/Shield/CMessageData_Expert.sbin	8944
reimagine	shield	BinaryData/Shield/CMessageData_klan-category.sbin	768
reimagine	shield	BinaryData/Shield/CMessageData_klan-character.sbin	16288
reimagine	shield	BinaryData/Shield/CMessageData_klan-playstyle.sbin	432
reimagine	shield	BinaryData/Shield/CMessageData_klan-series.sbin	544
reimagine	shield	BinaryData/Shield/CMessageData_NakamaQuest.sbin	29368
reimagine	shield	BinaryData/Shield/CMessageData_omedeto.sbin	3008
reimagine	shield	BinaryData/Shield/CMessageData_party-free.sbin	784
reimagine	shield	BinaryData/Shield/CMessageData_party-playstyle.sbin	2176
reimagine	shield	BinaryData/Shield/CMessageData_party-purpose.sbin	744
reimagine	shield	BinaryData/Shield/CMessageData_reunion.sbin	14352
reimagine	shield	BinaryData/Shield/CMessageData.sbin	72344
reimagine	shield	BinaryData/Shield/CMessageData_Shop.sbin	276336
reimagine	shield	BinaryData/Shield/CMessageData_SysHelp.sbin	6808
reimagine	shield	BinaryData/Shield/CMessageData_System.sbin	42432
reimagine	shield	BinaryData/Shield/CMessageData_yorosiku.sbin	5600
reimagine	shield	BinaryData/Shield/CModelData1.sbin	155840
reimagine	shield	BinaryData/Shield/CModelData2.sbin	873216
reimagine	shield	BinaryData/Shield/CModelData3.sbin	25944
reimagine	shield	BinaryData/Shield/CModifiedEffectData.sbin	118216
reimagine	shield	BinaryData/Shield/CNakamaQuestRewardData.sbin	10672
reimagine	shield	BinaryData/Shield/CodeNameData.sbin	26656
reimagine	shield	BinaryData/Shield/CQuestData.sbin	249968
reimagine	shield	BinaryData/Shield/CSpecialSkillEffectData.sbin	1904
reimagine	shield	BinaryData/Shield/CStatusData.sbin	693096
reimagine	shield	BinaryData/Shield/CSynthesisCatalystData.sbin	88
reimagine	shield	BinaryData/Shield/CTimeAttackData.sbin	68000
reimagine	shield	BinaryData/Shield/CTitleData.sbin	22656
reimagine	shield	BinaryData/Shield/CTransformedModelData.sbin	24296
reimagine	shield	BinaryData/Shield/CultureItemData.sbin	56
reimagine	shield	BinaryData/Shield/CUraFieldData.sbin	336
reimagine	shield	BinaryData/Shield/CValuable.sbin	256
reimagine	shield	BinaryData/Shield/CValuablesData.sbin	188248
reimagine	shield	BinaryData/Shield/CZoneRelationData.sbin	50384
reimagine	shield	BinaryData/Shield/DeunionItemCatalystData.sbin	280
reimagine	shield	BinaryData/Shield/DevilBookBonusData.sbin	800
reimagine	shield	BinaryData/Shield/DevilBookBonusMitamaData.sbin	752
reimagine	shield	BinaryData/Shield/DevilBookData.sbin	77296
reimagine	shield	BinaryData/Shield/DevilBoostData.sbin	251824
reimagine	shield	BinaryData/Shield/DevilBoostExtraData.sbin	139888
reimagine	shield	BinaryData/Shield/DevilBoostItemData.sbin	17896
reimagine	shield	BinaryData/Shield/DevilBoostLotData.sbin	3720
reimagine	shield	BinaryData/Shield/DevilData.sbin	6106768
reimagine	shield	BinaryData/Shield/DevilEquipmentData.sbin	54304
reimagine	shield	BinaryData/Shield/DevilEquipmentItemData.sbin	2392
reimagine	shield	BinaryData/Shield/DevilFusionData.sbin	3232
reimagine	shield	BinaryData/Shield/DevilLVUpRateData.sbin	27664
reimagine	shield	BinaryData/Shield/DisassemblyData.sbin	84600
reimagine	shield	BinaryData/Shield/DisassemblyTriggerData.sbin	4352
reimagine	shield	BinaryData/Shield/EnchantData.sbin	1827856
reimagine	shield	BinaryData/Shield/EnchantInitializeData.sbin	344
reimagine	shield	BinaryData/Shield/EnchantPiercingData.sbin	416
reimagine	shield	BinaryData/Shield/EquipmentSetData.sbin	190576
reimagine	shield	BinaryData/Shield/ExchangeData.sbin	2328928
reimagine	shield	BinaryData/Shield/ExpertClassData.sbin	135952
reimagine	shield	BinaryData/Shield/ExpertTitleData.sbin	34648
reimagine	shield	BinaryData/Shield/GuardianAssistData.sbin	8048
reimagine	shield	BinaryData/Shield/GuardianLevelData.sbin	30456
reimagine	shield	BinaryData/Shield/GuardianSpecialData.sbin	1336
reimagine	shield	BinaryData/Shield/GuardianUnlockData.sbin	768
reimagine	shield	BinaryData/Shield/GvGData.sbin	88
reimagine	shield	BinaryData/Shield/GvGTrophyData.sbin	17376
reimagine	shield	BinaryData/Shield/hNPCData.sbin	1277880
reimagine	shield	BinaryData/Shield/ItemData.sbin	1250448
reimagine	shield	BinaryData/Shield/MissionData.sbin	6400
reimagine	shield	BinaryData/Shield/MitamaReunionBonusData.sbin	1792
reimagine	shield	BinaryData/Shield/MitamaReunionSetBonusData.sbin	6240
reimagine	shield	BinaryData/Shield/MitamaUnionBonusData.sbin	7584
reimagine	shield	BinaryData/Shield/ModificationCatalystData.sbin	288
reimagine	shield	BinaryData/Shield/ModificationData.sbin	24688
reimagine	shield	BinaryData/Shield/ModificationExtCatalystData.sbin	280
reimagine	shield	BinaryData/Shield/ModificationExtEffectData.sbin	353424
reimagine	shield	BinaryData/Shield/ModificationExtRecipeData.sbin	9872
reimagine	shield	BinaryData/Shield/ModificationTriggerData.sbin	8152
reimagine	shield	BinaryData/Shield/ModifiedEffectData.sbin	5000
reimagine	shield	BinaryData/Shield/NPCBarterConditionData.sbin	137384
reimagine	shield	BinaryData/Shield/NPCBarterData.sbin	881168
reimagine	shield	BinaryData/Shield/NPCBarterGroupData.sbin	93096
reimagine	shield	BinaryData/Shield/NPCBarterTextData.sbin	212968
reimagine	shield	BinaryData/Shield/NPCInvisibleData.sbin	64352
reimagine	shield	BinaryData/Shield/oNPCData.sbin	479416
reimagine	shield	BinaryData/Shield/PCData.sbin	288
reimagine	shield	BinaryData/Shield/QuestBonusCodeData.sbin	496
reimagine	shield	BinaryData/Shield/QuestBonusData.sbin	1912
reimagine	shield	BinaryData/Shield/QuestData.sbin	937024
reimagine	shield	BinaryData/Shield/ShopProductData.sbin	520648
reimagine	shield	BinaryData/Shield/SItemData.sbin	327352
reimagine	shield	BinaryData/Shield/SkillData.sbin	1230728
reimagine	shield	BinaryData/Shield/SlotInitializeData.sbin	448
reimagine	shield	BinaryData/Shield/SlotPiercingData.sbin	416
reimagine	shield	BinaryData/Shield/StatusData.sbin	77984
reimagine	shield	BinaryData/Shield/SynthesisData.sbin	34832
reimagine	shield	BinaryData/Shield/TankData.sbin	2608
reimagine	shield	BinaryData/Shield/TimeLimitData.sbin	20128
reimagine	shield	BinaryData/Shield/TriUnionKreuzItemData.sbin	32
reimagine	shield	BinaryData/Shield/TriUnionSpecialData.sbin	20072
reimagine	shield	BinaryData/Shield/UltimateBattleBaseData.sbin	960
reimagine	shield	BinaryData/Shield/UnionItemsHelperData.sbin	344
reimagine	shield	BinaryData/Shield/UraFieldTowerData.sbin	1336
reimagine	shield	BinaryData/Shield/WarpPointData.sbin	13096
reimagine	shield	BinaryData/Shield/WorldData.sbin	472
reimagine	shield	BinaryData/Shield/ZoneData.sbin	1260616
reimagine	multitalk	Event/MultiTalk/BinaryData/CMultiTalkData_2ndMO_001-001.bin	1338
reimagine	multitalk	Event/MultiTalk/BinaryData/CMultiTalkData_2ndMO_001-002.bin	1670
reimagine	multitalk	Event/MultiTalk/BinaryData/CMultiTalkData_2ndMO_001-003.bin	1006
reimagine	multitalk	Event/MultiTalk/BinaryData/CMultiTalkData_arcadia_001-001.bin	1338
reimagine	multitalk	Event/MultiTalk/BinaryData/CMultiTalkData_arcadia_001-002.bin	1338
reimagine	multitalk	Event/MultiTalk/BinaryData/CMultiTalkData_arcadia_001-003.bin	1338
reimagine	multitalk	Event/MultiTalk/BinaryData/CMultiTalkData_arcadia_001-004.bin	1338
reimagine	multitalk	Event/MultiTalk/BinaryData/CMultiTalkData_arcadia_001-005.bin	1338
reimagine	multitalk	Event/MultiTalk/BinaryData/CMultiTalkData_arcadia_001-006.bin	1338
reimagine	multitalk	Event/MultiTalk/BinaryData/CMultiTalkData_arcadia_001-007.bin	1338
reimagine	multitalk	Event/MultiTalk/BinaryData/CMultiTalkData_arcadia_001-008.bin	1338
reimagine	multitalk	Event/MultiTalk/BinaryData/CMultiTalkData_arcadia_001-009.bin	1338
reimagine	multitalk	Event/MultiTalk/BinaryData/CMultiTalkData_arcadia_001-010.bin	1670
reimagine	multitalk	Event/MultiTalk/BinaryData/CMultiTalkData_arcadia_001-011.bin	1670
reimagine	multitalk	Event/MultiTalk/BinaryData/CMultiTalkData_arcadia_001-012.bin	1670
reimagine	multitalk	Event/MultiTalk/BinaryData/CMultiTalkData_arcadia_001-013.bin	1670
reimagine	multitalk	Event/MultiTalk/BinaryData/CMultiTalkData_arcadia_001-014.bin	1670
reimagine	multitalk	Event/MultiTalk/BinaryData/CMultiTalkData_arcadia_001-015.bin	1670
reimagine	multitalk	Event/MultiTalk/BinaryData/CMultiTalkData_arcadia_001-016.bin	1670
reimagine	multitalk	Event/MultiTalk/BinaryData/CMultiTalkData_arcadia_001-017.bin	1670
reimagine	multitalk	Event/MultiTalk/BinaryData/CMultiTalkData_arcadia_001-018.bin	2002
reimagine	multitalk	Event/MultiTalk/BinaryData/CMultiTalkData_arcadia_001-019.bin	2002
reimagine	multitalk	Event/MultiTalk/BinaryData/CMultiTalkData_arcadia_001-020.bin	2002
reimagine	multitalk	Event/MultiTalk/BinaryData/CMultiTalkData_arcadia_001-021.bin	2002
reimagine	multitalk	Event/MultiTalk/BinaryData/CMultiTalkData_arcadia_001-022.bin	2002
reimagine	multitalk	Event/MultiTalk/BinaryData/CMultiTalkData_arcadia_001-023.bin	2002
reimagine	multitalk	Event/MultiTalk/BinaryData/CMultiTalkData_arcadia_001-024.bin	2002
reimagine	multitalk	Event/MultiTalk/BinaryData/CMultiTalkData_arcadia_001-025.bin	2002
reimagine	multitalk	Event/MultiTalk/BinaryData/CMultiTalkData_arcadia_001-026.bin	2002
reimagine	multitalk	Event/MultiTalk/BinaryData/CMultiTalkData_arcadia_001-027.bin	2334
reimagine	multitalk	Event/MultiTalk/BinaryData/CMultiTalkData_arcadia_001-028.bin	2334
reimagine	multitalk	Event/MultiTalk/BinaryData/CMultiTalkData_arcadia_001-029.bin	2334
reimagine	multitalk	Event/MultiTalk/BinaryData/CMultiTalkData_arcadia_001-030.bin	2334
reimagine	multitalk	Event/MultiTalk/BinaryData/CMultiTalkData_arcadia_001-031.bin	2334
reimagine	multitalk	Event/MultiTalk/BinaryData/CMultiTalkData_arcadia_001-032.bin	2334
reimagine	multitalk	Event/MultiTalk/BinaryData/CMultiTalkData_arcadia_001-033.bin	2334
reimagine	multitalk	Event/MultiTalk/BinaryData/CMultiTalkData_arcadia_001-034.bin	2334
reimagine	multitalk	Event/MultiTalk/BinaryData/CMultiTalkData_arcadia_001-035.bin	2334
reimagine	multitalk	Event/MultiTalk/BinaryData/CMultiTalkData_arcadia_001-036.bin	2666
reimagine	multitalk	Event/MultiTalk/BinaryData/CMultiTalkData_arcadia_001-037.bin	1670
reimagine	multitalk	Event/MultiTalk/BinaryData/CMultiTalkData_arcadia_001-038.bin	1670
reimagine	multitalk	Event/MultiTalk/BinaryData/CMultiTalkData_arcadia_001-039.bin	1670
reimagine	multitalk	Event/MultiTalk/BinaryData/CMultiTalkData_arcadia_001-040.bin	1670
reimagine	multitalk	Event/MultiTalk/BinaryData/CMultiTalkData_arcadia_001-041.bin	1670
reimagine	multitalk	Event/MultiTalk/BinaryData/CMultiTalkData_arcadia_001-042.bin	1670
reimagine	multitalk	Event/MultiTalk/BinaryData/CMultiTalkData_arcadia_001-043.bin	1670
reimagine	multitalk	Event/MultiTalk/BinaryData/CMultiTalkData_arcadia_001-044.bin	1670
reimagine	multitalk	Event/MultiTalk/BinaryData/CMultiTalkData_arcadia_001-045.bin	2002
reimagine	multitalk	Event/MultiTalk/BinaryData/CMultiTalkData_arcadia_001-046.bin	1006
reimagine	multitalk	Event/MultiTalk/BinaryData/CMultiTalkData_arcadia_001-047.bin	1006
reimagine	multitalk	Event/MultiTalk/BinaryData/CMultiTalkData_arcadia_001-048.bin	1006
reimagine	multitalk	Event/MultiTalk/BinaryData/CMultiTalkData_arcadia_001-049.bin	1006
reimagine	multitalk	Event/MultiTalk/BinaryData/CMultiTalkData_arcadia_001-050.bin	1006
reimagine	multitalk	Event/MultiTalk/BinaryData/CMultiTalkData_arcadia_001-051.bin	1006
reimagine	multitalk	Event/MultiTalk/BinaryData/CMultiTalkData_arcadia_001-052.bin	1006
reimagine	multitalk	Event/MultiTalk/BinaryData/CMultiTalkData_arcadia_001-053.bin	1006
reimagine	multitalk	Event/MultiTalk/BinaryData/CMultiTalkData_arcadia_001-054.bin	674
reimagine	multitalk	Event/MultiTalk/BinaryData/CMultiTalkData_arcadia_001-055.bin	1006
reimagine	multitalk	Event/MultiTalk/BinaryData/CMultiTalkData_arcadia_001-056.bin	2002
reimagine	multitalk	Event/MultiTalk/BinaryData/CMultiTalkData_arcadia_001-057.bin	1006
reimagine	multitalk	Event/MultiTalk/BinaryData/CMultiTalkData_arcadia_001-058.bin	1338
reimagine	multitalk	Event/MultiTalk/BinaryData/CMultiTalkData_arcadia_001-059.bin	4658
reimagine	multitalk	Event/MultiTalk/BinaryData/CMultiTalkData_arcadia_001-060.bin	4658
reimagine	multitalk	Event/MultiTalk/BinaryData/CMultiTalkData_arcadia_001-061.bin	1006
reimagine	multitalk	Event/MultiTalk/BinaryData/CMultiTalkData_arcadia_001-062.bin	342
reimagine	multitalk	Event/MultiTalk/BinaryData/CMultiTalkData_arcadia_001-063.bin	342
reimagine	multitalk	Event/MultiTalk/BinaryData/CMultiTalkData_arcadia_001-064.bin	674
reimagine	multitalk	Event/MultiTalk/BinaryData/CMultiTalkData_arcadia_001-065.bin	674
reimagine	multitalk	Event/MultiTalk/BinaryData/CMultiTalkData_arcadia_001-066.bin	674
reimagine	multitalk	Event/MultiTalk/BinaryData/CMultiTalkData_arcadia_001-067.bin	2334
reimagine	multitalk	Event/MultiTalk/BinaryData/CMultiTalkData_arcadia_001-068.bin	674
reimagine	multitalk	Event/MultiTalk/BinaryData/CMultiTalkData_arcadia_001-069.bin	674
reimagine	multitalk	Event/MultiTalk/BinaryData/CMultiTalkData_arcadia_001-070.bin	674
reimagine	multitalk	Event/MultiTalk/BinaryData/CMultiTalkData_arcadia_001-071.bin	4658
reimagine	multitalk	Event/MultiTalk/BinaryData/CMultiTalkData_arcadia_001-072.bin	342
reimagine	multitalk	Event/MultiTalk/BinaryData/CMultiTalkData_arcadia_001-073.bin	674
reimagine	multitalk	Event/MultiTalk/BinaryData/CMultiTalkData_arcadia_001-074.bin	674
reimagine	multitalk	Event/MultiTalk/BinaryData/CMultiTalkData_arcadia_001-075.bin	1670
reimagine	multitalk	Event/MultiTalk/BinaryData/CMultiTalkData_arcadia_001-076.bin	1670
reimagine	multitalk	Event/MultiTalk/BinaryData/CMultiTalkData_arcadia_001-077.bin	6982
reimagine	multitalk	Event/MultiTalk/BinaryData/CMultiTalkData_arcadia_001-078.bin	1006
reimagine	multitalk	Event/MultiTalk/BinaryData/CMultiTalkData_arcadia_001-079.bin	1006
reimagine	multitalk	Event/MultiTalk/BinaryData/CMultiTalkData_arcadia_001-080.bin	1006
reimagine	multitalk	Event/MultiTalk/BinaryData/CMultiTalkData_arcadia_001-081.bin	1006
reimagine	multitalk	Event/MultiTalk/BinaryData/CMultiTalkData_arcadia_001-082.bin	1006
reimagine	multitalk	Event/MultiTalk/BinaryData/CMultiTalkData_arcadia_001-083.bin	1006
reimagine	multitalk	Event/MultiTalk/BinaryData/CMultiTalkData_arcadia_001-084.bin	1006
reimagine	multitalk	Event/MultiTalk/BinaryData/CMultiTalkData_arcadia_001-085.bin	1006
reimagine	multitalk	Event/MultiTalk/BinaryData/CMultiTalkData_arcadia_001-086.bin	1006
reimagine	multitalk	Event/MultiTalk/BinaryData/CMultiTalkData_arcadia_001-087.bin	1006
reimagine	multitalk	Event/MultiTalk/BinaryData/CMultiTalkData_arcadia_001-088.bin	1006
reimagine	multitalk	Event/MultiTalk/BinaryData/CMultiTalkData_arcadia_001-089.bin	1006
reimagine	multitalk	Event/MultiTalk/BinaryData/CMultiTalkData_arcadia_001-090.bin	1006
reimagine	multitalk	Event/MultiTalk/BinaryData/CMultiTalkData_arcadia_001-091.bin	1006
reimagine	multitalk	Event/MultiTalk/BinaryData/CMultiTalkData_arcadia_001-092.bin	1006
reimagine	multitalk	Event/MultiTalk/BinaryData/CMultiTalkData_arcadia_001-093.bin	1006
reimagine	multitalk	Event/MultiTalk/BinaryData/CMultiTalkData_arcadia_001-094.bin	1006
reimagine	multitalk	Event/MultiTalk/BinaryData/CMultiTalkData_arcadia_001-095.bin	1006
reimagine	multitalk	Event/MultiTalk/BinaryData/CMultiTalkData_arcadia_001-096.bin	1006
reimagine	multitalk	Event/MultiTalk/BinaryData/CMultiTalkData_arcadia_001-097.bin	1006
reimagine	multitalk	Event/MultiTalk/BinaryData/CMultiTalkData_arcadia_001-098.bin	1006
reimagine	multitalk	Event/MultiTalk/BinaryData/CMultiTalkData_arcadia_001-099.bin	1006
reimagine	multitalk	Event/MultiTalk/BinaryData/CMultiTalkData_arcadia_001-100.bin	1006
reimagine	multitalk	Event/MultiTalk/BinaryData/CMultiTalkData_arcadia_001-101.bin	1006
reimagine	multitalk	Event/MultiTalk/BinaryData/CMultiTalkData_arcadia_001-102.bin	1006
reimagine	multitalk	Event/MultiTalk/BinaryData/CMultiTalkData_arcadia_001-103.bin	1006
reimagine	multitalk	Event/MultiTalk/BinaryData/CMultiTalkData_arcadia_001-104.bin	1006
reimagine	multitalk	Event/MultiTalk/BinaryData/CMultiTalkData_arcadia_001-105.bin	1006
reimagine	multitalk	Event/MultiTalk/BinaryData/CMultiTalkData_arcadia_001-106.bin	1006
reimagine	multitalk	Event/MultiTalk/BinaryData/CMultiTalkData_arcadia_001-107.bin	1006
reimagine	multitalk	Event/MultiTalk/BinaryData/CMultiTalkData_arcadia_001-108.bin	1006
reimagine	multitalk	Event/MultiTalk/BinaryData/CMultiTalkData_arcadia_001-109.bin	674
reimagine	multitalk	Event/MultiTalk/BinaryData/CMultiTalkData_arcadia_001-110.bin	1006
reimagine	multitalk	Event/MultiTalk/BinaryData/CMultiTalkData_arcadia_001-111.bin	1006
reimagine	multitalk	Event/MultiTalk/BinaryData/CMultiTalkData_arcadia_001-112.bin	1338
reimagine	multitalk	Event/MultiTalk/BinaryData/CMultiTalkData_arcadia_001-113.bin	4990
reimagine	multitalk	Event/MultiTalk/BinaryData/CMultiTalkData_arcadia_001-114.bin	8310
reimagine	multitalk	Event/MultiTalk/BinaryData/CMultiTalkData_arcadia_001-115.bin	8974
reimagine	multitalk	Event/MultiTalk/BinaryData/CMultiTalkData_arcadia_001-116.bin	8310
reimagine	multitalk	Event/MultiTalk/BinaryData/CMultiTalkData_arcadia_001-117.bin	8310
reimagine	multitalk	Event/MultiTalk/BinaryData/CMultiTalkData_arcadia_001-118.bin	8310
reimagine	multitalk	Event/MultiTalk/BinaryData/CMultiTalkData_arcadia_001-119.bin	10966
reimagine	multitalk	Event/MultiTalk/BinaryData/CMultiTalkData_arcadia_001-120.bin	8974
reimagine	multitalk	Event/MultiTalk/BinaryData/CMultiTalkData_arcadia_001-121.bin	11962
reimagine	multitalk	Event/MultiTalk/BinaryData/CMultiTalkData_arcadia_001-122.bin	674
reimagine	multitalk	Event/MultiTalk/BinaryData/CMultiTalkData_arcadia_001-123.bin	1338
reimagine	multitalk	Event/MultiTalk/BinaryData/CMultiTalkData_arcadia_001-124.bin	1338
reimagine	multitalk	Event/MultiTalk/BinaryData/CMultiTalkData_arcadia_001-125.bin	1338
reimagine	multitalk	Event/MultiTalk/BinaryData/CMultiTalkData_arcadia_001-126.bin	1338
reimagine	multitalk	Event/MultiTalk/BinaryData/CMultiTalkData_arcadia_001-127.bin	1338
reimagine	multitalk	Event/MultiTalk/BinaryData/CMultiTalkData_arcadia_001-128.bin	1338
reimagine	multitalk	Event/MultiTalk/BinaryData/CMultiTalkData_arcadia_001-129.bin	1338
reimagine	multitalk	Event/MultiTalk/BinaryData/CMultiTalkData_arcadia_001-130.bin	1670
reimagine	multitalk	Event/MultiTalk/BinaryData/CMultiTalkData_arcadia_001-131.bin	2002
reimagine	multitalk	Event/MultiTalk/BinaryData/CMultiTalkData_arcadia_001-132.bin	2002
reimagine	multitalk	Event/MultiTalk/BinaryData/CMultiTalkData_arcadia_001-133.bin	2002
reimagine	multitalk	Event/MultiTalk/BinaryData/CMultiTalkData_arcadia_001-134.bin	2002
reimagine	multitalk	Event/MultiTalk/BinaryData/CMultiTalkData_arcadia_001-135.bin	2002
reimagine	multitalk	Event/MultiTalk/BinaryData/CMultiTalkData_arcadia_001-136.bin	2002
reimagine	multitalk	Event/MultiTalk/BinaryData/CMultiTalkData_arcadia_001-137.bin	2002
reimagine	multitalk	Event/MultiTalk/BinaryData/CMultiTalkData_arcadia_001-138.bin	2002
reimagine	multitalk	Event/MultiTalk/BinaryData/CMultiTalkData_arcadia_001-139.bin	2334
reimagine	multitalk	Event/MultiTalk/BinaryData/CMultiTalkData_arcadia_001-140.bin	2002
reimagine	multitalk	Event/MultiTalk/BinaryData/CMultiTalkData_arcadia_001-141.bin	2002
reimagine	multitalk	Event/MultiTalk/BinaryData/CMultiTalkData_arcadia_001-142.bin	2002
reimagine	multitalk	Event/MultiTalk/BinaryData/CMultiTalkData_arcadia_001-143.bin	2002
reimagine	multitalk	Event/MultiTalk/BinaryData/CMultiTalkData_arcadia_001-144.bin	2002
reimagine	multitalk	Event/MultiTalk/BinaryData/CMultiTalkData_arcadia_001-145.bin	2002
reimagine	multitalk	Event/MultiTalk/BinaryData/CMultiTalkData_arcadia_001-146.bin	2002
reimagine	multitalk	Event/MultiTalk/BinaryData/CMultiTalkData_arcadia_001-147.bin	2002
reimagine	multitalk	Event/MultiTalk/BinaryData/CMultiTalkData_arcadia_001-148.bin	2334
reimagine	multitalk	Event/MultiTalk/BinaryData/CMultiTalkData_arcadia_001-149.bin	2334
reimagine	multitalk	Event/MultiTalk/BinaryData/CMultiTalkData_arcadia_001-150.bin	2334
reimagine	multitalk	Event/MultiTalk/BinaryData/CMultiTalkData_arcadia_001-151.bin	2334
reimagine	multitalk	Event/MultiTalk/BinaryData/CMultiTalkData_arcadia_001-152.bin	2334
reimagine	multitalk	Event/MultiTalk/BinaryData/CMultiTalkData_arcadia_001-153.bin	2334
reimagine	multitalk	Event/MultiTalk/BinaryData/CMultiTalkData_arcadia_001-154.bin	2334
reimagine	multitalk	Event/MultiTalk/BinaryData/CMultiTalkData_arcadia_001-155.bin	2334
reimagine	multitalk	Event/MultiTalk/BinaryData/CMultiTalkData_arcadia_001-156.bin	2334
reimagine	multitalk	Event/MultiTalk/BinaryData/CMultiTalkData_arcadia_001-157.bin	2666
reimagine	multitalk	Event/MultiTalk/BinaryData/CMultiTalkData_arcadia_001-158.bin	2334
reimagine	multitalk	Event/MultiTalk/BinaryData/CMultiTalkData_arcadia_001-159.bin	2334
reimagine	multitalk	Event/MultiTalk/BinaryData/CMultiTalkData_arcadia_001-160.bin	2334
reimagine	multitalk	Event/MultiTalk/BinaryData/CMultiTalkData_arcadia_001-161.bin	2334
reimagine	multitalk	Event/MultiTalk/BinaryData/CMultiTalkData_arcadia_001-162.bin	2334
reimagine	multitalk	Event/MultiTalk/BinaryData/CMultiTalkData_arcadia_001-163.bin	2334
reimagine	multitalk	Event/MultiTalk/BinaryData/CMultiTalkData_arcadia_001-164.bin	2334
reimagine	multitalk	Event/MultiTalk/BinaryData/CMultiTalkData_arcadia_001-165.bin	2334
reimagine	multitalk	Event/MultiTalk/BinaryData/CMultiTalkData_arcadia_001-166.bin	2666
reimagine	multitalk	Event/MultiTalk/BinaryData/CMultiTalkData_arcadia_001-167.bin	2002
reimagine	multitalk	Event/MultiTalk/BinaryData/CMultiTalkData_arcadia_001-168.bin	2002
reimagine	multitalk	Event/MultiTalk/BinaryData/CMultiTalkData_arcadia_001-169.bin	2002
reimagine	multitalk	Event/MultiTalk/BinaryData/CMultiTalkData_arcadia_001-170.bin	2002
reimagine	multitalk	Event/MultiTalk/BinaryData/CMultiTalkData_arcadia_001-171.bin	2002
reimagine	multitalk	Event/MultiTalk/BinaryData/CMultiTalkData_arcadia_001-172.bin	2002
reimagine	multitalk	Event/MultiTalk/BinaryData/CMultiTalkData_arcadia_001-173.bin	2002
reimagine	multitalk	Event/MultiTalk/BinaryData/CMultiTalkData_arcadia_001-174.bin	2002
reimagine	multitalk	Event/MultiTalk/BinaryData/CMultiTalkData_arcadia_001-175.bin	2334
reimagine	multitalk	Event/MultiTalk/BinaryData/CMultiTalkData_arcadia_001-176.bin	2334
reimagine	multitalk	Event/MultiTalk/BinaryData/CMultiTalkData_arcadia_001-177.bin	2334
reimagine	multitalk	Event/MultiTalk/BinaryData/CMultiTalkData_arcadia_001-178.bin	2334
reimagine	multitalk	Event/MultiTalk/BinaryData/CMultiTalkData_arcadia_001-179.bin	2334
reimagine	multitalk	Event/MultiTalk/BinaryData/CMultiTalkData_arcadia_001-180.bin	2334
reimagine	multitalk	Event/MultiTalk/BinaryData/CMultiTalkData_arcadia_001-181.bin	2334
reimagine	multitalk	Event/MultiTalk/BinaryData/CMultiTalkData_arcadia_001-182.bin	2334
reimagine	multitalk	Event/MultiTalk/BinaryData/CMultiTalkData_arcadia_001-183.bin	2334
reimagine	multitalk	Event/MultiTalk/BinaryData/CMultiTalkData_arcadia_001-184.bin	2666
reimagine	multitalk	Event/MultiTalk/BinaryData/CMultiTalkData_arcadia_001-185.bin	2334
reimagine	multitalk	Event/MultiTalk/BinaryData/CMultiTalkData_arcadia_001-186.bin	2334
reimagine	multitalk	Event/MultiTalk/BinaryData/CMultiTalkData_arcadia_001-187.bin	2334
reimagine	multitalk	Event/MultiTalk/BinaryData/CMultiTalkData_arcadia_001-188.bin	2334
reimagine	multitalk	Event/MultiTalk/BinaryData/CMultiTalkData_arcadia_001-189.bin	2334
reimagine	multitalk	Event/MultiTalk/BinaryData/CMultiTalkData_arcadia_001-190.bin	2334
reimagine	multitalk	Event/MultiTalk/BinaryData/CMultiTalkData_arcadia_001-191.bin	2334
reimagine	multitalk	Event/MultiTalk/BinaryData/CMultiTalkData_arcadia_001-192.bin	2334
reimagine	multitalk	Event/MultiTalk/BinaryData/CMultiTalkData_arcadia_001-193.bin	2666
reimagine	multitalk	Event/MultiTalk/BinaryData/CMultiTalkData_arcadia_001-194.bin	1338
reimagine	multitalk	Event/MultiTalk/BinaryData/CMultiTalkData_arcadia_001-195.bin	1338
reimagine	multitalk	Event/MultiTalk/BinaryData/CMultiTalkData_arcadia_001-196.bin	1338
reimagine	multitalk	Event/MultiTalk/BinaryData/CMultiTalkData_arcadia_001-197.bin	1338
reimagine	multitalk	Event/MultiTalk/BinaryData/CMultiTalkData_arcadia_001-198.bin	1338
reimagine	multitalk	Event/MultiTalk/BinaryData/CMultiTalkData_arcadia_001-199.bin	1338
reimagine	multitalk	Event/MultiTalk/BinaryData/CMultiTalkData_arcadia_001-200.bin	1338
reimagine	multitalk	Event/MultiTalk/BinaryData/CMultiTalkData_arcadia_001-201.bin	1338
reimagine	multitalk	Event/MultiTalk/BinaryData/CMultiTalkData_arcadia_001-202.bin	1338
reimagine	multitalk	Event/MultiTalk/BinaryData/CMultiTalkData_arcadia_001-203.bin	1670
reimagine	multitalk	Event/MultiTalk/BinaryData/CMultiTalkData_baberu_001-001.bin	674
reimagine	multitalk	Event/MultiTalk/BinaryData/CMultiTalkData_baberu_001-002.bin	342
reimagine	multitalk	Event/MultiTalk/BinaryData/CMultiTalkData_baberu_001-003.bin	2666
reimagine	multitalk	Event/MultiTalk/BinaryData/CMultiTalkData_baberu_001-004.bin	342
reimagine	multitalk	Event/MultiTalk/BinaryData/CMultiTalkData_baberu_001-005.bin	1006
reimagine	multitalk	Event/MultiTalk/BinaryData/CMultiTalkData_baberu_001-006.bin	1670
reimagine	multitalk	Event/MultiTalk/BinaryData/CMultiTalkData_baberu_001-007.bin	342
reimagine	multitalk	Event/MultiTalk/BinaryData/CMultiTalkData_baberu_001-008.bin	1006
reimagine	multitalk	Event/MultiTalk/BinaryData/CMultiTalkData_baberu_001-009.bin	1338
reimagine	multitalk	Event/MultiTalk/BinaryData/CMultiTalkData_baberu_001-010.bin	1338
reimagine	multitalk	Event/MultiTalk/BinaryData/CMultiTalkData_baberu_001-011.bin	2002
reimagine	multitalk	Event/MultiTalk/BinaryData/CMultiTalkData_baberu_002-001.bin	342
reimagine	multitalk	Event/MultiTalk/BinaryData/CMultiTalkData_baberu_002-002.bin	14950
reimagine	multitalk	Event/MultiTalk/BinaryData/CMultiTalkData_baberu_002-003.bin	342
reimagine	multitalk	Event/MultiTalk/BinaryData/CMultiTalkData_baberu_002-004.bin	342
reimagine	multitalk	Event/MultiTalk/BinaryData/CMultiTalkData_baberu_002-005.bin	2998
reimagine	multitalk	Event/MultiTalk/BinaryData/CMultiTalkData_baberu_002-006.bin	342
reimagine	multitalk	Event/MultiTalk/BinaryData/CMultiTalkData_baberu_002-007.bin	2998
reimagine	multitalk	Event/MultiTalk/BinaryData/CMultiTalkData_baberu_002-008.bin	1670
reimagine	multitalk	Event/MultiTalk/BinaryData/CMultiTalkData_baberu_002-009.bin	342
reimagine	multitalk	Event/MultiTalk/BinaryData/CMultiTalkData_baberu_002-010.bin	8642
reimagine	multitalk	Event/MultiTalk/BinaryData/CMultiTalkData_baberu_002-011.bin	342
reimagine	multitalk	Event/MultiTalk/BinaryData/CMultiTalkData_baberu_002-012.bin	1006
reimagine	multitalk	Event/MultiTalk/BinaryData/CMultiTalkData_baberu_002-013.bin	342
reimagine	multitalk	Event/MultiTalk/BinaryData/CMultiTalkData_baberu_002-014.bin	342
reimagine	multitalk	Event/MultiTalk/BinaryData/CMultiTalkData_baberu_002-015.bin	9306
reimagine	multitalk	Event/MultiTalk/BinaryData/CMultiTalkData_baberu_002-016.bin	342
reimagine	multitalk	Event/MultiTalk/BinaryData/CMultiTalkData_baberu_002-017.bin	1006
reimagine	multitalk	Event/MultiTalk/BinaryData/CMultiTalkData_baberu_002-018.bin	342
reimagine	multitalk	Event/MultiTalk/BinaryData/CMultiTalkData_baberu_003-001.bin	342
reimagine	multitalk	Event/MultiTalk/BinaryData/CMultiTalkData_baberu_003-002.bin	3662
reimagine	multitalk	Event/MultiTalk/BinaryData/CMultiTalkData_baberu_003-003.bin	1338
reimagine	multitalk	Event/MultiTalk/BinaryData/CMultiTalkData_baberu_003-004.bin	1338
reimagine	multitalk	Event/MultiTalk/BinaryData/CMultiTalkData_baberu_003-005.bin	674
reimagine	multitalk	Event/MultiTalk/BinaryData/CMultiTalkData_baberu_003-006.bin	1006
reimagine	multitalk	Event/MultiTalk/BinaryData/CMultiTalkData_baberu_003-007.bin	674
reimagine	multitalk	Event/MultiTalk/BinaryData/CMultiTalkData_baberu_003-008.bin	2666
reimagine	multitalk	Event/MultiTalk/BinaryData/CMultiTalkData_baberu_003-009.bin	342
reimagine	multitalk	Event/MultiTalk/BinaryData/CMultiTalkData_baberu_003-010.bin	2334
reimagine	multitalk	Event/MultiTalk/BinaryData/CMultiTalkData_baberu_003-011.bin	1670
reimagine	multitalk	Event/MultiTalk/BinaryData/CMultiTalkData_baberu_003-012.bin	1338
reimagine	multitalk	Event/MultiTalk/BinaryData/CMultiTalkData_baberu_003-013.bin	674
reimagine	multitalk	Event/MultiTalk/BinaryData/CMultiTalkData_baberu_003-014.bin	674
reimagine	multitalk	Event/MultiTalk/BinaryData/CMultiTalkData_baberu_003-015.bin	342
reimagine	multitalk	Event/MultiTalk/BinaryData/CMultiTalkData_baberu_003-016.bin	1006
reimagine	multitalk	Event/MultiTalk/BinaryData/CMultiTalkData_baberu_003-017.bin	674
reimagine	multitalk	Event/MultiTalk/BinaryData/CMultiTalkData_baberu_003-018.bin	342
reimagine	multitalk	Event/MultiTalk/BinaryData/CMultiTalkData_baberu_003-019.bin	342
reimagine	multitalk	Event/MultiTalk/BinaryData/CMultiTalkData_baberu_003-020.bin	674
reimagine	multitalk	Event/MultiTalk/BinaryData/CMultiTalkData_baberu_003-021.bin	1006
reimagine	multitalk	Event/MultiTalk/BinaryData/CMultiTalkData_baberu_003-022.bin	674
reimagine	multitalk	Event/MultiTalk/BinaryData/CMultiTalkData_baberu_003-023.bin	674
reimagine	multitalk	Event/MultiTalk/BinaryData/CMultiTalkData_baberu_003-024.bin	674
reimagine	multitalk	Event/MultiTalk/BinaryData/CMultiTalkData_baberu_003-025.bin	674
reimagine	multitalk	Event/MultiTalk/BinaryData/CMultiTalkData_baberu_003-026.bin	342
reimagine	multitalk	Event/MultiTalk/BinaryData/CMultiTalkData_baberu_003-027.bin	3330
reimagine	multitalk	Event/MultiTalk/BinaryData/CMultiTalkData_baberu_003-028.bin	3662
reimagine	multitalk	Event/MultiTalk/BinaryData/CMultiTalkData_baberu_004-001.bin	674
reimagine	multitalk	Event/MultiTalk/BinaryData/CMultiTalkData_baberu_004-002.bin	674
reimagine	multitalk	Event/MultiTalk/BinaryData/CMultiTalkData_baberu_004-003.bin	342
reimagine	multitalk	Event/MultiTalk/BinaryData/CMultiTalkData_baberu_004-004.bin	1006
reimagine	multitalk	Event/MultiTalk/BinaryData/CMultiTalkData_baberu_004-005.bin	1006
reimagine	multitalk	Event/MultiTalk/BinaryData/CMultiTalkData_baberu_004-006.bin	342
reimagine	multitalk	Event/MultiTalk/BinaryData/CMultiTalkData_baberu_004-007.bin	674
reimagine	multitalk	Event/MultiTalk/BinaryData/CMultiTalkData_baberu_004-008.bin	674
reimagine	multitalk	Event/MultiTalk/BinaryData/CMultiTalkData_baberu_004-009.bin	1006
reimagine	multitalk	Event/MultiTalk/BinaryData/CMultiTalkData_baberu_004-010.bin	1006
reimagine	multitalk	Event/MultiTalk/BinaryData/CMultiTalkData_baberu_004-011.bin	342
reimagine	multitalk	Event/MultiTalk/BinaryData/CMultiTalkData_baberu_004-012.bin	342
reimagine	multitalk	Event/MultiTalk/BinaryData/CMultiTalkData_baberu_004-013.bin	1338
reimagine	multitalk	Event/MultiTalk/BinaryData/CMultiTalkData_baberu_004-014.bin	1338
reimagine	multitalk	Event/MultiTalk/BinaryData/CMultiTalkData_baberu_004-015.bin	342
reimagine	multitalk	Event/MultiTalk/BinaryData/CMultiTalkData_baberu_004-016.bin	342
reimagine	multitalk	Event/MultiTalk/BinaryData/CMultiTalkData_baberu_004-017.bin	1670
reimagine	multitalk	Event/MultiTalk/BinaryData/CMultiTalkData_baberu_004-018.bin	342
reimagine	multitalk	Event/MultiTalk/BinaryData/CMultiTalkData_baberu_004-019.bin	674
reimagine	multitalk	Event/MultiTalk/BinaryData/CMultiTalkData_baberu_004-020.bin	1006
reimagine	multitalk	Event/MultiTalk/BinaryData/CMultiTalkData_baberu_004-021.bin	674
reimagine	multitalk	Event/MultiTalk/BinaryData/CMultiTalkData_baberu_004-022.bin	674
reimagine	multitalk	Event/MultiTalk/BinaryData/CMultiTalkData_baberu_004-023.bin	1338
reimagine	multitalk	Event/MultiTalk/BinaryData/CMultiTalkData_baberu_004-024.bin	674
reimagine	multitalk	Event/MultiTalk/BinaryData/CMultiTalkData_baberu_004-025.bin	674
reimagine	multitalk	Event/MultiTalk/BinaryData/CMultiTalkData_baberu_004-026.bin	342
reimagine	multitalk	Event/MultiTalk/BinaryData/CMultiTalkData_baberu_004-027.bin	674
reimagine	multitalk	Event/MultiTalk/BinaryData/CMultiTalkData_baberu_004-028.bin	1006
reimagine	multitalk	Event/MultiTalk/BinaryData/CMultiTalkData_baberu_005-001.bin	342
reimagine	multitalk	Event/MultiTalk/BinaryData/CMultiTalkData_baberu_005-002.bin	342
reimagine	multitalk	Event/MultiTalk/BinaryData/CMultiTalkData_baberu_005-003.bin	2002
reimagine	multitalk	Event/MultiTalk/BinaryData/CMultiTalkData_baberu_005-004.bin	342
reimagine	multitalk	Event/MultiTalk/BinaryData/CMultiTalkData_baberu_005-005.bin	2334
reimagine	multitalk	Event/MultiTalk/BinaryData/CMultiTalkData_baberu_005-006.bin	674
reimagine	multitalk	Event/MultiTalk/BinaryData/CMultiTalkData_baberu_005-007.bin	674
reimagine	multitalk	Event/MultiTalk/BinaryData/CMultiTalkData_baberu_005-008.bin	674
reimagine	multitalk	Event/MultiTalk/BinaryData/CMultiTalkData_baberu_005-009.bin	674
reimagine	multitalk	Event/MultiTalk/BinaryData/CMultiTalkData_baberu_005-010.bin	674
reimagine	multitalk	Event/MultiTalk/BinaryData/CMultiTalkData_baberu_005-011.bin	1006
reimagine	multitalk	Event/MultiTalk/BinaryData/CMultiTalkData_baberu_005-012.bin	342
reimagine	multitalk	Event/MultiTalk/BinaryData/CMultiTalkData_baberu_005-013.bin	342
reimagine	multitalk	Event/MultiTalk/BinaryData/CMultiTalkData_baberu_005-014.bin	674
reimagine	multitalk	Event/MultiTalk/BinaryData/CMultiTalkData_baberu_005-015.bin	674
reimagine	multitalk	Event/MultiTalk/BinaryData/CMultiTalkData_baberu_005-016.bin	674
reimagine	multitalk	Event/MultiTalk/BinaryData/CMultiTalkData_baberu_006-001.bin	3662
reimagine	multitalk	Event/MultiTalk/BinaryData/CMultiTalkData_baberu_006-002.bin	2334
reimagine	multitalk	Event/MultiTalk/BinaryData/CMultiTalkData_baberu_006-003.bin	2334
reimagine	multitalk	Event/MultiTalk/BinaryData/CMultiTalkData_baberu_006-004.bin	1670
reimagine	multitalk	Event/MultiTalk/BinaryData/CMultiTalkData_baberu_006-005.bin	2666
reimagine	multitalk	Event/MultiTalk/BinaryData/CMultiTalkData_baberu_006-006.bin	2002
reimagine	multitalk	Event/MultiTalk/BinaryData/CMultiTalkData_baberu_006-007.bin	2002
reimagine	multitalk	Event/MultiTalk/BinaryData/CMultiTalkData_baberu_006-008.bin	2002
reimagine	multitalk	Event/MultiTalk/BinaryData/CMultiTalkData_baberu_006-009.bin	2002
reimagine	multitalk	Event/MultiTalk/BinaryData/CMultiTalkData_baberu_006-010.bin	2002
reimagine	multitalk	Event/MultiTalk/BinaryData/CMultiTalkData_baberu_006-011.bin	2002
reimagine	multitalk	Event/MultiTalk/BinaryData/CMultiTalkData_baberu_006-012.bin	1670
reimagine	multitalk	Event/MultiTalk/BinaryData/CMultiTalkData_baberu_006-013.bin	2334
reimagine	multitalk	Event/MultiTalk/BinaryData/CMultiTalkData_baberu_006-014.bin	2002
reimagine	multitalk	Event/MultiTalk/BinaryData/CMultiTalkData_baberu_006-015.bin	2002
reimagine	multitalk	Event/MultiTalk/BinaryData/CMultiTalkData_baberu_006-016.bin	3662
reimagine	multitalk	Event/MultiTalk/BinaryData/CMultiTalkData_baberu_006-017.bin	1670
reimagine	multitalk	Event/MultiTalk/BinaryData/CMultiTalkData_baberu_006-018.bin	1670
reimagine	multitalk	Event/MultiTalk/BinaryData/CMultiTalkData_baberu_006-019.bin	1670
reimagine	multitalk	Event/MultiTalk/BinaryData/CMultiTalkData_baberu_006-020.bin	2002
reimagine	multitalk	Event/MultiTalk/BinaryData/CMultiTalkData_baberu_006-021.bin	1670
reimagine	multitalk	Event/MultiTalk/BinaryData/CMultiTalkData_baberu_006-022.bin	2002
reimagine	multitalk	Event/MultiTalk/BinaryData/CMultiTalkData_baberu_007-001.bin	2666
reimagine	multitalk	Event/MultiTalk/BinaryData/CMultiTalkData_baberu_007-002.bin	4658
reimagine	multitalk	Event/MultiTalk/BinaryData/CMultiTalkData_baberu_007-003.bin	5986
reimagine	multitalk	Event/MultiTalk/BinaryData/CMultiTalkData_baberu_007-004.bin	5322
reimagine	multitalk	Event/MultiTalk/BinaryData/CMultiTalkData_baberu_007-005.bin	342
reimagine	multitalk	Event/MultiTalk/BinaryData/CMultiTalkData_baberu_007-006.bin	674
reimagine	multitalk	Event/MultiTalk/BinaryData/CMultiTalkData_baberu_007-007.bin	7314
reimagine	multitalk	Event/MultiTalk/BinaryData/CMultiTalkData_baberu_007-008.bin	3662
reimagine	multitalk	Event/MultiTalk/BinaryData/CMultiTalkData_baberu_007-009.bin	342
reimagine	multitalk	Event/MultiTalk/BinaryData/CMultiTalkData_baberu_007-010.bin	6650
reimagine	multitalk	Event/MultiTalk/BinaryData/CMultiTalkData_baberu_007-011.bin	4658
reimagine	multitalk	Event/MultiTalk/BinaryData/CMultiTalkData_baberu_007-012.bin	342
reimagine	multitalk	Event/MultiTalk/BinaryData/CMultiTalkData_baberu_007-013.bin	342
reimagine	multitalk	Event/MultiTalk/BinaryData/CMultiTalkData_baberu_007-014.bin	7314
reimagine	multitalk	Event/MultiTalk/BinaryData/CMultiTalkData_baberu_007-015.bin	4326
reimagine	multitalk	Event/MultiTalk/BinaryData/CMultiTalkData_baberu_007-016.bin	1006
reimagine	multitalk	Event/MultiTalk/BinaryData/CMultiTalkData_baberu_007-017.bin	6318
reimagine	multitalk	Event/MultiTalk/BinaryData/CMultiTalkData_baberu_007-018.bin	6982
reimagine	multitalk	Event/MultiTalk/BinaryData/CMultiTalkData_baberu_007-019.bin	1006
reimagine	multitalk	Event/MultiTalk/BinaryData/CMultiTalkData_baberu_007-020.bin	1006
reimagine	multitalk	Event/MultiTalk/BinaryData/CMultiTalkData_baberu_008-001.bin	1006
reimagine	multitalk	Event/MultiTalk/BinaryData/CMultiTalkData_baberu_008-002.bin	2666
reimagine	multitalk	Event/MultiTalk/BinaryData/CMultiTalkData_baberu_008-003.bin	2998
reimagine	multitalk	Event/MultiTalk/BinaryData/CMultiTalkData_baberu_008-004.bin	2666
reimagine	multitalk	Event/MultiTalk/BinaryData/CMultiTalkData_baberu_008-005.bin	342
reimagine	multitalk	Event/MultiTalk/BinaryData/CMultiTalkData_baberu_008-006.bin	342
reimagine	multitalk	Event/MultiTalk/BinaryData/CMultiTalkData_baberu_008-007.bin	674
reimagine	multitalk	Event/MultiTalk/BinaryData/CMultiTalkData_baberu_008-008.bin	342
reimagine	multitalk	Event/MultiTalk/BinaryData/CMultiTalkData_baberu_008-009.bin	2666
reimagine	multitalk	Event/MultiTalk/BinaryData/CMultiTalkData_baberu_008-010.bin	674
reimagine	multitalk	Event/MultiTalk/BinaryData/CMultiTalkData_baberu_008-011.bin	2998
reimagine	multitalk	Event/MultiTalk/BinaryData/CMultiTalkData_baberu_008-012.bin	2002
reimagine	multitalk	Event/MultiTalk/BinaryData/CMultiTalkData_baberu_008-013.bin	1006
reimagine	multitalk	Event/MultiTalk/BinaryData/CMultiTalkData_baberu_008-014.bin	674
reimagine	multitalk	Event/MultiTalk/BinaryData/CMultiTalkData_baberu_008-015.bin	1338
reimagine	multitalk	Event/MultiTalk/BinaryData/CMultiTalkData_baberu_008-016.bin	674
reimagine	multitalk	Event/MultiTalk/BinaryData/CMultiTalkData_baberu_008-017.bin	674
reimagine	multitalk	Event/MultiTalk/BinaryData/CMultiTalkData_baberu_008-018.bin	674
reimagine	multitalk	Event/MultiTalk/BinaryData/CMultiTalkData_baberu_008-019.bin	1338
reimagine	multitalk	Event/MultiTalk/BinaryData/CMultiTalkData_baberu_008-020.bin	674
reimagine	multitalk	Event/MultiTalk/BinaryData/CMultiTalkData_baberu_008-021.bin	2334
reimagine	multitalk	Event/MultiTalk/BinaryData/CMultiTalkData_baberu_008-022.bin	1006
reimagine	multitalk	Event/MultiTalk/BinaryData/CMultiTalkData_baberu_008-023.bin	674
reimagine	multitalk	Event/MultiTalk/BinaryData/CMultiTalkData_baberu_009-001.bin	674
reimagine	multitalk	Event/MultiTalk/BinaryData/CMultiTalkData_baberu_009-002.bin	6318
reimagine	multitalk	Event/MultiTalk/BinaryData/CMultiTalkData_baberu_009-003.bin	6982
reimagine	multitalk	Event/MultiTalk/BinaryData/CMultiTalkData_baberu_009-004.bin	674
reimagine	multitalk	Event/MultiTalk/BinaryData/CMultiTalkData_baberu_009-005.bin	342
reimagine	multitalk	Event/MultiTalk/BinaryData/CMultiTalkData_baberu_009-006.bin	342
reimagine	multitalk	Event/MultiTalk/BinaryData/CMultiTalkData_baberu_009-007.bin	1006
reimagine	multitalk	Event/MultiTalk/BinaryData/CMultiTalkData_baberu_009-008.bin	342
reimagine	multitalk	Event/MultiTalk/BinaryData/CMultiTalkData_baberu_009-009.bin	674
reimagine	multitalk	Event/MultiTalk/BinaryData/CMultiTalkData_baberu_009-010.bin	674
reimagine	multitalk	Event/MultiTalk/BinaryData/CMultiTalkData_baberu_009-011.bin	1006
reimagine	multitalk	Event/MultiTalk/BinaryData/CMultiTalkData_baberu_009-012.bin	674
reimagine	multitalk	Event/MultiTalk/BinaryData/CMultiTalkData_baberu_009-013.bin	1338
reimagine	multitalk	Event/MultiTalk/BinaryData/CMultiTalkData_baberu_009-014.bin	2334
reimagine	multitalk	Event/MultiTalk/BinaryData/CMultiTalkData_baberu_009-015.bin	1338
reimagine	multitalk	Event/MultiTalk/BinaryData/CMultiTalkData_baberu_009-016.bin	6318
reimagine	multitalk	Event/MultiTalk/BinaryData/CMultiTalkData_baberu_009-017.bin	1338
reimagine	multitalk	Event/MultiTalk/BinaryData/CMultiTalkData_baberu_009-018.bin	6982
reimagine	multitalk	Event/MultiTalk/BinaryData/CMultiTalkData_baberu_009-019.bin	674
reimagine	multitalk	Event/MultiTalk/BinaryData/CMultiTalkData_baberu_009-020.bin	1338
reimagine	multitalk	Event/MultiTalk/BinaryData/CMultiTalkData_baberu_009-021.bin	1006
reimagine	multitalk	Event/MultiTalk/BinaryData/CMultiTalkData_baberu_009-022.bin	1338
reimagine	multitalk	Event/MultiTalk/BinaryData/CMultiTalkData_baberu_009-023.bin	1338
reimagine	multitalk	Event/MultiTalk/BinaryData/CMultiTalkData_baberu_009-024.bin	1006
reimagine	multitalk	Event/MultiTalk/BinaryData/CMultiTalkData_baberu_009-025.bin	1670
reimagine	multitalk	Event/MultiTalk/BinaryData/CMultiTalkData_baberu_009-026.bin	1338
reimagine	multitalk	Event/MultiTalk/BinaryData/CMultiTalkData_baberu_009-027.bin	3330
reimagine	multitalk	Event/MultiTalk/BinaryData/CMultiTalkData_baberu_009-028.bin	1670
reimagine	multitalk	Event/MultiTalk/BinaryData/CMultiTalkData_baberu_009-029.bin	1338
reimagine	multitalk	Event/MultiTalk/BinaryData/CMultiTalkData_baberu_009-030.bin	1670
reimagine	multitalk	Event/MultiTalk/BinaryData/CMultiTalkData_baberu_009-031.bin	1338
reimagine	multitalk	Event/MultiTalk/BinaryData/CMultiTalkData_baberu_009-032.bin	1670
reimagine	multitalk	Event/MultiTalk/BinaryData/CMultiTalkData_baberu_009-033.bin	1338
reimagine	multitalk	Event/MultiTalk/BinaryData/CMultiTalkData_baberu_009-034.bin	1338
reimagine	multitalk	Event/MultiTalk/BinaryData/CMultiTalkData_baberu_009-035.bin	3662
reimagine	multitalk	Event/MultiTalk/BinaryData/CMultiTalkData_baberu_009-036.bin	1338
reimagine	multitalk	Event/MultiTalk/BinaryData/CMultiTalkData_baberu_009-037.bin	1338
reimagine	multitalk	Event/MultiTalk/BinaryData/CMultiTalkData_baberu_009-038.bin	1670
reimagine	multitalk	Event/MultiTalk/BinaryData/CMultiTalkData_baberu_009-039.bin	1338
reimagine	multitalk	Event/MultiTalk/BinaryData/CMultiTalkData_baberu_009-040.bin	1338
reimagine	multitalk	Event/MultiTalk/BinaryData/CMultiTalkData_baberu_009-041.bin	3662
reimagine	multitalk	Event/MultiTalk/BinaryData/CMultiTalkData_baberu_009-042.bin	1338
reimagine	multitalk	Event/MultiTalk/BinaryData/CMultiTalkData_baberu_010-001.bin	674
reimagine	multitalk	Event/MultiTalk/BinaryData/CMultiTalkData_baberu_010-002.bin	1006
reimagine	multitalk	Event/MultiTalk/BinaryData/CMultiTalkData_baberu_010-003.bin	674
reimagine	multitalk	Event/MultiTalk/BinaryData/CMultiTalkData_baberu_010-004.bin	1006
reimagine	multitalk	Event/MultiTalk/BinaryData/CMultiTalkData_baberu_010-005.bin	7978
reimagine	multitalk	Event/MultiTalk/BinaryData/CMultiTalkData_baberu_010-006.bin	674
reimagine	multitalk	Event/MultiTalk/BinaryData/CMultiTalkData_baberu_010-007.bin	674
reimagine	multitalk	Event/MultiTalk/BinaryData/CMultiTalkData_baberu_010-008.bin	2998
reimagine	multitalk	Event/MultiTalk/BinaryData/CMultiTalkData_baberu_010-009.bin	674
reimagine	multitalk	Event/MultiTalk/BinaryData/CMultiTalkData_baberu_010-010.bin	7646
reimagine	multitalk	Event/MultiTalk/BinaryData/CMultiTalkData_baberu_010-011.bin	7978
reimagine	multitalk	Event/MultiTalk/BinaryData/CMultiTalkData_baberu_010-012.bin	674
reimagine	multitalk	Event/MultiTalk/BinaryData/CMultiTalkData_baberu_010-013.bin	674
reimagine	multitalk	Event/MultiTalk/BinaryData/CMultiTalkData_baberu_010-014.bin	4990
reimagine	multitalk	Event/MultiTalk/BinaryData/CMultiTalkData_baberu_010-015.bin	1006
reimagine	multitalk	Event/MultiTalk/BinaryData/CMultiTalkData_baberu_010-016.bin	674
reimagine	multitalk	Event/MultiTalk/BinaryData/CMultiTalkData_baberu_010-017.bin	7314
reimagine	multitalk	Event/MultiTalk/BinaryData/CMultiTalkData_baberu_010-018.bin	1006
reimagine	multitalk	Event/MultiTalk/BinaryData/CMultiTalkData_baberu_010-019.bin	1006
reimagine	multitalk	Event/MultiTalk/BinaryData/CMultiTalkData_baberu_010-020.bin	674
reimagine	multitalk	Event/MultiTalk/BinaryData/CMultiTalkData_baberu_010-021.bin	674
reimagine	multitalk	Event/MultiTalk/BinaryData/CMultiTalkData_baberu_010-022.bin	674
reimagine	multitalk	Event/MultiTalk/BinaryData/CMultiTalkData_baberu_010-023.bin	342
reimagine	multitalk	Event/MultiTalk/BinaryData/CMultiTalkData_baberu_010-024.bin	3330
reimagine	multitalk	Event/MultiTalk/BinaryData/CMultiTalkData_baberu_010-025.bin	342
reimagine	multitalk	Event/MultiTalk/BinaryData/CMultiTalkData_baberu_010-026.bin	3330
reimagine	multitalk	Event/MultiTalk/BinaryData/CMultiTalkData_baberu_011-001.bin	7646
reimagine	multitalk	Event/MultiTalk/BinaryData/CMultiTalkData_baberu_011-002.bin	4990
reimagine	multitalk	Event/MultiTalk/BinaryData/CMultiTalkData_baberu_012-001.bin	1670
reimagine	multitalk	Event/MultiTalk/BinaryData/CMultiTalkData_baberu_012-002.bin	1006
reimagine	multitalk	Event/MultiTalk/BinaryData/CMultiTalkData_baberu_012-003.bin	2666
reimagine	multitalk	Event/MultiTalk/BinaryData/CMultiTalkData_baberu_012-004.bin	1670
reimagine	multitalk	Event/MultiTalk/BinaryData/CMultiTalkData_baberu_012-005.bin	3662
reimagine	multitalk	Event/MultiTalk/BinaryData/CMultiTalkData_baberu_012-006.bin	3330
reimagine	multitalk	Event/MultiTalk/BinaryData/CMultiTalkData_baberu_013-001.bin	1006
reimagine	multitalk	Event/MultiTalk/BinaryData/CMultiTalkData_baberu_013-002.bin	1006
reimagine	multitalk	Event/MultiTalk/BinaryData/CMultiTalkData_baberu_013-003.bin	1006
reimagine	multitalk	Event/MultiTalk/BinaryData/CMultiTalkData_baberu_013-004.bin	2334
reimagine	multitalk	Event/MultiTalk/BinaryData/CMultiTalkData_baberu_013-005.bin	1006
reimagine	multitalk	Event/MultiTalk/BinaryData/CMultiTalkData_baberu_013-006.bin	1006
reimagine	multitalk	Event/MultiTalk/BinaryData/CMultiTalkData_baberu_013-007.bin	1006
reimagine	multitalk	Event/MultiTalk/BinaryData/CMultiTalkData_baberu_013-008.bin	1338
reimagine	multitalk	Event/MultiTalk/BinaryData/CMultiTalkData_baberu_013-009.bin	1670
reimagine	multitalk	Event/MultiTalk/BinaryData/CMultiTalkData_baberu_013-010.bin	1338
reimagine	multitalk	Event/MultiTalk/BinaryData/CMultiTalkData_baberu_013-011.bin	5322
reimagine	multitalk	Event/MultiTalk/BinaryData/CMultiTalkData_baberu_013-012.bin	3662
reimagine	multitalk	Event/MultiTalk/BinaryData/CMultiTalkData_baberu_013-013.bin	3994
reimagine	multitalk	Event/MultiTalk/BinaryData/CMultiTalkData_baberu_013-014.bin	4990
reimagine	multitalk	Event/MultiTalk/BinaryData/CMultiTalkData_baberu_013-015.bin	1006
reimagine	multitalk	Event/MultiTalk/BinaryData/CMultiTalkData_baberu_013-016.bin	1006
reimagine	multitalk	Event/MultiTalk/BinaryData/CMultiTalkData_daisanhome_001-001.bin	1338
reimagine	multitalk	Event/MultiTalk/BinaryData/CMultiTalkData_daisanhome_001-002.bin	674
reimagine	multitalk	Event/MultiTalk/BinaryData/CMultiTalkData_daisanhome_001-003.bin	674
reimagine	multitalk	Event/MultiTalk/BinaryData/CMultiTalkData_daisanhome_001-004.bin	674
reimagine	multitalk	Event/MultiTalk/BinaryData/CMultiTalkData_daisanhome_001-005.bin	674
reimagine	multitalk	Event/MultiTalk/BinaryData/CMultiTalkData_daisanhome_001-006.bin	1338
reimagine	multitalk	Event/MultiTalk/BinaryData/CMultiTalkData_daisanhome_001-007.bin	674
reimagine	multitalk	Event/MultiTalk/BinaryData/CMultiTalkData_daisanhome_001-008.bin	1006
reimagine	multitalk	Event/MultiTalk/BinaryData/CMultiTalkData_daisanhome_001-009.bin	674
reimagine	multitalk	Event/MultiTalk/BinaryData/CMultiTalkData_daisanhome_001-010.bin	674
reimagine	multitalk	Event/MultiTalk/BinaryData/CMultiTalkData_daisanhome_001-011.bin	674
reimagine	multitalk	Event/MultiTalk/BinaryData/CMultiTalkData_daisanhome_001-012.bin	1338
reimagine	multitalk	Event/MultiTalk/BinaryData/CMultiTalkData_daisanhome_001-013.bin	16278
reimagine	multitalk	Event/MultiTalk/BinaryData/CMultiTalkData_daisanhome_001-014.bin	674
reimagine	multitalk	Event/MultiTalk/BinaryData/CMultiTalkData_daisanhome_001-015.bin	1006
reimagine	multitalk	Event/MultiTalk/BinaryData/CMultiTalkData_daisanhome_001-016.bin	1006
reimagine	multitalk	Event/MultiTalk/BinaryData/CMultiTalkData_daisanhome_001-017.bin	1338
reimagine	multitalk	Event/MultiTalk/BinaryData/CMultiTalkData_daisanhome_001-018.bin	1338
reimagine	multitalk	Event/MultiTalk/BinaryData/CMultiTalkData_daisanhome_002-001.bin	26238
reimagine	multitalk	Event/MultiTalk/BinaryData/CMultiTalkData_daisanhome_002-002.bin	25906
reimagine	multitalk	Event/MultiTalk/BinaryData/CMultiTalkData_daisanhome_002-003.bin	21258
reimagine	multitalk	Event/MultiTalk/BinaryData/CMultiTalkData_daisanhome_002-004.bin	13290
reimagine	multitalk	Event/MultiTalk/BinaryData/CMultiTalkData_daisanhome_002-005.bin	1338
reimagine	multitalk	Event/MultiTalk/BinaryData/CMultiTalkData_daisanhome_003-001.bin	3662
reimagine	multitalk	Event/MultiTalk/BinaryData/CMultiTalkData_daisanhome_003-002.bin	1670
reimagine	multitalk	Event/MultiTalk/BinaryData/CMultiTalkData_daisanhome_003-003.bin	1006
reimagine	multitalk	Event/MultiTalk/BinaryData/CMultiTalkData_daisanhome_003-004.bin	1006
reimagine	multitalk	Event/MultiTalk/BinaryData/CMultiTalkData_daisanhome_003-005.bin	674
reimagine	multitalk	Event/MultiTalk/BinaryData/CMultiTalkData_daisanhome_003-006.bin	674
reimagine	multitalk	Event/MultiTalk/BinaryData/CMultiTalkData_daisanhome_003-007.bin	1670
reimagine	multitalk	Event/MultiTalk/BinaryData/CMultiTalkData_daisanhome_003-008.bin	2002
reimagine	multitalk	Event/MultiTalk/BinaryData/CMultiTalkData_daisanhome_003-009.bin	1338
reimagine	multitalk	Event/MultiTalk/BinaryData/CMultiTalkData_daisanhome_003-010.bin	674
reimagine	multitalk	Event/MultiTalk/BinaryData/CMultiTalkData_daisanhome_003-011.bin	1338
reimagine	multitalk	Event/MultiTalk/BinaryData/CMultiTalkData_daisanhome_003-012.bin	1006
reimagine	multitalk	Event/MultiTalk/BinaryData/CMultiTalkData_daisanhome_003-013.bin	674
reimagine	multitalk	Event/MultiTalk/BinaryData/CMultiTalkData_daisanhome_003-014.bin	1006
reimagine	multitalk	Event/MultiTalk/BinaryData/CMultiTalkData_daisanhome_003-015.bin	1006
reimagine	multitalk	Event/MultiTalk/BinaryData/CMultiTalkData_kyuuichigayatyuuton_001-001.bin	1338
reimagine	multitalk	Event/MultiTalk/BinaryData/CMultiTalkData_kyuuichigayatyuuton_001-002.bin	2998
reimagine	multitalk	Event/MultiTalk/BinaryData/CMultiTalkData_kyuuichigayatyuuton_001-003.bin	3994
reimagine	multitalk	Event/MultiTalk/BinaryData/CMultiTalkData_kyuuichigayatyuuton_001-004.bin	2334
reimagine	multitalk	Event/MultiTalk/BinaryData/CMultiTalkData_kyuuichigayatyuuton_001-005.bin	1670
reimagine	multitalk	Event/MultiTalk/BinaryData/CMultiTalkData_kyuuichigayatyuuton_001-006.bin	5322
reimagine	multitalk	Event/MultiTalk/BinaryData/CMultiTalkData_kyuuichigayatyuuton_001-007.bin	4326
reimagine	multitalk	Event/MultiTalk/BinaryData/CMultiTalkData_kyuuichigayatyuuton_001-008.bin	2334
reimagine	multitalk	Event/MultiTalk/BinaryData/CMultiTalkData_kyuuichigayatyuuton_001-009.bin	2002
reimagine	multitalk	Event/MultiTalk/BinaryData/CMultiTalkData_kyuuichigayatyuuton_001-010.bin	2666
reimagine	multitalk	Event/MultiTalk/BinaryData/CMultiTalkData_kyuuichigayatyuuton_001-011.bin	2998
reimagine	multitalk	Event/MultiTalk/BinaryData/CMultiTalkData_kyuuichigayatyuuton_001-012.bin	2666
reimagine	multitalk	Event/MultiTalk/BinaryData/CMultiTalkData_kyuuichigayatyuuton_001-013.bin	1338
reimagine	multitalk	Event/MultiTalk/BinaryData/CMultiTalkData_kyuuichigayatyuuton_001-014.bin	1670
reimagine	multitalk	Event/MultiTalk/BinaryData/CMultiTalkData_kyuuichigayatyuuton_001-015.bin	2666
reimagine	multitalk	Event/MultiTalk/BinaryData/CMultiTalkData_makaikagurazakasuzakudou_001-001.bin	1338
reimagine	multitalk	Event/MultiTalk/BinaryData/CMultiTalkData_makaikagurazakasuzakudou_001-002.bin	1670
reimagine	multitalk	Event/MultiTalk/BinaryData/CMultiTalkData_makaikagurazakasuzakudou_001-003.bin	1670
reimagine	multitalk	Event/MultiTalk/BinaryData/CMultiTalkData_makaikagurazakasuzakudou_001-004.bin	1670
reimagine	multitalk	Event/MultiTalk/BinaryData/CMultiTalkData_makaikagurazakasuzakudou_001-005.bin	1670
reimagine	multitalk	Event/MultiTalk/BinaryData/CMultiTalkData_makaiserutower_001-001.bin	1006
reimagine	multitalk	Event/MultiTalk/BinaryData/CMultiTalkData_makaiserutower_001-002.bin	2666
reimagine	multitalk	Event/MultiTalk/BinaryData/CMultiTalkData_makaiserutower_001-003.bin	3662
reimagine	multitalk	Event/MultiTalk/BinaryData/CMultiTalkData_makaiserutower_001-004.bin	4326
reimagine	multitalk	Event/MultiTalk/BinaryData/CMultiTalkData_makaisinagawasinndennkisi_001-001.bin	1006
reimagine	multitalk	Event/MultiTalk/BinaryData/CMultiTalkData_makaisinagawasinndennkisi_001-002.bin	1670
reimagine	multitalk	Event/MultiTalk/BinaryData/CMultiTalkData_makaisinagawasinndennkisi_001-003.bin	1670
reimagine	multitalk	Event/MultiTalk/BinaryData/CMultiTalkData_makaisinagawasinndennkisi_001-004.bin	1670
reimagine	multitalk	Event/MultiTalk/BinaryData/CMultiTalkData_makaisinagawasinndennkisi_001-005.bin	1670
reimagine	multitalk	Event/MultiTalk/BinaryData/CMultiTalkData_shibuchika_001-0010.bin	1338
reimagine	multitalk	Event/MultiTalk/BinaryData/CMultiTalkData_shibuchika_001-0011.bin	1338
reimagine	multitalk	Event/MultiTalk/BinaryData/CMultiTalkData_shibuchika_001-001.bin	2998
reimagine	multitalk	Event/MultiTalk/BinaryData/CMultiTalkData_shibuchika_001-002.bin	4990
reimagine	multitalk	Event/MultiTalk/BinaryData/CMultiTalkData_shibuchika_001-003.bin	674
reimagine	multitalk	Event/MultiTalk/BinaryData/CMultiTalkData_shibuchika_001-004.bin	1006
reimagine	multitalk	Event/MultiTalk/BinaryData/CMultiTalkData_shibuchika_001-005.bin	674
reimagine	multitalk	Event/MultiTalk/BinaryData/CMultiTalkData_shibuchika_001-006.bin	674
reimagine	multitalk	Event/MultiTalk/BinaryData/CMultiTalkData_shibuchika_001-007.bin	2334
reimagine	multitalk	Event/MultiTalk/BinaryData/CMultiTalkData_shibuchika_001-008.bin	2998
reimagine	multitalk	Event/MultiTalk/BinaryData/CMultiTalkData_shibuchika_001-009.bin	342
reimagine	multitalk	Event/MultiTalk/BinaryData/CMultiTalkData_shibuchika_002-001.bin	3662
reimagine	multitalk	Event/MultiTalk/BinaryData/CMultiTalkData_shibuchika_002-002.bin	2334
reimagine	multitalk	Event/MultiTalk/BinaryData/CMultiTalkData_shibuchika_002-003.bin	1006
reimagine	multitalk	Event/MultiTalk/BinaryData/CMultiTalkData_shibuchika_002-004.bin	1338
reimagine	multitalk	Event/MultiTalk/BinaryData/CMultiTalkData_shibuchika_002-005.bin	2666
reimagine	multitalk	Event/MultiTalk/BinaryData/CMultiTalkData_shibuchika_002-006.bin	3662
reimagine	multitalk	Event/MultiTalk/BinaryData/CMultiTalkData_shibuchika_002-007.bin	2998
reimagine	multitalk	Event/MultiTalk/BinaryData/CMultiTalkData_shibuchika_003-001.bin	2666
reimagine	multitalk	Event/MultiTalk/BinaryData/CMultiTalkData_shibuchika_003-002.bin	1006
reimagine	multitalk	Event/MultiTalk/BinaryData/CMultiTalkData_shibuchika_003-003.bin	2002
reimagine	multitalk	Event/MultiTalk/BinaryData/CMultiTalkData_shibuchika_003-004.bin	2334
reimagine	multitalk	Event/MultiTalk/BinaryData/CMultiTalkData_shibuchika_003-005.bin	1338
reimagine	multitalk	Event/MultiTalk/BinaryData/CMultiTalkData_shibuchika_003-006.bin	1006
reimagine	multitalk	Event/MultiTalk/BinaryData/CMultiTalkData_shibuchika_003-007.bin	1006
reimagine	multitalk	Event/MultiTalk/BinaryData/CMultiTalkData_shibuchika_003-008.bin	2334
reimagine	multitalk	Event/MultiTalk/BinaryData/CMultiTalkData_shibuchika_003-009.bin	5322
reimagine	multitalk	Event/MultiTalk/BinaryData/CMultiTalkData_shibuchika_003-010.bin	17938
reimagine	multitalk	Event/MultiTalk/BinaryData/CMultiTalkData_shibuchika_003-011.bin	3662
reimagine	multitalk	Event/MultiTalk/BinaryData/CMultiTalkData_shibuchika_003-012.bin	3330
reimagine	multitalk	Event/MultiTalk/BinaryData/CMultiTalkData_shibuchika_003-013.bin	4326
reimagine	multitalk	Event/MultiTalk/BinaryData/CMultiTalkData_shibuchika_003-014.bin	2666
reimagine	multitalk	Event/MultiTalk/BinaryData/CMultiTalkData_shibuyafield_001-001.bin	674
reimagine	multitalk	Event/MultiTalk/BinaryData/CMultiTalkData_shibuyafield_001-002.bin	1006
reimagine	multitalk	Event/MultiTalk/BinaryData/CMultiTalkData_shibuyafield_001-003.bin	674
reimagine	multitalk	Event/MultiTalk/BinaryData/CMultiTalkData_shibuyafield_001-004.bin	1006
reimagine	multitalk	Event/MultiTalk/BinaryData/CMultiTalkData_shibuyafield_001-005.bin	342
reimagine	multitalk	Event/MultiTalk/BinaryData/CMultiTalkData_shibuyafield_001-006.bin	1338
reimagine	multitalk	Event/MultiTalk/BinaryData/CMultiTalkData_shibuyafield_001-007.bin	1006
reimagine	multitalk	Event/MultiTalk/BinaryData/CMultiTalkData_shibuyafield_001-008.bin	674
reimagine	multitalk	Event/MultiTalk/BinaryData/CMultiTalkData_shibuyafield_001-009.bin	1006
reimagine	multitalk	Event/MultiTalk/BinaryData/CMultiTalkData_shibuyafield_001-010.bin	1006
reimagine	multitalk	Event/MultiTalk/BinaryData/CMultiTalkData_shibuyafield_002-001.bin	2334
reimagine	multitalk	Event/MultiTalk/BinaryData/CMultiTalkData_shibuyafield_002-002.bin	1338
reimagine	multitalk	Event/MultiTalk/BinaryData/CMultiTalkData_shibuyafield_002-003.bin	2334
reimagine	multitalk	Event/MultiTalk/BinaryData/CMultiTalkData_shibuyafield_003-001.bin	6650
reimagine	multitalk	Event/MultiTalk/BinaryData/CMultiTalkData_sibuyakuoutsu_001-001.bin	1006
reimagine	multitalk	Event/MultiTalk/BinaryData/CMultiTalkData_sibuyakuoutsu_001-002.bin	1670
reimagine	multitalk	Event/MultiTalk/BinaryData/CMultiTalkData_sibuyakuoutsu_001-003.bin	1670
reimagine	multitalk	Event/MultiTalk/BinaryData/CMultiTalkData_sibuyakuoutsu_001-004.bin	1670
reimagine	multitalk	Event/MultiTalk/BinaryData/CMultiTalkData_sibuyakuoutsu_001-005.bin	1670
reimagine	multitalk	Event/MultiTalk/BinaryData/CMultiTalkData_sohonzan_001-001.bin	1338
reimagine	multitalk	Event/MultiTalk/BinaryData/CMultiTalkData_sohonzan_001-002.bin	342
reimagine	multitalk	Event/MultiTalk/BinaryData/CMultiTalkData_sohonzan_001-003.bin	674
reimagine	multitalk	Event/MultiTalk/BinaryData/CMultiTalkData_sohonzan_001-004.bin	674
reimagine	multitalk	Event/MultiTalk/BinaryData/CMultiTalkData_sohonzan_001-005.bin	3994
reimagine	multitalk	Event/MultiTalk/BinaryData/CMultiTalkData_sohonzan_001-006.bin	342
reimagine	multitalk	Event/MultiTalk/BinaryData/CMultiTalkData_sohonzan_001-007.bin	674
reimagine	multitalk	Event/MultiTalk/BinaryData/CMultiTalkData_sohonzan_001-008.bin	1006
reimagine	multitalk	Event/MultiTalk/BinaryData/CMultiTalkData_sohonzan_001-009.bin	10634
reimagine	multitalk	Event/MultiTalk/BinaryData/CMultiTalkData_sohonzan_001-010.bin	674
reimagine	multitalk	Event/MultiTalk/BinaryData/CMultiTalkData_sohonzan_001-011.bin	342
reimagine	multitalk	Event/MultiTalk/BinaryData/CMultiTalkData_sohonzan_001-012.bin	674
reimagine	multitalk	Event/MultiTalk/BinaryData/CMultiTalkData_sohonzan_001-013.bin	1338
reimagine	multitalk	Event/MultiTalk/BinaryData/CMultiTalkData_sohonzan_001-014.bin	342
reimagine	multitalk	Event/MultiTalk/BinaryData/CMultiTalkData_sohonzan_001-015.bin	1006
reimagine	multitalk	Event/MultiTalk/BinaryData/CMultiTalkData_sohonzan_001-016.bin	1006
reimagine	multitalk	Event/MultiTalk/BinaryData/CMultiTalkData_sohonzan_001-017.bin	674
reimagine	multitalk	Event/MultiTalk/BinaryData/CMultiTalkData_sohonzan_001-018.bin	674
reimagine	multitalk	Event/MultiTalk/BinaryData/CMultiTalkData_sohonzan_001-019.bin	1006
reimagine	multitalk	Event/MultiTalk/BinaryData/CMultiTalkData_sohonzan_002-001.bin	674
reimagine	multitalk	Event/MultiTalk/BinaryData/CMultiTalkData_sohonzan_002-002.bin	1338
reimagine	multitalk	Event/MultiTalk/BinaryData/CMultiTalkData_sohonzan_002-003.bin	342
reimagine	multitalk	Event/MultiTalk/BinaryData/CMultiTalkData_sohonzan_002-004.bin	2334
reimagine	multitalk	Event/MultiTalk/BinaryData/CMultiTalkData_sohonzan_002-005.bin	674
reimagine	multitalk	Event/MultiTalk/BinaryData/CMultiTalkData_sohonzan_002-006.bin	342
reimagine	multitalk	Event/MultiTalk/BinaryData/CMultiTalkData_sohonzan_002-007.bin	674
reimagine	multitalk	Event/MultiTalk/BinaryData/CMultiTalkData_sohonzan_002-008.bin	674
reimagine	multitalk	Event/MultiTalk/BinaryData/CMultiTalkData_sohonzan_002-009.bin	2998
reimagine	multitalk	Event/MultiTalk/BinaryData/CMultiTalkData_sohonzan_002-010.bin	342
reimagine	multitalk	Event/MultiTalk/BinaryData/CMultiTalkData_sohonzan_002-011.bin	674
reimagine	multitalk	Event/MultiTalk/BinaryData/CMultiTalkData_sohonzan_002-012.bin	674
reimagine	multitalk	Event/MultiTalk/BinaryData/CMultiTalkData_sohonzan_002-013.bin	2998
reimagine	multitalk	Event/MultiTalk/BinaryData/CMultiTalkData_sohonzan_002-014.bin	342
reimagine	multitalk	Event/MultiTalk/BinaryData/CMultiTalkData_sohonzan_002-015.bin	1006
reimagine	multitalk	Event/MultiTalk/BinaryData/CMultiTalkData_sohonzan_002-016.bin	1006
reimagine	multitalk	Event/MultiTalk/BinaryData/CMultiTalkData_sohonzan_002-017.bin	1670
reimagine	multitalk	Event/MultiTalk/BinaryData/CMultiTalkData_sohonzan_003-001.bin	674
reimagine	multitalk	Event/MultiTalk/BinaryData/CMultiTalkData_sohonzan_003-002.bin	2666
reimagine	multitalk	Event/MultiTalk/BinaryData/CMultiTalkData_sohonzan_003-003.bin	2998
reimagine	multitalk	Event/MultiTalk/BinaryData/CMultiTalkData_sohonzan_003-004.bin	1670
reimagine	multitalk	Event/MultiTalk/BinaryData/CMultiTalkData_sohonzan_003-005.bin	674
reimagine	multitalk	Event/MultiTalk/BinaryData/CMultiTalkData_sohonzan_003-006.bin	1006
reimagine	multitalk	Event/MultiTalk/BinaryData/CMultiTalkData_sohonzan_003-007.bin	1006
reimagine	multitalk	Event/MultiTalk/BinaryData/CMultiTalkData_sohonzan_003-008.bin	1006
reimagine	multitalk	Event/MultiTalk/BinaryData/CMultiTalkData_sohonzan_003-009.bin	2002
reimagine	multitalk	Event/MultiTalk/BinaryData/CMultiTalkData_sohonzan_003-010.bin	674
reimagine	multitalk	Event/MultiTalk/BinaryData/CMultiTalkData_sohonzan_003-011.bin	674
reimagine	multitalk	Event/MultiTalk/BinaryData/CMultiTalkData_sohonzan_003-012.bin	1006
reimagine	multitalk	Event/MultiTalk/BinaryData/CMultiTalkData_sohonzan_003-013.bin	674
reimagine	multitalk	Event/MultiTalk/BinaryData/CMultiTalkData_sohonzan_003-014.bin	674
reimagine	multitalk	Event/MultiTalk/BinaryData/CMultiTalkData_sohonzan_003-015.bin	2666
reimagine	multitalk	Event/MultiTalk/BinaryData/CMultiTalkData_sohonzan_003-016.bin	1338
reimagine	multitalk	Event/MultiTalk/BinaryData/CMultiTalkData_sohonzan_003-017.bin	1338
reimagine	multitalk	Event/MultiTalk/BinaryData/CMultiTalkData_sohonzan_003-018.bin	1006
reimagine	multitalk	Event/MultiTalk/BinaryData/CMultiTalkData_sohonzan_003-019.bin	1338
reimagine	multitalk	Event/MultiTalk/BinaryData/CMultiTalkData_sohonzan_003-020.bin	1670
reimagine	multitalk	Event/MultiTalk/BinaryData/CMultiTalkData_sohonzan_004-001.bin	674
reimagine	multitalk	Event/MultiTalk/BinaryData/CMultiTalkData_sohonzan_004-002.bin	342
reimagine	multitalk	Event/MultiTalk/BinaryData/CMultiTalkData_sohonzan_004-003.bin	674
reimagine	multitalk	Event/MultiTalk/BinaryData/CMultiTalkData_sohonzan_004-004.bin	674
reimagine	multitalk	Event/MultiTalk/BinaryData/CMultiTalkData_sohonzan_004-005.bin	674
reimagine	multitalk	Event/MultiTalk/BinaryData/CMultiTalkData_sohonzan_004-006.bin	4658
reimagine	multitalk	Event/MultiTalk/BinaryData/CMultiTalkData_sohonzan_004-007.bin	674
reimagine	multitalk	Event/MultiTalk/BinaryData/CMultiTalkData_sohonzan_004-008.bin	674
reimagine	multitalk	Event/MultiTalk/BinaryData/CMultiTalkData_sohonzan_004-009.bin	3330
reimagine	multitalk	Event/MultiTalk/BinaryData/CMultiTalkData_sohonzan_004-010.bin	674
reimagine	multitalk	Event/MultiTalk/BinaryData/CMultiTalkData_sohonzan_004-011.bin	674
reimagine	multitalk	Event/MultiTalk/BinaryData/CMultiTalkData_sohonzan_004-012.bin	674
reimagine	multitalk	Event/MultiTalk/BinaryData/CMultiTalkData_sohonzan_004-013.bin	1006
reimagine	multitalk	Event/MultiTalk/BinaryData/CMultiTalkData_sohonzan_004-014.bin	342
reimagine	multitalk	Event/MultiTalk/BinaryData/CMultiTalkData_sohonzan_004-015.bin	674
reimagine	multitalk	Event/MultiTalk/BinaryData/CMultiTalkData_sohonzan_004-016.bin	674
reimagine	multitalk	Event/MultiTalk/BinaryData/CMultiTalkData_sohonzan_004-017.bin	1006
reimagine	multitalk	Event/MultiTalk/BinaryData/CMultiTalkData_sohonzan_004-018.bin	1006
reimagine	multitalk	Event/MultiTalk/BinaryData/CMultiTalkData_sohonzan_004-019.bin	1006
reimagine	multitalk	Event/MultiTalk/BinaryData/CMultiTalkData_sohonzan_004-020.bin	1006
reimagine	multitalk	Event/MultiTalk/BinaryData/CMultiTalkData_sohonzan_004-021.bin	674
reimagine	multitalk	Event/MultiTalk/BinaryData/CMultiTalkData_sohonzan_004-022.bin	1006
reimagine	multitalk	Event/MultiTalk/BinaryData/CMultiTalkData_sohonzan_005-001.bin	14286
reimagine	multitalk	Event/MultiTalk/BinaryData/CMultiTalkData_sohonzan_005-002.bin	1006
reimagine	multitalk	Event/MultiTalk/BinaryData/CMultiTalkData_sohonzan_005-003.bin	1006
reimagine	multitalk	Event/MultiTalk/BinaryData/CMultiTalkData_sohonzan_005-004.bin	2666
reimagine	multitalk	Event/MultiTalk/BinaryData/CMultiTalkData_sohonzan_005-005.bin	1006
reimagine	multitalk	Event/MultiTalk/BinaryData/CMultiTalkData_sohonzan_005-006.bin	1006
reimagine	multitalk	Event/MultiTalk/BinaryData/CMultiTalkData_sohonzan_005-007.bin	1006
reimagine	multitalk	Event/MultiTalk/BinaryData/CMultiTalkData_sohonzan_005-008.bin	17274
reimagine	multitalk	Event/MultiTalk/BinaryData/CMultiTalkData_sohonzan_005-009.bin	1006
reimagine	multitalk	Event/MultiTalk/BinaryData/CMultiTalkData_sohonzan_005-010.bin	1006
reimagine	multitalk	Event/MultiTalk/BinaryData/CMultiTalkData_sohonzan_005-011.bin	1006
reimagine	multitalk	Event/MultiTalk/BinaryData/CMultiTalkData_sohonzan_005-012.bin	1338
reimagine	multitalk	Event/MultiTalk/BinaryData/CMultiTalkData_sohonzan_005-013.bin	1338
reimagine	multitalk	Event/MultiTalk/BinaryData/CMultiTalkData_sohonzan_005-014.bin	4990
reimagine	multitalk	Event/MultiTalk/BinaryData/CMultiTalkData_sohonzan_005-015.bin	2666
reimagine	multitalk	Event/MultiTalk/BinaryData/CMultiTalkData_sohonzan_005-016.bin	2666
reimagine	multitalk	Event/MultiTalk/BinaryData/CMultiTalkData_sohonzan_005-017.bin	1006
reimagine	multitalk	Event/MultiTalk/BinaryData/CMultiTalkData_sohonzan_006-001.bin	1338
reimagine	multitalk	Event/MultiTalk/BinaryData/CMultiTalkData_sohonzan_006-002.bin	1338
reimagine	multitalk	Event/MultiTalk/BinaryData/CMultiTalkData_sohonzan_006-003.bin	1338
reimagine	multitalk	Event/MultiTalk/BinaryData/CMultiTalkData_sohonzan_006-004.bin	1338
reimagine	multitalk	Event/MultiTalk/BinaryData/CMultiTalkData_sohonzan_006-005.bin	1338
reimagine	multitalk	Event/MultiTalk/BinaryData/CMultiTalkData_sohonzan_006-006.bin	1338
reimagine	multitalk	Event/MultiTalk/BinaryData/CMultiTalkData_sohonzan_006-007.bin	1338
reimagine	multitalk	Event/MultiTalk/BinaryData/CMultiTalkData_sohonzan_006-008.bin	1338
reimagine	multitalk	Event/MultiTalk/BinaryData/CMultiTalkData_sohonzan_006-009.bin	1338
reimagine	multitalk	Event/MultiTalk/BinaryData/CMultiTalkData_sohonzan_006-010.bin	1670
reimagine	multitalk	Event/MultiTalk/BinaryData/CMultiTalkData_sohonzan_006-011.bin	1670
reimagine	multitalk	Event/MultiTalk/BinaryData/CMultiTalkData_sohonzan_006-012.bin	1670
reimagine	multitalk	Event/MultiTalk/BinaryData/CMultiTalkData_sohonzan_006-013.bin	1670
reimagine	multitalk	Event/MultiTalk/BinaryData/CMultiTalkData_sohonzan_006-014.bin	1670
reimagine	multitalk	Event/MultiTalk/BinaryData/CMultiTalkData_sohonzan_006-015.bin	1670
reimagine	multitalk	Event/MultiTalk/BinaryData/CMultiTalkData_sohonzan_006-016.bin	1670
reimagine	multitalk	Event/MultiTalk/BinaryData/CMultiTalkData_sohonzan_006-017.bin	1670
reimagine	multitalk	Event/MultiTalk/BinaryData/CMultiTalkData_sohonzan_006-018.bin	2002
reimagine	multitalk	Event/MultiTalk/BinaryData/CMultiTalkData_sohonzan_006-019.bin	2002
reimagine	multitalk	Event/MultiTalk/BinaryData/CMultiTalkData_sohonzan_006-020.bin	2002
reimagine	multitalk	Event/MultiTalk/BinaryData/CMultiTalkData_sohonzan_006-021.bin	2002
reimagine	multitalk	Event/MultiTalk/BinaryData/CMultiTalkData_sohonzan_006-022.bin	2002
reimagine	multitalk	Event/MultiTalk/BinaryData/CMultiTalkData_sohonzan_006-023.bin	2002
reimagine	multitalk	Event/MultiTalk/BinaryData/CMultiTalkData_sohonzan_006-024.bin	2002
reimagine	multitalk	Event/MultiTalk/BinaryData/CMultiTalkData_sohonzan_006-025.bin	2002
reimagine	multitalk	Event/MultiTalk/BinaryData/CMultiTalkData_sohonzan_006-026.bin	2002
reimagine	multitalk	Event/MultiTalk/BinaryData/CMultiTalkData_sohonzan_006-027.bin	2334
reimagine	multitalk	Event/MultiTalk/BinaryData/CMultiTalkData_sohonzan_006-028.bin	2334
reimagine	multitalk	Event/MultiTalk/BinaryData/CMultiTalkData_sohonzan_006-029.bin	2334
reimagine	multitalk	Event/MultiTalk/BinaryData/CMultiTalkData_sohonzan_006-030.bin	2334
reimagine	multitalk	Event/MultiTalk/BinaryData/CMultiTalkData_sohonzan_006-031.bin	2334
reimagine	multitalk	Event/MultiTalk/BinaryData/CMultiTalkData_sohonzan_006-032.bin	2334
reimagine	multitalk	Event/MultiTalk/BinaryData/CMultiTalkData_sohonzan_006-033.bin	2334
reimagine	multitalk	Event/MultiTalk/BinaryData/CMultiTalkData_sohonzan_006-034.bin	2334
reimagine	multitalk	Event/MultiTalk/BinaryData/CMultiTalkData_sohonzan_006-035.bin	2334
reimagine	multitalk	Event/MultiTalk/BinaryData/CMultiTalkData_sohonzan_006-036.bin	2666
reimagine	multitalk	Event/MultiTalk/BinaryData/CMultiTalkData_sohonzan_006-037.bin	1670
reimagine	multitalk	Event/MultiTalk/BinaryData/CMultiTalkData_sohonzan_006-038.bin	1670
reimagine	multitalk	Event/MultiTalk/BinaryData/CMultiTalkData_sohonzan_006-039.bin	1670
reimagine	multitalk	Event/MultiTalk/BinaryData/CMultiTalkData_sohonzan_006-040.bin	1670
reimagine	multitalk	Event/MultiTalk/BinaryData/CMultiTalkData_sohonzan_006-041.bin	1670
reimagine	multitalk	Event/MultiTalk/BinaryData/CMultiTalkData_sohonzan_006-042.bin	1670
reimagine	multitalk	Event/MultiTalk/BinaryData/CMultiTalkData_sohonzan_006-043.bin	1670
reimagine	multitalk	Event/MultiTalk/BinaryData/CMultiTalkData_sohonzan_006-044.bin	1670
reimagine	multitalk	Event/MultiTalk/BinaryData/CMultiTalkData_sohonzan_006-045.bin	2002
reimagine	multitalk	Event/MultiTalk/BinaryData/CMultiTalkData_sohonzan_006-046.bin	1006
reimagine	multitalk	Event/MultiTalk/BinaryData/CMultiTalkData_sohonzan_006-047.bin	1006
reimagine	multitalk	Event/MultiTalk/BinaryData/CMultiTalkData_sohonzan_006-048.bin	1006
reimagine	multitalk	Event/MultiTalk/BinaryData/CMultiTalkData_sohonzan_006-049.bin	1006
reimagine	multitalk	Event/MultiTalk/BinaryData/CMultiTalkData_sohonzan_006-050.bin	1006
reimagine	multitalk	Event/MultiTalk/BinaryData/CMultiTalkData_sohonzan_006-051.bin	1006
reimagine	multitalk	Event/MultiTalk/BinaryData/CMultiTalkData_sohonzan_006-052.bin	1006
reimagine	multitalk	Event/MultiTalk/BinaryData/CMultiTalkData_sohonzan_006-053.bin	1006
reimagine	multitalk	Event/MultiTalk/BinaryData/CMultiTalkData_sohonzan_006-054.bin	674
reimagine	multitalk	Event/MultiTalk/BinaryData/CMultiTalkData_sohonzan_006-055.bin	1006
reimagine	multitalk	Event/MultiTalk/BinaryData/CMultiTalkData_sohonzan_006-056.bin	2002
reimagine	multitalk	Event/MultiTalk/BinaryData/CMultiTalkData_sohonzan_006-057.bin	1006
reimagine	multitalk	Event/MultiTalk/BinaryData/CMultiTalkData_sohonzan_006-058.bin	1338
reimagine	multitalk	Event/MultiTalk/BinaryData/CMultiTalkData_sohonzan_006-059.bin	4658
reimagine	multitalk	Event/MultiTalk/BinaryData/CMultiTalkData_sohonzan_006-060.bin	4658
reimagine	multitalk	Event/MultiTalk/BinaryData/CMultiTalkData_sohonzan_006-061.bin	1006
reimagine	multitalk	Event/MultiTalk/BinaryData/CMultiTalkData_sohonzan_006-062.bin	342
reimagine	multitalk	Event/MultiTalk/BinaryData/CMultiTalkData_sohonzan_006-063.bin	342
reimagine	multitalk	Event/MultiTalk/BinaryData/CMultiTalkData_sohonzan_006-064.bin	674
reimagine	multitalk	Event/MultiTalk/BinaryData/CMultiTalkData_sohonzan_006-065.bin	674
reimagine	multitalk	Event/MultiTalk/BinaryData/CMultiTalkData_sohonzan_006-066.bin	674
reimagine	multitalk	Event/MultiTalk/BinaryData/CMultiTalkData_sohonzan_006-067.bin	2334
reimagine	multitalk	Event/MultiTalk/BinaryData/CMultiTalkData_sohonzan_006-068.bin	674
reimagine	multitalk	Event/MultiTalk/BinaryData/CMultiTalkData_sohonzan_006-069.bin	674
reimagine	multitalk	Event/MultiTalk/BinaryData/CMultiTalkData_sohonzan_006-070.bin	674
reimagine	multitalk	Event/MultiTalk/BinaryData/CMultiTalkData_sohonzan_006-071.bin	4658
reimagine	multitalk	Event/MultiTalk/BinaryData/CMultiTalkData_sohonzan_006-072.bin	342
reimagine	multitalk	Event/MultiTalk/BinaryData/CMultiTalkData_sohonzan_006-073.bin	1338
reimagine	multitalk	Event/MultiTalk/BinaryData/CMultiTalkData_sohonzan_006-074.bin	674
reimagine	multitalk	Event/MultiTalk/BinaryData/CMultiTalkData_sohonzan_006-075.bin	1670
reimagine	multitalk	Event/MultiTalk/BinaryData/CMultiTalkData_sohonzan_006-076.bin	1670
reimagine	multitalk	Event/MultiTalk/BinaryData/CMultiTalkData_sohonzan_006-077.bin	6982
reimagine	multitalk	Event/MultiTalk/BinaryData/CMultiTalkData_sohonzan_006-078.bin	1006
reimagine	multitalk	Event/MultiTalk/BinaryData/CMultiTalkData_sohonzan_006-079.bin	1006
reimagine	multitalk	Event/MultiTalk/BinaryData/CMultiTalkData_sohonzan_006-080.bin	1006
reimagine	multitalk	Event/MultiTalk/BinaryData/CMultiTalkData_sohonzan_006-081.bin	1006
reimagine	multitalk	Event/MultiTalk/BinaryData/CMultiTalkData_sohonzan_006-082.bin	1006
reimagine	multitalk	Event/MultiTalk/BinaryData/CMultiTalkData_sohonzan_006-083.bin	1006
reimagine	multitalk	Event/MultiTalk/BinaryData/CMultiTalkData_sohonzan_006-084.bin	1006
reimagine	multitalk	Event/MultiTalk/BinaryData/CMultiTalkData_sohonzan_006-085.bin	1006
reimagine	multitalk	Event/MultiTalk/BinaryData/CMultiTalkData_sohonzan_006-086.bin	1006
reimagine	multitalk	Event/MultiTalk/BinaryData/CMultiTalkData_sohonzan_006-087.bin	1006
reimagine	multitalk	Event/MultiTalk/BinaryData/CMultiTalkData_sohonzan_006-088.bin	1006
reimagine	multitalk	Event/MultiTalk/BinaryData/CMultiTalkData_sohonzan_006-089.bin	1006
reimagine	multitalk	Event/MultiTalk/BinaryData/CMultiTalkData_sohonzan_006-090.bin	1006
reimagine	multitalk	Event/MultiTalk/BinaryData/CMultiTalkData_sohonzan_006-091.bin	1006
reimagine	multitalk	Event/MultiTalk/BinaryData/CMultiTalkData_sohonzan_006-092.bin	1006
reimagine	multitalk	Event/MultiTalk/BinaryData/CMultiTalkData_sohonzan_006-093.bin	1006
reimagine	multitalk	Event/MultiTalk/BinaryData/CMultiTalkData_sohonzan_006-094.bin	1006
reimagine	multitalk	Event/MultiTalk/BinaryData/CMultiTalkData_sohonzan_006-095.bin	1006
reimagine	multitalk	Event/MultiTalk/BinaryData/CMultiTalkData_sohonzan_006-096.bin	1006
reimagine	multitalk	Event/MultiTalk/BinaryData/CMultiTalkData_sohonzan_006-097.bin	1006
reimagine	multitalk	Event/MultiTalk/BinaryData/CMultiTalkData_sohonzan_006-098.bin	1006
reimagine	multitalk	Event/MultiTalk/BinaryData/CMultiTalkData_sohonzan_006-099.bin	1006
reimagine	multitalk	Event/MultiTalk/BinaryData/CMultiTalkData_sohonzan_006-100.bin	1006
reimagine	multitalk	Event/MultiTalk/BinaryData/CMultiTalkData_sohonzan_006-101.bin	1006
reimagine	multitalk	Event/MultiTalk/BinaryData/CMultiTalkData_sohonzan_006-102.bin	1006
reimagine	multitalk	Event/MultiTalk/BinaryData/CMultiTalkData_sohonzan_006-103.bin	1006
reimagine	multitalk	Event/MultiTalk/BinaryData/CMultiTalkData_sohonzan_006-104.bin	1006
reimagine	multitalk	Event/MultiTalk/BinaryData/CMultiTalkData_sohonzan_006-105.bin	1006
reimagine	multitalk	Event/MultiTalk/BinaryData/CMultiTalkData_sohonzan_006-106.bin	1006
reimagine	multitalk	Event/MultiTalk/BinaryData/CMultiTalkData_sohonzan_006-107.bin	1006
reimagine	multitalk	Event/MultiTalk/BinaryData/CMultiTalkData_sohonzan_006-108.bin	1006
reimagine	multitalk	Event/MultiTalk/BinaryData/CMultiTalkData_sohonzan_006-109.bin	674
reimagine	multitalk	Event/MultiTalk/BinaryData/CMultiTalkData_sohonzan_006-110.bin	1006
reimagine	multitalk	Event/MultiTalk/BinaryData/CMultiTalkData_sohonzan_006-111.bin	1006
reimagine	multitalk	Event/MultiTalk/BinaryData/CMultiTalkData_sohonzan_006-112.bin	1338
reimagine	multitalk	Event/MultiTalk/BinaryData/CMultiTalkData_sohonzan_006-113.bin	4990
reimagine	multitalk	Event/MultiTalk/BinaryData/CMultiTalkData_sohonzan_006-114.bin	8310
reimagine	multitalk	Event/MultiTalk/BinaryData/CMultiTalkData_sohonzan_006-115.bin	8974
reimagine	multitalk	Event/MultiTalk/BinaryData/CMultiTalkData_sohonzan_006-116.bin	8310
reimagine	multitalk	Event/MultiTalk/BinaryData/CMultiTalkData_sohonzan_006-117.bin	8310
reimagine	multitalk	Event/MultiTalk/BinaryData/CMultiTalkData_sohonzan_006-118.bin	8310
reimagine	multitalk	Event/MultiTalk/BinaryData/CMultiTalkData_sohonzan_006-119.bin	10966
reimagine	multitalk	Event/MultiTalk/BinaryData/CMultiTalkData_sohonzan_006-120.bin	8974
reimagine	multitalk	Event/MultiTalk/BinaryData/CMultiTalkData_sohonzan_006-121.bin	11962
reimagine	multitalk	Event/MultiTalk/BinaryData/CMultiTalkData_sohonzan_006-122.bin	674
reimagine	multitalk	Event/MultiTalk/BinaryData/CMultiTalkData_sohonzan_006-123.bin	1338
reimagine	multitalk	Event/MultiTalk/BinaryData/CMultiTalkData_sohonzan_006-124.bin	1338
reimagine	multitalk	Event/MultiTalk/BinaryData/CMultiTalkData_sohonzan_006-125.bin	1338
reimagine	multitalk	Event/MultiTalk/BinaryData/CMultiTalkData_sohonzan_006-126.bin	1338
reimagine	multitalk	Event/MultiTalk/BinaryData/CMultiTalkData_sohonzan_006-127.bin	1338
reimagine	multitalk	Event/MultiTalk/BinaryData/CMultiTalkData_sohonzan_006-128.bin	1338
reimagine	multitalk	Event/MultiTalk/BinaryData/CMultiTalkData_sohonzan_006-129.bin	1338
reimagine	multitalk	Event/MultiTalk/BinaryData/CMultiTalkData_sohonzan_006-130.bin	1670
reimagine	multitalk	Event/MultiTalk/BinaryData/CMultiTalkData_sohonzan_006-131.bin	2002
reimagine	multitalk	Event/MultiTalk/BinaryData/CMultiTalkData_sohonzan_006-132.bin	2002
reimagine	multitalk	Event/MultiTalk/BinaryData/CMultiTalkData_sohonzan_006-133.bin	2002
reimagine	multitalk	Event/MultiTalk/BinaryData/CMultiTalkData_sohonzan_006-134.bin	2002
reimagine	multitalk	Event/MultiTalk/BinaryData/CMultiTalkData_sohonzan_006-135.bin	2002
reimagine	multitalk	Event/MultiTalk/BinaryData/CMultiTalkData_sohonzan_006-136.bin	2002
reimagine	multitalk	Event/MultiTalk/BinaryData/CMultiTalkData_sohonzan_006-137.bin	2002
reimagine	multitalk	Event/MultiTalk/BinaryData/CMultiTalkData_sohonzan_006-138.bin	2002
reimagine	multitalk	Event/MultiTalk/BinaryData/CMultiTalkData_sohonzan_006-139.bin	2334
reimagine	multitalk	Event/MultiTalk/BinaryData/CMultiTalkData_sohonzan_006-140.bin	2002
reimagine	multitalk	Event/MultiTalk/BinaryData/CMultiTalkData_sohonzan_006-141.bin	2002
reimagine	multitalk	Event/MultiTalk/BinaryData/CMultiTalkData_sohonzan_006-142.bin	2002
reimagine	multitalk	Event/MultiTalk/BinaryData/CMultiTalkData_sohonzan_006-143.bin	2002
reimagine	multitalk	Event/MultiTalk/BinaryData/CMultiTalkData_sohonzan_006-144.bin	2002
reimagine	multitalk	Event/MultiTalk/BinaryData/CMultiTalkData_sohonzan_006-145.bin	2002
reimagine	multitalk	Event/MultiTalk/BinaryData/CMultiTalkData_sohonzan_006-146.bin	2002
reimagine	multitalk	Event/MultiTalk/BinaryData/CMultiTalkData_sohonzan_006-147.bin	2002
reimagine	multitalk	Event/MultiTalk/BinaryData/CMultiTalkData_sohonzan_006-148.bin	2334
reimagine	multitalk	Event/MultiTalk/BinaryData/CMultiTalkData_sohonzan_006-149.bin	2334
reimagine	multitalk	Event/MultiTalk/BinaryData/CMultiTalkData_sohonzan_006-150.bin	2334
reimagine	multitalk	Event/MultiTalk/BinaryData/CMultiTalkData_sohonzan_006-151.bin	2334
reimagine	multitalk	Event/MultiTalk/BinaryData/CMultiTalkData_sohonzan_006-152.bin	2334
reimagine	multitalk	Event/MultiTalk/BinaryData/CMultiTalkData_sohonzan_006-153.bin	2334
reimagine	multitalk	Event/MultiTalk/BinaryData/CMultiTalkData_sohonzan_006-154.bin	2334
reimagine	multitalk	Event/MultiTalk/BinaryData/CMultiTalkData_sohonzan_006-155.bin	2334
reimagine	multitalk	Event/MultiTalk/BinaryData/CMultiTalkData_sohonzan_006-156.bin	2334
reimagine	multitalk	Event/MultiTalk/BinaryData/CMultiTalkData_sohonzan_006-157.bin	2666
reimagine	multitalk	Event/MultiTalk/BinaryData/CMultiTalkData_sohonzan_006-158.bin	2334
reimagine	multitalk	Event/MultiTalk/BinaryData/CMultiTalkData_sohonzan_006-159.bin	2002
reimagine	multitalk	Event/MultiTalk/BinaryData/CMultiTalkData_sohonzan_006-160.bin	2002
reimagine	multitalk	Event/MultiTalk/BinaryData/CMultiTalkData_sohonzan_006-161.bin	2002
reimagine	multitalk	Event/MultiTalk/BinaryData/CMultiTalkData_sohonzan_006-162.bin	2002
reimagine	multitalk	Event/MultiTalk/BinaryData/CMultiTalkData_sohonzan_006-163.bin	2002
reimagine	multitalk	Event/MultiTalk/BinaryData/CMultiTalkData_sohonzan_006-164.bin	2002
reimagine	multitalk	Event/MultiTalk/BinaryData/CMultiTalkData_sohonzan_006-165.bin	2002
reimagine	multitalk	Event/MultiTalk/BinaryData/CMultiTalkData_sohonzan_006-166.bin	2334
reimagine	multitalk	Event/MultiTalk/BinaryData/CMultiTalkData_sohonzan_006-167.bin	2002
reimagine	multitalk	Event/MultiTalk/BinaryData/CMultiTalkData_sohonzan_006-168.bin	2002
reimagine	multitalk	Event/MultiTalk/BinaryData/CMultiTalkData_sohonzan_006-169.bin	2002
reimagine	multitalk	Event/MultiTalk/BinaryData/CMultiTalkData_sohonzan_006-170.bin	2002
reimagine	multitalk	Event/MultiTalk/BinaryData/CMultiTalkData_sohonzan_006-171.bin	2002
reimagine	multitalk	Event/MultiTalk/BinaryData/CMultiTalkData_sohonzan_006-172.bin	2002
reimagine	multitalk	Event/MultiTalk/BinaryData/CMultiTalkData_sohonzan_006-173.bin	2002
reimagine	multitalk	Event/MultiTalk/BinaryData/CMultiTalkData_sohonzan_006-174.bin	2002
reimagine	multitalk	Event/MultiTalk/BinaryData/CMultiTalkData_sohonzan_006-175.bin	2334
reimagine	multitalk	Event/MultiTalk/BinaryData/CMultiTalkData_sohonzan_006-176.bin	2334
reimagine	multitalk	Event/MultiTalk/BinaryData/CMultiTalkData_sohonzan_006-177.bin	2334
reimagine	multitalk	Event/MultiTalk/BinaryData/CMultiTalkData_sohonzan_006-178.bin	2334
reimagine	multitalk	Event/MultiTalk/BinaryData/CMultiTalkData_sohonzan_006-179.bin	2334
reimagine	multitalk	Event/MultiTalk/BinaryData/CMultiTalkData_sohonzan_006-180.bin	2334
reimagine	multitalk	Event/MultiTalk/BinaryData/CMultiTalkData_sohonzan_006-181.bin	2334
reimagine	multitalk	Event/MultiTalk/BinaryData/CMultiTalkData_sohonzan_006-182.bin	2334
reimagine	multitalk	Event/MultiTalk/BinaryData/CMultiTalkData_sohonzan_006-183.bin	2334
reimagine	multitalk	Event/MultiTalk/BinaryData/CMultiTalkData_sohonzan_006-184.bin	2666
reimagine	multitalk	Event/MultiTalk/BinaryData/CMultiTalkData_sohonzan_006-185.bin	2334
reimagine	multitalk	Event/MultiTalk/BinaryData/CMultiTalkData_sohonzan_006-186.bin	2334
reimagine	multitalk	Event/MultiTalk/BinaryData/CMultiTalkData_sohonzan_006-187.bin	2334
reimagine	multitalk	Event/MultiTalk/BinaryData/CMultiTalkData_sohonzan_006-188.bin	2334
reimagine	multitalk	Event/MultiTalk/BinaryData/CMultiTalkData_sohonzan_006-189.bin	2334
reimagine	multitalk	Event/MultiTalk/BinaryData/CMultiTalkData_sohonzan_006-190.bin	2334
reimagine	multitalk	Event/MultiTalk/BinaryData/CMultiTalkData_sohonzan_006-191.bin	2334
reimagine	multitalk	Event/MultiTalk/BinaryData/CMultiTalkData_sohonzan_006-192.bin	2334
reimagine	multitalk	Event/MultiTalk/BinaryData/CMultiTalkData_sohonzan_006-193.bin	2666
reimagine	multitalk	Event/MultiTalk/BinaryData/CMultiTalkData_sohonzan_006-194.bin	1338
reimagine	multitalk	Event/MultiTalk/BinaryData/CMultiTalkData_sohonzan_006-195.bin	1338
reimagine	multitalk	Event/MultiTalk/BinaryData/CMultiTalkData_sohonzan_006-196.bin	1338
reimagine	multitalk	Event/MultiTalk/BinaryData/CMultiTalkData_sohonzan_006-197.bin	1338
reimagine	multitalk	Event/MultiTalk/BinaryData/CMultiTalkData_sohonzan_006-198.bin	1338
reimagine	multitalk	Event/MultiTalk/BinaryData/CMultiTalkData_sohonzan_006-199.bin	1338
reimagine	multitalk	Event/MultiTalk/BinaryData/CMultiTalkData_sohonzan_006-200.bin	1338
reimagine	multitalk	Event/MultiTalk/BinaryData/CMultiTalkData_sohonzan_006-201.bin	1338
reimagine	multitalk	Event/MultiTalk/BinaryData/CMultiTalkData_sohonzan_006-202.bin	1338
reimagine	multitalk	Event/MultiTalk/BinaryData/CMultiTalkData_sohonzan_006-203.bin	1670
reimagine	multitalk	Event/MultiTalk/BinaryData/CMultiTalkData_suginamiF_001-001.bin	5654
reimagine	multitalk	Event/MultiTalk/BinaryData/CMultiTalkData_suginamiF_001-002.bin	1006
reimagine	multitalk	Event/MultiTalk/BinaryData/CMultiTalkData_suginamiF_001-003.bin	342
reimagine	multitalk	Event/MultiTalk/BinaryData/CMultiTalkData_suginamiF_001-004.bin	5986
reimagine	multitalk	Event/MultiTalk/BinaryData/CMultiTalkData_suginamiF_001-005.bin	5986
reimagine	multitalk	Event/MultiTalk/BinaryData/CMultiTalkData_suginamiF_001-006.bin	6650
reimagine	multitalk	Event/MultiTalk/BinaryData/CMultiTalkData_suginamiF_001-007.bin	3330
reimagine	multitalk	Event/MultiTalk/BinaryData/CMultiTalkData_suginamiF_001-008.bin	3330
reimagine	multitalk	Event/MultiTalk/BinaryData/CMultiTalkData_suginamimakaikoudou_001-001.bin	1006
reimagine	multitalk	Event/MultiTalk/BinaryData/CMultiTalkData_suginamimakaikoudou_001-002.bin	1670
reimagine	multitalk	Event/MultiTalk/BinaryData/CMultiTalkData_suginamimakaikoudou_001-003.bin	1670
reimagine	multitalk	Event/MultiTalk/BinaryData/CMultiTalkData_suginamimakaikoudou_001-004.bin	1670
reimagine	multitalk	Event/MultiTalk/BinaryData/CMultiTalkData_suginamimakaikoudou_001-005.bin	1670
reimagine	multitalk	Event/MultiTalk/BinaryData/CMultiTalkData_tochouMO_001-001.bin	4990
reimagine	multitalk	Event/MultiTalk/BinaryData/CMultiTalkData_tochouMO_001-002.bin	342
reimagine	multitalk	Event/MultiTalk/BinaryData/CMultiTalkData_tochouMO_001-003.bin	674
reimagine	multitalk	Event/MultiTalk/BinaryData/CMultiTalkData_tochouMO_001-004.bin	674
reimagine	multitalk	Event/MultiTalk/BinaryData/CMultiTalkData_tochouMO_001-005.bin	674
reimagine	multitalk	Event/MultiTalk/BinaryData/CMultiTalkData_tochouMO_001-006.bin	674
reimagine	multitalk	Event/MultiTalk/BinaryData/CMultiTalkData_tochouMO_001-007.bin	342
reimagine	multitalk	Event/MultiTalk/BinaryData/CMultiTalkData_tochouMO_001-008.bin	1338
reimagine	multitalk	Event/MultiTalk/BinaryData/CMultiTalkData_tochouMO_001-009.bin	1006
reimagine	multitalk	Event/MultiTalk/BinaryData/CMultiTalkData_tochouMO_001-010.bin	1338
reimagine	multitalk	Event/MultiTalk/BinaryData/CMultiTalkData_tochouMO_001-011.bin	1006
reimagine	multitalk	Event/MultiTalk/BinaryData/CMultiTalkData_tochouMO_001-012.bin	1006
reimagine	multitalk	Event/MultiTalk/BinaryData/CMultiTalkData_tochouMO_001-013.bin	1006
reimagine	multitalk	Event/MultiTalk/BinaryData/CMultiTalkData_tochouMO_001-014.bin	1670
reimagine	multitalk	Event/MultiTalk/BinaryData/CMultiTalkData_tochouMO_001-015.bin	2334
reimagine	multitalk	Event/MultiTalk/BinaryData/CMultiTalkData_tochouMO_001-016.bin	3994
reimagine	multitalk	Event/MultiTalk/BinaryData/CMultiTalkData_tochouMO_001-017.bin	4658
reimagine	multitalk	Event/MultiTalk/BinaryData/CMultiTalkData_tochouMO_001-018.bin	3662
reimagine	multitalk	Event/MultiTalk/BinaryData/CMultiTalkData_tochouMO_001-019.bin	3330
reimagine	multitalk	Event/MultiTalk/BinaryData/CMultiTalkData_tochouMO_001-020.bin	2334
reimagine	multitalk	Event/MultiTalk/BinaryData/CMultiTalkData_virtualr_001-001.bin	674
reimagine	multitalk	Event/MultiTalk/BinaryData/CMultiTalkData_virtualr_001-002.bin	4990
reimagine	multitalk	Event/MultiTalk/BinaryData/CMultiTalkData_virtualr_001-003.bin	1006
reimagine	multitalk	Event/MultiTalk/BinaryData/CMultiTalkData_virtualr_001-004.bin	1006
reimagine	multitalk	Event/MultiTalk/BinaryData/CMultiTalkData_virtualr_001-005.bin	674
reimagine	multitalk	Event/MultiTalk/BinaryData/CMultiTalkData_virtualr_001-006.bin	5654
reimagine	multitalk	Event/MultiTalk/BinaryData/CMultiTalkData_virtualr_001-007.bin	342
reimagine	multitalk	Event/MultiTalk/BinaryData/CMultiTalkData_virtualr_001-008.bin	6318
reimagine	multitalk	Event/MultiTalk/BinaryData/CMultiTalkData_virtualr_001-009.bin	1006
reimagine	multitalk	Event/MultiTalk/BinaryData/CMultiTalkData_virtualr_001-010.bin	3330
reimagine	multitalk	Event/MultiTalk/BinaryData/CMultiTalkData_virtualr_001-011.bin	674
reimagine	multitalk	Event/MultiTalk/BinaryData/CMultiTalkData_virtualr_001-012.bin	1006
reimagine	multitalk	Event/MultiTalk/BinaryData/CMultiTalkData_virtualr_001-013.bin	674
reimagine	multitalk	Event/MultiTalk/BinaryData/CMultiTalkData_virtualr_001-014.bin	342
reimagine	multitalk	Event/MultiTalk/BinaryData/CMultiTalkData_virtualr_001-015.bin	674
reimagine	multitalk	Event/MultiTalk/BinaryData/CMultiTalkData_virtualr_001-016.bin	342
reimagine	multitalk	Event/MultiTalk/BinaryData/CMultiTalkData_virtualr_001-017.bin	674
reimagine	multitalk	Event/MultiTalk/BinaryData/CMultiTalkData_virtualr_001-018.bin	342
reimagine	multitalk	Event/MultiTalk/BinaryData/CMultiTalkData_virtualr_001-019.bin	342
reimagine	multitalk	Event/MultiTalk/BinaryData/CMultiTalkData_virtualr_001-020.bin	342
reimagine	multitalk	Event/MultiTalk/BinaryData/CMultiTalkData_virtualr_001-021.bin	674
reimagine	multitalk	Event/MultiTalk/BinaryData/CMultiTalkData_virtualr_001-022.bin	674
reimagine	multitalk	Event/MultiTalk/BinaryData/CMultiTalkData_virtualr_001-023.bin	674
reimagine	multitalk	Event/MultiTalk/BinaryData/CMultiTalkData_virtualr_001-024.bin	674
reimagine	multitalk	Event/MultiTalk/BinaryData/CMultiTalkData_virtualr_001-025.bin	6650
reimagine	multitalk	Event/MultiTalk/BinaryData/CMultiTalkData_virtualr_001-026.bin	1006
reimagine	multitalk	Event/MultiTalk/BinaryData/CMultiTalkData_virtualr_001-027.bin	674
reimagine	multitalk	Event/MultiTalk/BinaryData/CMultiTalkData_virtualr_001-028.bin	674
reimagine	multitalk	Event/MultiTalk/BinaryData/CMultiTalkData_virtualr_001-029.bin	1006
reimagine	multitalk	Event/MultiTalk/BinaryData/CMultiTalkData_virtualr_001-030.bin	674
reimagine	multitalk	Event/MultiTalk/BinaryData/CMultiTalkDirectionData.bin	1126336
reimagine	multitalk	Event/MultiTalk/BinaryData/CMultiTalkPopData_2ndMO_001.bin	408
reimagine	multitalk	Event/MultiTalk/BinaryData/CMultiTalkPopData_arcadia_001.bin	2756
reimagine	multitalk	Event/MultiTalk/BinaryData/CMultiTalkPopData_baberu_001.bin	476
reimagine	multitalk	Event/MultiTalk/BinaryData/CMultiTalkPopData_baberu_002.bin	700
reimagine	multitalk	Event/MultiTalk/BinaryData/CMultiTalkPopData_baberu_003.bin	736
reimagine	multitalk	Event/MultiTalk/BinaryData/CMultiTalkPopData_baberu_004.bin	412
reimagine	multitalk	Event/MultiTalk/BinaryData/CMultiTalkPopData_baberu_005.bin	608
reimagine	multitalk	Event/MultiTalk/BinaryData/CMultiTalkPopData_baberu_006.bin	1260
reimagine	multitalk	Event/MultiTalk/BinaryData/CMultiTalkPopData_baberu_007.bin	476
reimagine	multitalk	Event/MultiTalk/BinaryData/CMultiTalkPopData_baberu_008.bin	476
reimagine	multitalk	Event/MultiTalk/BinaryData/CMultiTalkPopData_baberu_009.bin	736
reimagine	multitalk	Event/MultiTalk/BinaryData/CMultiTalkPopData_baberu_010.bin	572
reimagine	multitalk	Event/MultiTalk/BinaryData/CMultiTalkPopData_baberu_011.bin	476
reimagine	multitalk	Event/MultiTalk/BinaryData/CMultiTalkPopData_baberu_012.bin	508
reimagine	multitalk	Event/MultiTalk/BinaryData/CMultiTalkPopData_baberu_013.bin	476
reimagine	multitalk	Event/MultiTalk/BinaryData/CMultiTalkPopData_daisanhome_001.bin	1640
reimagine	multitalk	Event/MultiTalk/BinaryData/CMultiTalkPopData_daisanhome_002.bin	2808
reimagine	multitalk	Event/MultiTalk/BinaryData/CMultiTalkPopData_daisanhome_003.bin	444
reimagine	multitalk	Event/MultiTalk/BinaryData/CMultiTalkPopData_kyuuichigayatyuuton_001.bin	280
reimagine	multitalk	Event/MultiTalk/BinaryData/CMultiTalkPopData_kyuuichigayatyuuton_002.bin	1128
reimagine	multitalk	Event/MultiTalk/BinaryData/CMultiTalkPopData_makaikagurazakasuzakudou_001.bin	344
reimagine	multitalk	Event/MultiTalk/BinaryData/CMultiTalkPopData_makaiserutower_001.bin	376
reimagine	multitalk	Event/MultiTalk/BinaryData/CMultiTalkPopData_makaiserutower_002.bin	640
reimagine	multitalk	Event/MultiTalk/BinaryData/CMultiTalkPopData_makaisinagawasinndennkisi_001.bin	312
reimagine	multitalk	Event/MultiTalk/BinaryData/CMultiTalkPopData_shibuchika_001.bin	476
reimagine	multitalk	Event/MultiTalk/BinaryData/CMultiTalkPopData_shibuchika_002.bin	476
reimagine	multitalk	Event/MultiTalk/BinaryData/CMultiTalkPopData_shibuchika_003.bin	1680
reimagine	multitalk	Event/MultiTalk/BinaryData/CMultiTalkPopData_shibuyafield_001.bin	412
reimagine	multitalk	Event/MultiTalk/BinaryData/CMultiTalkPopData_shibuyafield_002.bin	540
reimagine	multitalk	Event/MultiTalk/BinaryData/CMultiTalkPopData_shibuyafield_003.bin	672
reimagine	multitalk	Event/MultiTalk/BinaryData/CMultiTalkPopData_shibuyafield_004.bin	508
reimagine	multitalk	Event/MultiTalk/BinaryData/CMultiTalkPopData_sibuyakuoutsu_001.bin	312
reimagine	multitalk	Event/MultiTalk/BinaryData/CMultiTalkPopData_sohonzan_001.bin	640
reimagine	multitalk	Event/MultiTalk/BinaryData/CMultiTalkPopData_sohonzan_002.bin	540
reimagine	multitalk	Event/MultiTalk/BinaryData/CMultiTalkPopData_sohonzan_003.bin	604
reimagine	multitalk	Event/MultiTalk/BinaryData/CMultiTalkPopData_sohonzan_004.bin	1096
reimagine	multitalk	Event/MultiTalk/BinaryData/CMultiTalkPopData_sohonzan_005.bin	1476
reimagine	multitalk	Event/MultiTalk/BinaryData/CMultiTalkPopData_sohonzan_006.bin	2724
reimagine	multitalk	Event/MultiTalk/BinaryData/CMultiTalkPopData_suginamiF_001.bin	804
reimagine	multitalk	Event/MultiTalk/BinaryData/CMultiTalkPopData_suginamiF_002.bin	836
reimagine	multitalk	Event/MultiTalk/BinaryData/CMultiTalkPopData_suginamimakaikoudou_001.bin	376
reimagine	multitalk	Event/MultiTalk/BinaryData/CMultiTalkPopData_tochouMO_001.bin	932
reimagine	multitalk	Event/MultiTalk/BinaryData/CMultiTalkPopData_virtualr_001.bin	800
reimagine	multitalk	Event/MultiTalk/BinaryData/Perform/1000000000_Event/CMPerData_20140513_leed_001.bin	10
reimagine	multitalk	Event/MultiTalk/BinaryData/Perform/1000000000_Event/CMPerData_20140513_leed_k001.bin	2998
reimagine	multitalk	Event/MultiTalk/BinaryData/Perform/1000000000_Event/CMPerData_20140513_leed_k002.bin	4658
reimagine	multitalk	Event/MultiTalk/BinaryData/Perform/1000000000_Event/CMPerData_20140513_leed_k011.bin	342
reimagine	multitalk	Event/MultiTalk/BinaryData/Perform/1000000000_Event/CMPerData_20140513_leed_k021.bin	2002
reimagine	multitalk	Event/MultiTalk/BinaryData/Perform/1000000000_Event/CMPerData_20140513_leed_k022.bin	2002
reimagine	multitalk	Event/MultiTalk/BinaryData/Perform/1000000000_Event/CMPerData_20140513_leed_k023.bin	2002
reimagine	multitalk	Event/MultiTalk/BinaryData/Perform/1000000000_Event/CMPerData_20140513_leed_k024.bin	342
reimagine	multitalk	Event/MultiTalk/BinaryData/Perform/1000000000_Event/CMPerData_20140513_leed_k025.bin	2002
reimagine	multitalk	Event/MultiTalk/BinaryData/Perform/1000000000_Event/CMPerData_20140513_leed_k026.bin	674
reimagine	multitalk	Event/MultiTalk/BinaryData/Perform/1000000000_Event/CMPerData_20140513_leed_k027.bin	342
reimagine	multitalk	Event/MultiTalk/BinaryData/Perform/1000000000_Event/CMPerData_20140513_leed_k031.bin	342
reimagine	multitalk	Event/MultiTalk/BinaryData/Perform/1000000000_Event/CMPerData_20140513_leed_k032.bin	342
reimagine	multitalk	Event/MultiTalk/BinaryData/Perform/1000000000_Event/CMPerData_20140513_leed_k033.bin	1338
reimagine	multitalk	Event/MultiTalk/BinaryData/Perform/1000000000_Event/CMPerData_20140513_leed_k034.bin	1338
reimagine	multitalk	Event/MultiTalk/BinaryData/Perform/1000000000_Event/CMPerData_20140513_leed_k035.bin	1338
reimagine	multitalk	Event/MultiTalk/BinaryData/Perform/1000000000_Event/CMPerData_20140513_leed_k036.bin	342
reimagine	multitalk	Event/MultiTalk/BinaryData/Perform/1000000000_Event/CMPerData_20140513_leed_k037.bin	342
reimagine	multitalk	Event/MultiTalk/BinaryData/Perform/1000000000_Event/CMPerData_20140513_leed_k041.bin	342
reimagine	multitalk	Event/MultiTalk/BinaryData/Perform/1000000000_Event/CMPerData_20140513_leed_k042.bin	342
reimagine	multitalk	Event/MultiTalk/BinaryData/Perform/1000000000_Event/CMPerData_20140513_leed_k043.bin	674
reimagine	multitalk	Event/MultiTalk/BinaryData/Perform/1000000000_Event/CMPerData_20140513_leed_k044.bin	1670
reimagine	multitalk	Event/MultiTalk/BinaryData/Perform/1000000000_Event/CMPerData_20140513_leed_k045.bin	342
reimagine	multitalk	Event/MultiTalk/BinaryData/Perform/1000000000_Event/CMPerData_20140513_leed_k046.bin	342
reimagine	multitalk	Event/MultiTalk/BinaryData/Perform/1000000000_Event/CMPerData_20140513_leed_k051.bin	2002
reimagine	multitalk	Event/MultiTalk/BinaryData/Perform/1000000000_Event/CMPerData_20140513_leed_k061.bin	1338
reimagine	multitalk	Event/MultiTalk/BinaryData/Perform/1000000000_Event/CMPerData_20140513_leed_k062.bin	1006
reimagine	multitalk	Event/MultiTalk/BinaryData/Perform/1000000000_Event/CMPerData_20140513_leed_k063.bin	674
reimagine	multitalk	Event/MultiTalk/BinaryData/Perform/1000000000_Event/CMPerData_20140513_leed_k064.bin	674
reimagine	multitalk	Event/MultiTalk/BinaryData/Perform/1000000000_Event/CMPerData_20140513_leed_k065.bin	674
reimagine	multitalk	Event/MultiTalk/BinaryData/Perform/1000000000_Event/CMPerData_20140513_leed_k066.bin	1006
reimagine	multitalk	Event/MultiTalk/BinaryData/Perform/1000000000_Event/CMPerData_20140513_leed_k067.bin	1670
reimagine	multitalk	Event/MultiTalk/BinaryData/Perform/1000000000_Event/CMPerData_20140513_leed_k071.bin	342
reimagine	multitalk	Event/MultiTalk/BinaryData/Perform/1000000000_Event/CMPerData_20140513_leed_k072.bin	674
reimagine	multitalk	Event/MultiTalk/BinaryData/Perform/1000000000_Event/CMPerData_20140513_leed_k073.bin	674
reimagine	multitalk	Event/MultiTalk/BinaryData/Perform/1000000000_Event/CMPerData_20140513_leed_k074.bin	2002
reimagine	multitalk	Event/MultiTalk/BinaryData/Perform/1000000000_Event/CMPerData_20140513_leed_k075.bin	342
reimagine	multitalk	Event/MultiTalk/BinaryData/Perform/1000000000_Event/CMPerData_20140513_leed_k076.bin	342
reimagine	multitalk	Event/MultiTalk/BinaryData/Perform/1000000000_Event/CMPerData_20140513_leed_k077.bin	674
reimagine	multitalk	Event/MultiTalk/BinaryData/Perform/1000000000_Event/CMPerData_20140513_leed_k078.bin	2002
reimagine	multitalk	Event/MultiTalk/BinaryData/Perform/1000000000_Event/CMPerData_20140513_leed_k079.bin	342
reimagine	multitalk	Event/MultiTalk/BinaryData/Perform/1000000000_Event/CMPerData_20140513_leed_k080.bin	2334
reimagine	multitalk	Event/MultiTalk/BinaryData/Perform/1000000000_Event/CMPerData_20140513_leed_k081.bin	1338
reimagine	multitalk	Event/MultiTalk/BinaryData/Perform/1000000000_Event/CMPerData_20140513_leed_k082.bin	1670
reimagine	multitalk	Event/MultiTalk/BinaryData/Perform/1000000000_Event/CMPerData_20140513_leed_k083.bin	1338
reimagine	multitalk	Event/MultiTalk/BinaryData/Perform/1000000000_Event/CMPerData_20140513_leed_o001.bin	2998
reimagine	multitalk	Event/MultiTalk/BinaryData/Perform/1000000000_Event/CMPerData_20140513_leed_o002.bin	4658
reimagine	multitalk	Event/MultiTalk/BinaryData/Perform/1000000000_Event/CMPerData_20140513_leed_o011.bin	342
reimagine	multitalk	Event/MultiTalk/BinaryData/Perform/1000000000_Event/CMPerData_20140513_leed_o021.bin	2002
reimagine	multitalk	Event/MultiTalk/BinaryData/Perform/1000000000_Event/CMPerData_20140513_leed_o022.bin	2002
reimagine	multitalk	Event/MultiTalk/BinaryData/Perform/1000000000_Event/CMPerData_20140513_leed_o023.bin	342
reimagine	multitalk	Event/MultiTalk/BinaryData/Perform/1000000000_Event/CMPerData_20140513_leed_o024.bin	342
reimagine	multitalk	Event/MultiTalk/BinaryData/Perform/1000000000_Event/CMPerData_20140513_leed_o025.bin	1338
reimagine	multitalk	Event/MultiTalk/BinaryData/Perform/1000000000_Event/CMPerData_20140513_leed_o026.bin	674
reimagine	multitalk	Event/MultiTalk/BinaryData/Perform/1000000000_Event/CMPerData_20140513_leed_o027.bin	342
reimagine	multitalk	Event/MultiTalk/BinaryData/Perform/1000000000_Event/CMPerData_20140513_leed_o031.bin	342
reimagine	multitalk	Event/MultiTalk/BinaryData/Perform/1000000000_Event/CMPerData_20140513_leed_o032.bin	342
reimagine	multitalk	Event/MultiTalk/BinaryData/Perform/1000000000_Event/CMPerData_20140513_leed_o033.bin	1338
reimagine	multitalk	Event/MultiTalk/BinaryData/Perform/1000000000_Event/CMPerData_20140513_leed_o034.bin	1338
reimagine	multitalk	Event/MultiTalk/BinaryData/Perform/1000000000_Event/CMPerData_20140513_leed_o035.bin	1338
reimagine	multitalk	Event/MultiTalk/BinaryData/Perform/1000000000_Event/CMPerData_20140513_leed_o036.bin	342
reimagine	multitalk	Event/MultiTalk/BinaryData/Perform/1000000000_Event/CMPerData_20140513_leed_o037.bin	342
reimagine	multitalk	Event/MultiTalk/BinaryData/Perform/1000000000_Event/CMPerData_20140513_leed_o038.bin	342
reimagine	multitalk	Event/MultiTalk/BinaryData/Perform/1000000000_Event/CMPerData_20140513_leed_o039.bin	342
reimagine	multitalk	Event/MultiTalk/BinaryData/Perform/1000000000_Event/CMPerData_20140513_leed_o041.bin	342
reimagine	multitalk	Event/MultiTalk/BinaryData/Perform/1000000000_Event/CMPerData_20140513_leed_o042.bin	342
reimagine	multitalk	Event/MultiTalk/BinaryData/Perform/1000000000_Event/CMPerData_20140513_leed_o043.bin	674
reimagine	multitalk	Event/MultiTalk/BinaryData/Perform/1000000000_Event/CMPerData_20140513_leed_o044.bin	1338
reimagine	multitalk	Event/MultiTalk/BinaryData/Perform/1000000000_Event/CMPerData_20140513_leed_o045.bin	342
reimagine	multitalk	Event/MultiTalk/BinaryData/Perform/1000000000_Event/CMPerData_20140513_leed_o046.bin	342
reimagine	multitalk	Event/MultiTalk/BinaryData/Perform/1000000000_Event/CMPerData_20140513_leed_o051.bin	2002
reimagine	multitalk	Event/MultiTalk/BinaryData/Perform/1000000000_Event/CMPerData_20140513_leed_o061.bin	674
reimagine	multitalk	Event/MultiTalk/BinaryData/Perform/1000000000_Event/CMPerData_20140513_leed_o062.bin	1006
reimagine	multitalk	Event/MultiTalk/BinaryData/Perform/1000000000_Event/CMPerData_20140513_leed_o063.bin	342
reimagine	multitalk	Event/MultiTalk/BinaryData/Perform/1000000000_Event/CMPerData_20140513_leed_o064.bin	674
reimagine	multitalk	Event/MultiTalk/BinaryData/Perform/1000000000_Event/CMPerData_20140513_leed_o065.bin	674
reimagine	multitalk	Event/MultiTalk/BinaryData/Perform/1000000000_Event/CMPerData_20140513_leed_o066.bin	674
reimagine	multitalk	Event/MultiTalk/BinaryData/Perform/1000000000_Event/CMPerData_20140513_leed_o067.bin	1670
reimagine	multitalk	Event/MultiTalk/BinaryData/Perform/1000000000_Event/CMPerData_20140513_leed_o071.bin	342
reimagine	multitalk	Event/MultiTalk/BinaryData/Perform/1000000000_Event/CMPerData_20140513_leed_o072.bin	342
reimagine	multitalk	Event/MultiTalk/BinaryData/Perform/1000000000_Event/CMPerData_20140513_leed_o073.bin	1670
reimagine	multitalk	Event/MultiTalk/BinaryData/Perform/1000000000_Event/CMPerData_20140513_leed_o074.bin	2002
reimagine	multitalk	Event/MultiTalk/BinaryData/Perform/1000000000_Event/CMPerData_20140513_leed_o075.bin	342
reimagine	multitalk	Event/MultiTalk/BinaryData/Perform/1000000000_Event/CMPerData_20140513_leed_o076.bin	674
reimagine	multitalk	Event/MultiTalk/BinaryData/Perform/1000000000_Event/CMPerData_20140513_leed_o077.bin	1670
reimagine	multitalk	Event/MultiTalk/BinaryData/Perform/1000000000_Event/CMPerData_20140513_leed_o078.bin	674
reimagine	multitalk	Event/MultiTalk/BinaryData/Perform/100107_cathedral/CMTPerData_653_001.bin	7978
reimagine	multitalk	Event/MultiTalk/BinaryData/Perform/1100000_2ndhomeMO/CMTPerData_11000507_001.bin	7314
reimagine	multitalk	Event/MultiTalk/BinaryData/Perform/1100000_2ndhomeMO/CMTPerData_11000507_002.bin	3662
reimagine	multitalk	Event/MultiTalk/BinaryData/Perform/1100000_2ndhomeMO/CMTPerData_11000507_003.bin	4990
reimagine	multitalk	Event/MultiTalk/BinaryData/Perform/1100000_2ndhomeMO/CMTPerData_11000507_004.bin	13954
reimagine	multitalk	Event/MultiTalk/BinaryData/Perform/1100000_2ndhomeMO/CMTPerData_11000507_005.bin	2334
reimagine	multitalk	Event/MultiTalk/BinaryData/Perform/1100000_2ndhomeMO/CMTPerData_11000507_006.bin	2334
reimagine	multitalk	Event/MultiTalk/BinaryData/Perform/1110000_SetoMO/CMTPerData_1110000_001.bin	20926
reimagine	multitalk	Event/MultiTalk/BinaryData/Perform/1110000_SetoMO/CMTPerData_1110000_002.bin	16278
reimagine	multitalk	Event/MultiTalk/BinaryData/Perform/1170000_7Anniversary/CMPerData_1170101_001.bin	28230
reimagine	multitalk	Event/MultiTalk/BinaryData/Perform/1190000_MaraMO/CMPerData_1190000_001.bin	27898
reimagine	multitalk	Event/MultiTalk/BinaryData/Perform/1190000_MaraMO/CMPerData_1190000_002.bin	59770
reimagine	multitalk	Event/MultiTalk/BinaryData/Perform/1190000_MaraMO/CMPerData_1190000_003.bin	66078
reimagine	multitalk	Event/MultiTalk/BinaryData/Perform/1190000_MaraMO/CMPerData_1190000_004.bin	22254
reimagine	multitalk	Event/MultiTalk/BinaryData/Perform/1190000_MaraMO/CMPerData_1190000_005.bin	46822
reimagine	multitalk	Event/MultiTalk/BinaryData/Perform/1190000_MaraMO/CMPerData_1190000_006.bin	17606
reimagine	multitalk	Event/MultiTalk/BinaryData/Perform/1190000_MaraMO/CMPerData_1190000_007.bin	17606
reimagine	multitalk	Event/MultiTalk/BinaryData/Perform/1190000_MaraMO/CMPerData_1190000_008.bin	6982
reimagine	multitalk	Event/MultiTalk/BinaryData/Perform/1190000_MaraMO/CMPerData_1190000_009.bin	5654
reimagine	multitalk	Event/MultiTalk/BinaryData/Perform/1190000_MaraMO/CMPerData_1190000_010.bin	1670
reimagine	multitalk	Event/MultiTalk/BinaryData/Perform/1190000_MaraMO/CMPerData_1190000_011.bin	2002
reimagine	multitalk	Event/MultiTalk/BinaryData/Perform/1190000_MaraMO/CMPerData_1190000_012.bin	1670
reimagine	multitalk	Event/MultiTalk/BinaryData/Perform/1190000_MaraMO/CMPerData_1190000_013.bin	2334
reimagine	multitalk	Event/MultiTalk/BinaryData/Perform/150101_shinF/CMTPerData_80113_001.bin	4326
reimagine	multitalk	Event/MultiTalk/BinaryData/Perform/150101_shinF/CMTPerData_80113_002.bin	4326
reimagine	multitalk	Event/MultiTalk/BinaryData/Perform/260000_Catedral/CMTPerData_260000_001.bin	39186
reimagine	multitalk	Event/MultiTalk/BinaryData/Perform/260000_Catedral/CMTPerData_260000_002.bin	44498
reimagine	multitalk	Event/MultiTalk/BinaryData/Perform/260000_Catedral/CMTPerData_260000_003.bin	16942
reimagine	multitalk	Event/MultiTalk/BinaryData/Perform/260000_Catedral/CMTPerData_260000_004.bin	58110
reimagine	multitalk	Event/MultiTalk/BinaryData/Perform/50107_chuou/CMTPerData_50107_001.bin	45162
reimagine	multitalk	Event/MultiTalk/BinaryData/Perform/50107_chuou/CMTPerData_50107_002.bin	54790
reimagine	multitalk	Event/MultiTalk/BinaryData/Perform/50107_chuou/CMTPerData_50107_003.bin	45826
reimagine	multitalk	Event/MultiTalk/BinaryData/Perform/640005_Event2014/CMTPerData_640005_001.bin	32546
reimagine	multitalk	Event/MultiTalk/BinaryData/Perform/640005_Event2014/CMTPerData_640005_002.bin	40846
reimagine	multitalk	Event/MultiTalk/BinaryData/Perform/640005_Event2014/CMTPerData_640005_003.bin	42174
reimagine	multitalk	Event/MultiTalk/BinaryData/Perform/640005_Event2014/CMTPerData_640005_004.bin	36198
reimagine	multitalk	Event/MultiTalk/BinaryData/Perform/640005_Event2014/CMTPerData_640005_005.bin	4658
reimagine	multitalk	Event/MultiTalk/BinaryData/Perform/640005_Event2014/CMTPerData_640005_006.bin	3330
reimagine	multitalk	Event/MultiTalk/BinaryData/Perform/640005_Event2014/CMTPerData_640005_007.bin	4658
reimagine	multitalk	Event/MultiTalk/BinaryData/Perform/640005_Event2014/CMTPerData_640005_008.bin	54458
reimagine	multitalk	Event/MultiTalk/BinaryData/Perform/640005_Event2014/CMTPerData_640005_009.bin	4326
reimagine	multitalk	Event/MultiTalk/BinaryData/Perform/640005_Event2014/CMTPerData_640005_010.bin	5322
reimagine	multitalk	Event/MultiTalk/BinaryData/Perform/640005_Event2014/CMTPerData_640005_011.bin	51138
reimagine	multitalk	Event/MultiTalk/BinaryData/Perform/640005_Event2014/CMTPerData_640005_012.bin	51138
reimagine	multitalk	Event/MultiTalk/BinaryData/Perform/640005_Event2014/CMTPerData_640005_013.bin	10966
reimagine	multitalk	Event/MultiTalk/BinaryData/Perform/640005_Event2014/CMTPerData_640005_014.bin	11962
reimagine	multitalk	Event/MultiTalk/BinaryData/Perform/640005_Event2014/CMTPerData_640005_015.bin	11962
reimagine	multitalk	Event/MultiTalk/BinaryData/Perform/640005_Event2014/CMTPerData_640005_016.bin	15946
reimagine	multitalk	Event/MultiTalk/BinaryData/Perform/640005_Event2014/CMTPerData_640005_017.bin	72054
reimagine	multitalk	Event/MultiTalk/BinaryData/Perform/ALFRED/protophia/EP19/00/CMTPerData_ALFRED_protophia_EP19_000_001.bin	10302
reimagine	multitalk	Event/MultiTalk/BinaryData/Perform/ALFRED/protophia/EP19/00/CMTPerData_ALFRED_protophia_EP19_000_002.bin	5322
reimagine	multitalk	Event/MultiTalk/BinaryData/Perform/ALFRED/protophia/EP19/00/CMTPerData_ALFRED_protophia_EP19_000_003.bin	4658
reimagine	multitalk	Event/MultiTalk/BinaryData/Perform/ALFRED/protophia/EP19/00/CMTPerData_ALFRED_protophia_EP19_000_004.bin	2998
reimagine	multitalk	Event/MultiTalk/BinaryData/Perform/ALFRED/protophia/EP19/00/CMTPerData_ALFRED_protophia_EP19_000_005.bin	3662
reimagine	multitalk	Event/MultiTalk/BinaryData/Perform/ALFRED/protophia/EP19/00/CMTPerData_ALFRED_protophia_EP19_000_006.bin	15946
reimagine	multitalk	Event/MultiTalk/BinaryData/Perform/ALFRED/protophia/EP20/00/CMTPerData_ALFRED_protophia_EP20_000_001.bin	20926
reimagine	multitalk	Event/MultiTalk/BinaryData/Perform/ALFRED/protophia/EP20/00/CMTPerData_ALFRED_protophia_EP20_000_002.bin	3994
reimagine	multitalk	Event/MultiTalk/BinaryData/Perform/ALFRED/protophia/EP20/00/CMTPerData_ALFRED_protophia_EP20_000_003.bin	4326
reimagine	multitalk	Event/MultiTalk/BinaryData/Perform/ALICE/nakanoF/2012KAKIEV/02/CMTPerData_ALICE_nakanoF_2012KAKIEV_002_001.bin	2334
reimagine	multitalk	Event/MultiTalk/BinaryData/Perform/ALICE/nakanoF/2012KAKIEV/02/CMTPerData_ALICE_nakanoF_2012KAKIEV_002_002.bin	2002
reimagine	multitalk	Event/MultiTalk/BinaryData/Perform/ALICE/nakanoF/2012KAKIEV/02/CMTPerData_ALICE_nakanoF_2012KAKIEV_002_003.bin	1670
reimagine	multitalk	Event/MultiTalk/BinaryData/Perform/ALICE/nakanoF/2012KAKIEV/02/CMTPerData_ALICE_nakanoF_2012KAKIEV_002_004.bin	19930
reimagine	multitalk	Event/MultiTalk/BinaryData/Perform/ALICE/nakanoF/2012KAKIEV/02/CMTPerData_ALICE_nakanoF_2012KAKIEV_002_005.bin	19930
reimagine	multitalk	Event/MultiTalk/BinaryData/Perform/ALICE/nakanoF/2012KAKIEV/02/CMTPerData_ALICE_nakanoF_2012KAKIEV_002_006.bin	7978
reimagine	multitalk	Event/MultiTalk/BinaryData/Perform/ALICE/nakanoF/2012KAKIEV/02/CMTPerData_ALICE_nakanoF_2012KAKIEV_002_007.bin	2334
reimagine	multitalk	Event/MultiTalk/BinaryData/Perform/ALICE/sugiF/2012KAKIEV/00/CMTPerData_ALICE_sugiF_2012KAKIEV_000_001.bin	2998
reimagine	multitalk	Event/MultiTalk/BinaryData/Perform/ALICE/sugiF/2012KAKIEV/00/CMTPerData_ALICE_sugiF_2012KAKIEV_000_002.bin	2998
reimagine	multitalk	Event/MultiTalk/BinaryData/Perform/ALICE/sugiF/2012KAKIEV/00/CMTPerData_ALICE_sugiF_2012KAKIEV_000_003.bin	2998
reimagine	multitalk	Event/MultiTalk/BinaryData/Perform/ALICE/sugiF/2012KAKIEV/00/CMTPerData_ALICE_sugiF_2012KAKIEV_000_004.bin	2998
reimagine	multitalk	Event/MultiTalk/BinaryData/Perform/ALICE/sugiF/2012KAKIEV/00/CMTPerData_ALICE_sugiF_2012KAKIEV_000_005.bin	5654
reimagine	multitalk	Event/MultiTalk/BinaryData/Perform/ALICE/sugiF/2012KAKIEV/00/CMTPerData_ALICE_sugiF_2012KAKIEV_000_006.bin	5654
reimagine	multitalk	Event/MultiTalk/BinaryData/Perform/ALICE/sugiF/2012KAKIEV/00/CMTPerData_ALICE_sugiF_2012KAKIEV_000_007.bin	7646
reimagine	multitalk	Event/MultiTalk/BinaryData/Perform/ALICE/sugiF/2012KAKIEV/00/CMTPerData_ALICE_sugiF_2012KAKIEV_000_008.bin	7646
reimagine	multitalk	Event/MultiTalk/BinaryData/Perform/ALICE/sugiF/2012KAKIEV/00/CMTPerData_ALICE_sugiF_2012KAKIEV_000_009.bin	4658
reimagine	multitalk	Event/MultiTalk/BinaryData/Perform/ALICE/sugiF/2012KAKIEV/00/CMTPerData_ALICE_sugiF_2012KAKIEV_000_010.bin	3330
reimagine	multitalk	Event/MultiTalk/BinaryData/Perform/ALICE/sugiF/2012KAKIEV/00/CMTPerData_ALICE_sugiF_2012KAKIEV_000_011.bin	3330
reimagine	multitalk	Event/MultiTalk/BinaryData/Perform/ALICE/sugiF/2012KAKIEV/00/CMTPerData_ALICE_sugiF_2012KAKIEV_000_012.bin	2334
reimagine	multitalk	Event/MultiTalk/BinaryData/Perform/ALICE/sugiF/2012KAKIEV/00/CMTPerData_ALICE_sugiF_2012KAKIEV_000_013.bin	2334
reimagine	multitalk	Event/MultiTalk/BinaryData/Perform/ALICE/sugiF/2012KAKIEV/00/CMTPerData_ALICE_sugiF_2012KAKIEV_000_014.bin	2666
reimagine	multitalk	Event/MultiTalk/BinaryData/Perform/ALICE/sugiF/2012KAKIEV/01/CMTPerData_ALICE_sugiF_2012KAKIEV_001_001.bin	3662
reimagine	multitalk	Event/MultiTalk/BinaryData/Perform/ALICE/sugiF/2012KAKIEV/01/CMTPerData_ALICE_sugiF_2012KAKIEV_001_002.bin	3662
reimagine	multitalk	Event/MultiTalk/BinaryData/Perform/ALICE/sugiF/2012KAKIEV/01/CMTPerData_ALICE_sugiF_2012KAKIEV_001_003.bin	3662
reimagine	multitalk	Event/MultiTalk/BinaryData/Perform/ALICE/sugiF/2012KAKIEV/01/CMTPerData_ALICE_sugiF_2012KAKIEV_001_004.bin	5986
reimagine	multitalk	Event/MultiTalk/BinaryData/Perform/ALICE/sugiF/2012KAKIEV/01/CMTPerData_ALICE_sugiF_2012KAKIEV_001_005.bin	5986
reimagine	multitalk	Event/MultiTalk/BinaryData/Perform/ALICE/sugiF/2012KAKIEV/01/CMTPerData_ALICE_sugiF_2012KAKIEV_001_006.bin	3662
reimagine	multitalk	Event/MultiTalk/BinaryData/Perform/ALICE/sugiF/2012KAKIEV/01/CMTPerData_ALICE_sugiF_2012KAKIEV_001_007.bin	3330
reimagine	multitalk	Event/MultiTalk/BinaryData/Perform/ALICE/sugiF/2012KAKIEV/01/CMTPerData_ALICE_sugiF_2012KAKIEV_001_008.bin	3330
reimagine	multitalk	Event/MultiTalk/BinaryData/Perform/ALICE/sugiF/2012KAKIEV/02/CMTPerData_ALICE_sugiF_2012KAKIEV_002_001.bin	3662
reimagine	multitalk	Event/MultiTalk/BinaryData/Perform/ALICE/sugiF/2012KAKIEV/02/CMTPerData_ALICE_sugiF_2012KAKIEV_002_002.bin	3662
reimagine	multitalk	Event/MultiTalk/BinaryData/Perform/ALICE/sugiF/2012KAKIEV/02/CMTPerData_ALICE_sugiF_2012KAKIEV_002_003.bin	3662
reimagine	multitalk	Event/MultiTalk/BinaryData/Perform/ALICE/sugiF/2012KAKIEV/02/CMTPerData_ALICE_sugiF_2012KAKIEV_002_004.bin	6318
reimagine	multitalk	Event/MultiTalk/BinaryData/Perform/ALICE/sugiF/2012KAKIEV/02/CMTPerData_ALICE_sugiF_2012KAKIEV_002_005.bin	6318
reimagine	multitalk	Event/MultiTalk/BinaryData/Perform/ALICE/sugiF/2012KAKIEV/02/CMTPerData_ALICE_sugiF_2012KAKIEV_002_006.bin	9638
reimagine	multitalk	Event/MultiTalk/BinaryData/Perform/ALICE/sugiF/2012KAKIEV/02/CMTPerData_ALICE_sugiF_2012KAKIEV_002_007.bin	9638
reimagine	multitalk	Event/MultiTalk/BinaryData/Perform/ALICE/sugiF/2012KAKIEV/02/CMTPerData_ALICE_sugiF_2012KAKIEV_002_008.bin	2998
reimagine	multitalk	Event/MultiTalk/BinaryData/Perform/ALICE/sugiF/2012KAKIEV/02/CMTPerData_ALICE_sugiF_2012KAKIEV_002_009.bin	3662
reimagine	multitalk	Event/MultiTalk/BinaryData/Perform/ALICE/sugiF/2012KAKIEV/02/CMTPerData_ALICE_sugiF_2012KAKIEV_002_010.bin	3330
reimagine	multitalk	Event/MultiTalk/BinaryData/Perform/ALICE/sugiF/2012KAKIEV/02/CMTPerData_ALICE_sugiF_2012KAKIEV_002_011.bin	3330
reimagine	multitalk	Event/MultiTalk/BinaryData/Perform/AOI/ClubHorai/Horai/00/CMTPerData_Aoi_ClubHorai_Horai_000_001.bin	674
reimagine	multitalk	Event/MultiTalk/BinaryData/Perform/AOI/ClubHorai/Horai/00/CMTPerData_Aoi_ClubHorai_Horai_000_002.bin	674
reimagine	multitalk	Event/MultiTalk/BinaryData/Perform/AOI/ClubHorai/Horai/00/CMTPerData_Aoi_ClubHorai_Horai_000_003.bin	674
reimagine	multitalk	Event/MultiTalk/BinaryData/Perform/AOI/ClubHorai/Horai/00/CMTPerData_Aoi_ClubHorai_Horai_000_004.bin	674
reimagine	multitalk	Event/MultiTalk/BinaryData/Perform/AOI/ClubHorai/Horai/00/CMTPerData_Aoi_ClubHorai_Horai_000_005.bin	674
reimagine	multitalk	Event/MultiTalk/BinaryData/Perform/AOI/ClubHorai/Horai/00/CMTPerData_Aoi_ClubHorai_Horai_000_006.bin	1670
reimagine	multitalk	Event/MultiTalk/BinaryData/Perform/AOI/ClubHorai/Horai/00/CMTPerData_Aoi_ClubHorai_Horai_000_007.bin	1670
reimagine	multitalk	Event/MultiTalk/BinaryData/Perform/AOI/ClubHorai/Horai/00/CMTPerData_Aoi_ClubHorai_Horai_000_008.bin	674
reimagine	multitalk	Event/MultiTalk/BinaryData/Perform/AOI/ClubHorai/Horai/00/CMTPerData_Aoi_ClubHorai_Horai_000_009.bin	674
reimagine	multitalk	Event/MultiTalk/BinaryData/Perform/AOI/ClubHorai/Horai/00/CMTPerData_Aoi_ClubHorai_Horai_000_010.bin	674
reimagine	multitalk	Event/MultiTalk/BinaryData/Perform/AOI/ClubHorai/Horai/00/CMTPerData_Aoi_ClubHorai_Horai_000_011.bin	674
reimagine	multitalk	Event/MultiTalk/BinaryData/Perform/AOI/ClubHorai/Horai/00/CMTPerData_Aoi_ClubHorai_Horai_000_012.bin	674
reimagine	multitalk	Event/MultiTalk/BinaryData/Perform/AOI/ClubHorai/Horai/00/CMTPerData_Aoi_ClubHorai_Horai_000_013.bin	674
reimagine	multitalk	Event/MultiTalk/BinaryData/Perform/AOI/ClubHorai/Horai/00/CMTPerData_Aoi_ClubHorai_Horai_000_014.bin	674
reimagine	multitalk	Event/MultiTalk/BinaryData/Perform/AOI/ClubHorai/Horai/00/CMTPerData_Aoi_ClubHorai_Horai_000_015.bin	1670
reimagine	multitalk	Event/MultiTalk/BinaryData/Perform/AOI/ClubHorai/Horai/00/CMTPerData_Aoi_ClubHorai_Horai_000_016.bin	1670
reimagine	multitalk	Event/MultiTalk/BinaryData/Perform/AOI/ClubHorai/Horai/00/CMTPerData_Aoi_ClubHorai_Horai_000_017.bin	674
reimagine	multitalk	Event/MultiTalk/BinaryData/Perform/AOI/ClubHorai/Horai/00/CMTPerData_Aoi_ClubHorai_Horai_000_018.bin	674
reimagine	multitalk	Event/MultiTalk/BinaryData/Perform/AOI/ClubHorai/Horai/00/CMTPerData_Aoi_ClubHorai_Horai_000_019.bin	674
reimagine	multitalk	Event/MultiTalk/BinaryData/Perform/AOI/ClubHorai/Horai/00/CMTPerData_Aoi_ClubHorai_Horai_000_020.bin	674
reimagine	multitalk	Event/MultiTalk/BinaryData/Perform/AOI/ClubHorai/Horai/00/CMTPerData_Aoi_ClubHorai_Horai_000_021.bin	674
reimagine	multitalk	Event/MultiTalk/BinaryData/Perform/AOI/ClubHorai/Horai/00/CMTPerData_Aoi_ClubHorai_Horai_000_022.bin	674
reimagine	multitalk	Event/MultiTalk/BinaryData/Perform/AOI/ClubHorai/Horai/00/CMTPerData_Aoi_ClubHorai_Horai_000_023.bin	674
reimagine	multitalk	Event/MultiTalk/BinaryData/Perform/AOI/ClubHorai/Horai/00/CMTPerData_Aoi_ClubHorai_Horai_000_024.bin	1670
reimagine	multitalk	Event/MultiTalk/BinaryData/Perform/AOI/ClubHorai/Horai/00/CMTPerData_Aoi_ClubHorai_Horai_000_025.bin	1670
reimagine	multitalk	Event/MultiTalk/BinaryData/Perform/AOI/ClubHorai/Horai/00/CMTPerData_Aoi_ClubHorai_Horai_000_026.bin	674
reimagine	multitalk	Event/MultiTalk/BinaryData/Perform/AOI/ClubHorai/Horai/00/CMTPerData_Aoi_ClubHorai_Horai_000_027.bin	674
reimagine	multitalk	Event/MultiTalk/BinaryData/Perform/AOI/ClubHorai/Horai/00/CMTPerData_Aoi_ClubHorai_Horai_000_028.bin	674
reimagine	multitalk	Event/MultiTalk/BinaryData/Perform/AOI/ClubHorai/Horai/00/CMTPerData_Aoi_ClubHorai_Horai_000_029.bin	674
reimagine	multitalk	Event/MultiTalk/BinaryData/Perform/AOI/ClubHorai/Horai/00/CMTPerData_Aoi_ClubHorai_Horai_000_030.bin	8310
reimagine	multitalk	Event/MultiTalk/BinaryData/Perform/ARUKO/3Hannyu/COC11/00/CMTPerData_ARUKO_3Hannyu_COC11_000_001.bin	7646
reimagine	multitalk	Event/MultiTalk/BinaryData/Perform/ARUKO/hongoMo/COC08/00/CMTPerData_ARUKO_hongoMo_COC08_000_001.bin	2666
reimagine	multitalk	Event/MultiTalk/BinaryData/Perform/ARUKO/hongoMo/COC08/00/CMTPerData_ARUKO_hongoMo_COC08_000_002.bin	3994
reimagine	multitalk	Event/MultiTalk/BinaryData/Perform/ARUMA/3Hannyu/COC11/00/CMTPerData_ARUMA_3Hannyu_COC11_000_001.bin	7314
reimagine	multitalk	Event/MultiTalk/BinaryData/Perform/ARUMA/hongoMo/COC08/00/CMTPerData_ARUMA_hongoMo_COC08_000_001.bin	2666
reimagine	multitalk	Event/MultiTalk/BinaryData/Perform/ARUMA/hongoMo/COC08/00/CMTPerData_ARUMA_hongoMo_COC08_000_002.bin	3994
reimagine	multitalk	Event/MultiTalk/BinaryData/Perform/ASTAROTH/Spiritual/EP20/00/CMTPerData_ASTAROTH_Spiritual_EP20_000_001.bin	15282
reimagine	multitalk	Event/MultiTalk/BinaryData/Perform/ASTAROTH/Spiritual/EP20/00/CMTPerData_ASTAROTH_Spiritual_EP20_000_002.bin	7978
reimagine	multitalk	Event/MultiTalk/BinaryData/Perform/AZURA/tocho/EP18/00/CMTPerData_AZURA_tocho_EP18_000_001.bin	29558
reimagine	multitalk	Event/MultiTalk/BinaryData/Perform/AZURA/tocho/EP18/00/CMTPerData_AZURA_tocho_EP18_000_002.bin	21258
reimagine	multitalk	Event/MultiTalk/BinaryData/Perform/AZURA/tocho/EP18/00/CMTPerData_AZURA_tocho_EP18_000_003.bin	29558
reimagine	multitalk	Event/MultiTalk/BinaryData/Perform/CELTY/ikebukuro/Durarara/00/CMTPerData_CELTY_ikebukuro_Durarara_000_001.bin	674
reimagine	multitalk	Event/MultiTalk/BinaryData/Perform/CELTY/ikebukuro/Durarara/00/CMTPerData_CELTY_ikebukuro_Durarara_000_002.bin	674
reimagine	multitalk	Event/MultiTalk/BinaryData/Perform/CELTY/ikebukuro/Durarara/00/CMTPerData_CELTY_ikebukuro_Durarara_000_003.bin	10
reimagine	multitalk	Event/MultiTalk/BinaryData/Perform/CHIBANA/ikebukuro/nabaru/00/CMTPerData_CHIBANA_ikebukuro_nabaru_000_001.bin	15282
reimagine	multitalk	Event/MultiTalk/BinaryData/Perform/CHIBANA/ikebukuro/nabaru/00/CMTPerData_CHIBANA_ikebukuro_nabaru_000_002.bin	2334
reimagine	multitalk	Event/MultiTalk/BinaryData/Perform/CHIBANA/ikebukuro/nabaru/00/CMTPerData_CHIBANA_ikebukuro_nabaru_000_003.bin	2666
reimagine	multitalk	Event/MultiTalk/BinaryData/Perform/CHIBANA/ikebukuro/nabaru/00/CMTPerData_CHIBANA_ikebukuro_nabaru_000_004.bin	1670
reimagine	multitalk	Event/MultiTalk/BinaryData/Perform/CHIBANA/ikebukuro/nabaru/00/CMTPerData_CHIBANA_ikebukuro_nabaru_000_005.bin	16278
reimagine	multitalk	Event/MultiTalk/BinaryData/Perform/CHIBANA/ikebukuro/nabaru/00/CMTPerData_CHIBANA_ikebukuro_nabaru_000_006.bin	1006
reimagine	multitalk	Event/MultiTalk/BinaryData/Perform/CHIBANA/ikebukuro/nabaru/00/CMTPerData_CHIBANA_ikebukuro_nabaru_000_007.bin	1670
reimagine	multitalk	Event/MultiTalk/BinaryData/Perform/CHIBANA/ikebukuro/nabaru/00/CMTPerData_CHIBANA_ikebukuro_nabaru_000_008.bin	1006
reimagine	multitalk	Event/MultiTalk/BinaryData/Perform/CHIBANA/ikebukuro/nabaru/00/CMTPerData_CHIBANA_ikebukuro_nabaru_000_009.bin	342
reimagine	multitalk	Event/MultiTalk/BinaryData/Perform/CHIBANA/ikebukuro/nabaru/00/CMTPerData_CHIBANA_ikebukuro_nabaru_000_010.bin	342
reimagine	multitalk	Event/MultiTalk/BinaryData/Perform/CHIBANA/ikebukuro/nabaru/00/CMTPerData_CHIBANA_ikebukuro_nabaru_000_011.bin	342
reimagine	multitalk	Event/MultiTalk/BinaryData/Perform/CHIBANA/ikebukuro/nabaru/00/CMTPerData_CHIBANA_ikebukuro_nabaru_000_012.bin	342
reimagine	multitalk	Event/MultiTalk/BinaryData/Perform/CHIBANA/ikebukuro/nabaru/00/CMTPerData_CHIBANA_ikebukuro_nabaru_000_013.bin	10302
reimagine	multitalk	Event/MultiTalk/BinaryData/Perform/CHIBANA/ikebukuro/nabaru/00/CMTPerData_CHIBANA_ikebukuro_nabaru_000_014.bin	342
reimagine	multitalk	Event/MultiTalk/BinaryData/Perform/CHIBANA/ikebukuro/nabaru/00/CMTPerData_CHIBANA_ikebukuro_nabaru_000_015.bin	342
reimagine	multitalk	Event/MultiTalk/BinaryData/Perform/CHIBANA/ikebukuro/nabaru/00/CMTPerData_CHIBANA_ikebukuro_nabaru_000_016.bin	342
reimagine	multitalk	Event/MultiTalk/BinaryData/Perform/CHIBANA/ikebukuro/nabaru/00/CMTPerData_CHIBANA_ikebukuro_nabaru_000_017.bin	342
reimagine	multitalk	Event/MultiTalk/BinaryData/Perform/CHIBANA/ikebukuro/nabaru/00/CMTPerData_CHIBANA_ikebukuro_nabaru_000_018.bin	342
reimagine	multitalk	Event/MultiTalk/BinaryData/Perform/CHIZ/baberu/COC00/00/CMTPerData_CHIZ_baberu_COC00_000_001.bin	342
reimagine	multitalk	Event/MultiTalk/BinaryData/Perform/CHIZ/baberu/COC00/00/CMTPerData_CHIZ_baberu_COC00_000_002.bin	14950
reimagine	multitalk	Event/MultiTalk/BinaryData/Perform/CHIZ/baberu/COC00/00/CMTPerData_CHIZ_baberu_COC00_000_003.bin	342
reimagine	multitalk	Event/MultiTalk/BinaryData/Perform/CHIZ/baberu/COC00/00/CMTPerData_CHIZ_baberu_COC00_000_004.bin	342
reimagine	multitalk	Event/MultiTalk/BinaryData/Perform/CHIZ/baberu/COC04/00/CMTPerData_CHIZ_baberu_COC04_000_001.bin	2998
reimagine	multitalk	Event/MultiTalk/BinaryData/Perform/CHIZ/baberu/COC04/00/CMTPerData_CHIZ_baberu_COC04_000_002.bin	342
reimagine	multitalk	Event/MultiTalk/BinaryData/Perform/CHIZ/baberu/COC04/00/CMTPerData_CHIZ_baberu_COC04_000_003.bin	2998
reimagine	multitalk	Event/MultiTalk/BinaryData/Perform/CHIZ/baberu/COC04/00/CMTPerData_CHIZ_baberu_COC04_000_004.bin	1670
reimagine	multitalk	Event/MultiTalk/BinaryData/Perform/CHIZ/baberu/COC05/00/CMTPerData_CHIZ_baberu_COC05_000_001.bin	342
reimagine	multitalk	Event/MultiTalk/BinaryData/Perform/CHIZ/baberu/COC05/00/CMTPerData_CHIZ_baberu_COC05_000_002.bin	8642
reimagine	multitalk	Event/MultiTalk/BinaryData/Perform/CHIZ/baberu/COC05/00/CMTPerData_CHIZ_baberu_COC05_000_003.bin	342
reimagine	multitalk	Event/MultiTalk/BinaryData/Perform/CHIZ/baberu/COC05/00/CMTPerData_CHIZ_baberu_COC05_000_004.bin	1006
reimagine	multitalk	Event/MultiTalk/BinaryData/Perform/CHIZ/baberu/COC05/00/CMTPerData_CHIZ_baberu_COC05_000_005.bin	342
reimagine	multitalk	Event/MultiTalk/BinaryData/Perform/CHIZ/baberu/COC06/00/CMTPerData_CHIZ_baberu_COC06_000_001.bin	342
reimagine	multitalk	Event/MultiTalk/BinaryData/Perform/CHIZ/baberu/COC06/00/CMTPerData_CHIZ_baberu_COC06_000_002.bin	9306
reimagine	multitalk	Event/MultiTalk/BinaryData/Perform/CHIZ/baberu/COC06/00/CMTPerData_CHIZ_baberu_COC06_000_003.bin	342
reimagine	multitalk	Event/MultiTalk/BinaryData/Perform/CHIZ/baberu/COC06/00/CMTPerData_CHIZ_baberu_COC06_000_004.bin	1006
reimagine	multitalk	Event/MultiTalk/BinaryData/Perform/CHIZ/baberu/COC06/00/CMTPerData_CHIZ_baberu_COC06_000_005.bin	342
reimagine	multitalk	Event/MultiTalk/BinaryData/Perform/CHIZ/baberu/COC07/00/CMTPerData_CHIZ_baberu_COC07_000_001.bin	342
reimagine	multitalk	Event/MultiTalk/BinaryData/Perform/CHIZ/baberu/COC07/00/CMTPerData_CHIZ_baberu_COC07_000_002.bin	9970
reimagine	multitalk	Event/MultiTalk/BinaryData/Perform/CHIZ/baberu/COC07/00/CMTPerData_CHIZ_baberu_COC07_000_003.bin	342
reimagine	multitalk	Event/MultiTalk/BinaryData/Perform/CHIZ/baberu/COC07/00/CMTPerData_CHIZ_baberu_COC07_000_004.bin	1006
reimagine	multitalk	Event/MultiTalk/BinaryData/Perform/CHIZ/baberu/COC07/00/CMTPerData_CHIZ_baberu_COC07_000_005.bin	342
reimagine	multitalk	Event/MultiTalk/BinaryData/Perform/CHIZ/baberu/COC08/00/CMTPerData_CHIZ_baberu_COC08_000_001.bin	342
reimagine	multitalk	Event/MultiTalk/BinaryData/Perform/CHIZ/baberu/COC08/00/CMTPerData_CHIZ_baberu_COC08_000_002.bin	8974
reimagine	multitalk	Event/MultiTalk/BinaryData/Perform/CHIZ/baberu/COC08/00/CMTPerData_CHIZ_baberu_COC08_000_003.bin	342
reimagine	multitalk	Event/MultiTalk/BinaryData/Perform/CHIZ/baberu/COC08/00/CMTPerData_CHIZ_baberu_COC08_000_004.bin	1006
reimagine	multitalk	Event/MultiTalk/BinaryData/Perform/CHIZ/baberu/COC08/00/CMTPerData_CHIZ_baberu_COC08_000_005.bin	342
reimagine	multitalk	Event/MultiTalk/BinaryData/Perform/CHIZ/baberu/COC09/00/CMTPerData_CHIZ_baberu_COC09_000_001.bin	342
reimagine	multitalk	Event/MultiTalk/BinaryData/Perform/CHIZ/baberu/COC09/00/CMTPerData_CHIZ_baberu_COC09_000_002.bin	1338
reimagine	multitalk	Event/MultiTalk/BinaryData/Perform/CHIZ/baberu/COC09/00/CMTPerData_CHIZ_baberu_COC09_000_003.bin	10302
reimagine	multitalk	Event/MultiTalk/BinaryData/Perform/CHIZ/baberu/COC09/00/CMTPerData_CHIZ_baberu_COC09_000_004.bin	342
reimagine	multitalk	Event/MultiTalk/BinaryData/Perform/CHIZ/baberu/COC09/00/CMTPerData_CHIZ_baberu_COC09_000_005.bin	1006
reimagine	multitalk	Event/MultiTalk/BinaryData/Perform/CHIZ/baberu/COC09/00/CMTPerData_CHIZ_baberu_COC09_000_006.bin	674
reimagine	multitalk	Event/MultiTalk/BinaryData/Perform/CHIZ/baberu/COC10/00/CMTPerData_CHIZ_baberu_COC10_000_001.bin	342
reimagine	multitalk	Event/MultiTalk/BinaryData/Perform/CHIZ/baberu/COC10/00/CMTPerData_CHIZ_baberu_COC10_000_002.bin	1338
reimagine	multitalk	Event/MultiTalk/BinaryData/Perform/CHIZ/baberu/COC10/00/CMTPerData_CHIZ_baberu_COC10_000_003.bin	10302
reimagine	multitalk	Event/MultiTalk/BinaryData/Perform/CHIZ/baberu/COC10/00/CMTPerData_CHIZ_baberu_COC10_000_004.bin	342
reimagine	multitalk	Event/MultiTalk/BinaryData/Perform/CHIZ/baberu/COC10/00/CMTPerData_CHIZ_baberu_COC10_000_005.bin	1006
reimagine	multitalk	Event/MultiTalk/BinaryData/Perform/CHIZ/baberu/COC10/00/CMTPerData_CHIZ_baberu_COC10_000_006.bin	3330
reimagine	multitalk	Event/MultiTalk/BinaryData/Perform/CHIZ/baberu/COC10/00/CMTPerData_CHIZ_baberu_COC10_000_007.bin	4990
reimagine	multitalk	Event/MultiTalk/BinaryData/Perform/CHIZ/baberu/COC10/00/CMTPerData_CHIZ_baberu_COC10_000_008.bin	4990
reimagine	multitalk	Event/MultiTalk/BinaryData/Perform/CHIZ/baberu/COC10/00/CMTPerData_CHIZ_baberu_COC10_000_009.bin	4990
reimagine	multitalk	Event/MultiTalk/BinaryData/Perform/CHIZ/baberu/COC10/00/CMTPerData_CHIZ_baberu_COC10_000_010.bin	4326
reimagine	multitalk	Event/MultiTalk/BinaryData/Perform/CHIZ/baberu/COC10/00/CMTPerData_CHIZ_baberu_COC10_000_011.bin	2334
reimagine	multitalk	Event/MultiTalk/BinaryData/Perform/CHIZ/baberu/COC10/00/CMTPerData_CHIZ_baberu_COC10_000_012.bin	1006
reimagine	multitalk	Event/MultiTalk/BinaryData/Perform/CHIZ/baberu/COC10/00/CMTPerData_CHIZ_baberu_COC10_000_013.bin	2002
reimagine	multitalk	Event/MultiTalk/BinaryData/Perform/CHIZ/baberu/COC10/00/CMTPerData_CHIZ_baberu_COC10_000_014.bin	1338
reimagine	multitalk	Event/MultiTalk/BinaryData/Perform/CHIZ/baberu/COC10/00/CMTPerData_CHIZ_baberu_COC10_000_015.bin	2334
reimagine	multitalk	Event/MultiTalk/BinaryData/Perform/CHIZ/baberu/COC10/00/CMTPerData_CHIZ_baberu_COC10_000_016.bin	6650
reimagine	multitalk	Event/MultiTalk/BinaryData/Perform/CHIZ/baberu/COC10/00/CMTPerData_CHIZ_baberu_COC10_000_017.bin	2002
reimagine	multitalk	Event/MultiTalk/BinaryData/Perform/CHIZ/baberu/COC10/00/CMTPerData_CHIZ_baberu_COC10_000_018.bin	1338
reimagine	multitalk	Event/MultiTalk/BinaryData/Perform/CUCHULAINN/ikebukuro/2012KAKIEV/01/CMTPerData_CUCHULAINN_ikebukuro_2012KAKIEV_001_001.bin	5986
reimagine	multitalk	Event/MultiTalk/BinaryData/Perform/CUCHULAINN/ikebukuro/2012KAKIEV/01/CMTPerData_CUCHULAINN_ikebukuro_2012KAKIEV_001_002.bin	4326
reimagine	multitalk	Event/MultiTalk/BinaryData/Perform/CUCHULAINN/ikebukuro/2012KAKIEV/01/CMTPerData_CUCHULAINN_ikebukuro_2012KAKIEV_001_003.bin	4326
reimagine	multitalk	Event/MultiTalk/BinaryData/Perform/CUCHULAINN/ikebukuro/2012KAKIEV/01/CMTPerData_CUCHULAINN_ikebukuro_2012KAKIEV_001_004.bin	6982
reimagine	multitalk	Event/MultiTalk/BinaryData/Perform/CUCHULAINN/ikebukuro/2012KAKIEV/01/CMTPerData_CUCHULAINN_ikebukuro_2012KAKIEV_001_005.bin	2334
reimagine	multitalk	Event/MultiTalk/BinaryData/Perform/CUCHULAINN/ikebukuro/2012KAKIEV/01/CMTPerData_CUCHULAINN_ikebukuro_2012KAKIEV_001_006.bin	3330
reimagine	multitalk	Event/MultiTalk/BinaryData/Perform/CUCHULAINN/ikebukuro/2012KAKIEV/01/CMTPerData_CUCHULAINN_ikebukuro_2012KAKIEV_001_007.bin	5986
reimagine	multitalk	Event/MultiTalk/BinaryData/Perform/CUCHULAINN/kaguraMO/2012KAKIEV/01/CMTPerData_CUCHULAINN_kaguraMO_2012KAKIEV_001_001.bin	8642
reimagine	multitalk	Event/MultiTalk/BinaryData/Perform/CUCHULAINN/kaguraMO/2012KAKIEV/01/CMTPerData_CUCHULAINN_kaguraMO_2012KAKIEV_001_002.bin	3330
reimagine	multitalk	Event/MultiTalk/BinaryData/Perform/CUCHULAINN/kaguraMO/2012KAKIEV/01/CMTPerData_CUCHULAINN_kaguraMO_2012KAKIEV_001_003.bin	3662
reimagine	multitalk	Event/MultiTalk/BinaryData/Perform/CUCHULAINN/kakyozyo/2012KAKIEV/01/CMTPerData_CUCHULAINN_kakyozyo_2012KAKIEV_001_001.bin	2998
reimagine	multitalk	Event/MultiTalk/BinaryData/Perform/CUCHULAINN/kakyozyo/2012KAKIEV/01/CMTPerData_CUCHULAINN_kakyozyo_2012KAKIEV_001_002.bin	1338
reimagine	multitalk	Event/MultiTalk/BinaryData/Perform/CUCHULAINN/kakyozyo/2012KAKIEV/01/CMTPerData_CUCHULAINN_kakyozyo_2012KAKIEV_001_003.bin	1338
reimagine	multitalk	Event/MultiTalk/BinaryData/Perform/CUCHULAINN/kakyozyo/2012KAKIEV/01/CMTPerData_CUCHULAINN_kakyozyo_2012KAKIEV_001_004.bin	12958
reimagine	multitalk	Event/MultiTalk/BinaryData/Perform/CUCHULAINN/kakyozyo/2012KAKIEV/01/CMTPerData_CUCHULAINN_kakyozyo_2012KAKIEV_001_005.bin	16610
reimagine	multitalk	Event/MultiTalk/BinaryData/Perform/CUCHULAINN/kakyozyo/2012KAKIEV/01/CMTPerData_CUCHULAINN_kakyozyo_2012KAKIEV_001_006.bin	5986
reimagine	multitalk	Event/MultiTalk/BinaryData/Perform/CUCHULAINN/kakyozyo/2012KAKIEV/01/CMTPerData_CUCHULAINN_kakyozyo_2012KAKIEV_001_007.bin	8310
reimagine	multitalk	Event/MultiTalk/BinaryData/Perform/CUCHULAINN/quartzMO/2012KAKIEV/01/CMTPerData_CUCHULAINN_quartzMO_2012KAKIEV_001_001.bin	8642
reimagine	multitalk	Event/MultiTalk/BinaryData/Perform/CUCHULAINN/quartzMO/2012KAKIEV/01/CMTPerData_CUCHULAINN_quartzMO_2012KAKIEV_001_002.bin	3330
reimagine	multitalk	Event/MultiTalk/BinaryData/Perform/CUCHULAINN/quartzMO/2012KAKIEV/01/CMTPerData_CUCHULAINN_quartzMO_2012KAKIEV_001_003.bin	3662
reimagine	multitalk	Event/MultiTalk/BinaryData/Perform/CUCHULAINN/shinF/2012KAKIEV/01/CMTPerData_CUCHULAINN_shinF_2012KAKIEV_001_001.bin	8642
reimagine	multitalk	Event/MultiTalk/BinaryData/Perform/CUCHULAINN/shinF/2012KAKIEV/01/CMTPerData_CUCHULAINN_shinF_2012KAKIEV_001_002.bin	3330
reimagine	multitalk	Event/MultiTalk/BinaryData/Perform/CUCHULAINN/shinF/2012KAKIEV/01/CMTPerData_CUCHULAINN_shinF_2012KAKIEV_001_003.bin	3662
reimagine	multitalk	Event/MultiTalk/BinaryData/Perform/CUCHULAINN/zoshigaya/2012KAKIEV/02/CMTPerData_CUCHULAINN_zoshigaya_2012KAKIEV_002_001.bin	17938
reimagine	multitalk	Event/MultiTalk/BinaryData/Perform/CUCHULAINN/zoshigaya/2012KAKIEV/02/CMTPerData_CUCHULAINN_zoshigaya_2012KAKIEV_002_002.bin	19930
reimagine	multitalk	Event/MultiTalk/BinaryData/Perform/CUCHULAINN/zoshigaya/2012KAKIEV/02/CMTPerData_CUCHULAINN_zoshigaya_2012KAKIEV_002_003.bin	20926
reimagine	multitalk	Event/MultiTalk/BinaryData/Perform/DOMINION/ClubHorai/Horai/00/CMTPerData_Dominion_ClubHorai_Horai_000_001.bin	342
reimagine	multitalk	Event/MultiTalk/BinaryData/Perform/DOMINION/ClubHorai/Horai/00/CMTPerData_Dominion_ClubHorai_Horai_000_002.bin	674
reimagine	multitalk	Event/MultiTalk/BinaryData/Perform/DOMINION/ClubHorai/Horai/00/CMTPerData_Dominion_ClubHorai_Horai_000_003.bin	674
reimagine	multitalk	Event/MultiTalk/BinaryData/Perform/DOMINION/ClubHorai/Horai/00/CMTPerData_Dominion_ClubHorai_Horai_000_004.bin	674
reimagine	multitalk	Event/MultiTalk/BinaryData/Perform/DOMINION/ClubHorai/Horai/00/CMTPerData_Dominion_ClubHorai_Horai_000_005.bin	674
reimagine	multitalk	Event/MultiTalk/BinaryData/Perform/DOMINION/ClubHorai/Horai/00/CMTPerData_Dominion_ClubHorai_Horai_000_006.bin	674
reimagine	multitalk	Event/MultiTalk/BinaryData/Perform/DOMINION/ClubHorai/Horai/00/CMTPerData_Dominion_ClubHorai_Horai_000_007.bin	674
reimagine	multitalk	Event/MultiTalk/BinaryData/Perform/DOMINION/ClubHorai/Horai/00/CMTPerData_Dominion_ClubHorai_Horai_000_008.bin	674
reimagine	multitalk	Event/MultiTalk/BinaryData/Perform/DOMINION/ClubHorai/Horai/00/CMTPerData_Dominion_ClubHorai_Horai_000_009.bin	7314
reimagine	multitalk	Event/MultiTalk/BinaryData/Perform/DOUKAN/huuun/EP17/00/CMTPerData_DOUKAN_huuun_EP17_000_001.bin	29226
reimagine	multitalk	Event/MultiTalk/BinaryData/Perform/DOUKAN/huuun/EP17/00/CMTPerData_DOUKAN_huuun_EP17_000_002.bin	2998
reimagine	multitalk	Event/MultiTalk/BinaryData/Perform/DOUKAN/huuun/EP19/00/CMTPerData_DOUKAN_huuun_EP19_000_001.bin	4990
reimagine	multitalk	Event/MultiTalk/BinaryData/Perform/DOUKAN/huuun/EP19/00/CMTPerData_DOUKAN_huuun_EP19_000_002.bin	2998
reimagine	multitalk	Event/MultiTalk/BinaryData/Perform/DOUKAN/huuun/EP19/00/CMTPerData_DOUKAN_huuun_EP19_000_003.bin	2666
reimagine	multitalk	Event/MultiTalk/BinaryData/Perform/DOUKAN/huuun/EP19/00/CMTPerData_DOUKAN_huuun_EP19_000_004.bin	2002
reimagine	multitalk	Event/MultiTalk/BinaryData/Perform/DOUKAN/huuun/EP19/00/CMTPerData_DOUKAN_huuun_EP19_000_005.bin	2666
reimagine	multitalk	Event/MultiTalk/BinaryData/Perform/DOUKAN/huuun/EP19/00/CMTPerData_DOUKAN_huuun_EP19_000_006.bin	2002
reimagine	multitalk	Event/MultiTalk/BinaryData/Perform/DOUKAN/huuun/EP19/00/CMTPerData_DOUKAN_huuun_EP19_000_007.bin	2334
reimagine	multitalk	Event/MultiTalk/BinaryData/Perform/DOUKAN/huuun/EP20/00/CMTPerData_DOUKAN_huuun_EP20_000_001.bin	7978
reimagine	multitalk	Event/MultiTalk/BinaryData/Perform/DOUKAN/huuun/EP20/00/CMTPerData_DOUKAN_huuun_EP20_000_002.bin	3662
reimagine	multitalk	Event/MultiTalk/BinaryData/Perform/DOUKAN/huuun/EP20/00/CMTPerData_DOUKAN_huuun_EP20_000_003.bin	10634
reimagine	multitalk	Event/MultiTalk/BinaryData/Perform/DWARF/nakanoF/2012KAKIEV/02/CMTPerData_DWARF_nakanoF_2012KAKIEV_002_001.bin	17274
reimagine	multitalk	Event/MultiTalk/BinaryData/Perform/ELEVATOR/baberu/COC10/00/CMTPerData_ELEVATOR_baberu_COC10_000_001.bin	1670
reimagine	multitalk	Event/MultiTalk/BinaryData/Perform/ELEVATOR/baberu/COC10/00/CMTPerData_ELEVATOR_baberu_COC10_000_002.bin	1338
reimagine	multitalk	Event/MultiTalk/BinaryData/Perform/ELEVATOR/baberu/COC10/00/CMTPerData_ELEVATOR_baberu_COC10_000_003.bin	1338
reimagine	multitalk	Event/MultiTalk/BinaryData/Perform/ENKEI/souhon/COC07/00/CMTPerData_ENKEI_souhon_COC07_000_001.bin	3662
reimagine	multitalk	Event/MultiTalk/BinaryData/Perform/ENKEI/souhon/COC07/00/CMTPerData_ENKEI_souhon_COC07_000_002.bin	2666
reimagine	multitalk	Event/MultiTalk/BinaryData/Perform/ENKEI/souhon/COC07/00/CMTPerData_ENKEI_souhon_COC07_000_003.bin	2998
reimagine	multitalk	Event/MultiTalk/BinaryData/Perform/ENKEI/souhon/COC07/00/CMTPerData_ENKEI_souhon_COC07_000_004.bin	2002
reimagine	multitalk	Event/MultiTalk/BinaryData/Perform/ENKEI/souhon/COC07/00/CMTPerData_ENKEI_souhon_COC07_000_005.bin	2334
reimagine	multitalk	Event/MultiTalk/BinaryData/Perform/ENKEI/souhon/COC07/00/CMTPerData_ENKEI_souhon_COC07_000_006.bin	1670
reimagine	multitalk	Event/MultiTalk/BinaryData/Perform/ENKEI/souhon/COC07/00/CMTPerData_ENKEI_souhon_COC07_000_007.bin	674
reimagine	multitalk	Event/MultiTalk/BinaryData/Perform/ENKEI/souhon/COC07/00/CMTPerData_ENKEI_souhon_COC07_000_008.bin	4990
reimagine	multitalk	Event/MultiTalk/BinaryData/Perform/ENKEI/souhon/COC07/00/CMTPerData_ENKEI_souhon_COC07_000_009.bin	1338
reimagine	multitalk	Event/MultiTalk/BinaryData/Perform/ENKEI/souhon/COC08/00/CMTPerData_ENKEI_souhon_COC08_000_001.bin	3662
reimagine	multitalk	Event/MultiTalk/BinaryData/Perform/ENKEI/souhon/COC08/00/CMTPerData_ENKEI_souhon_COC08_000_002.bin	3994
reimagine	multitalk	Event/MultiTalk/BinaryData/Perform/ENKEI/souhon/COC08/00/CMTPerData_ENKEI_souhon_COC08_000_003.bin	2334
reimagine	multitalk	Event/MultiTalk/BinaryData/Perform/ENKEI/souhon/COC08/00/CMTPerData_ENKEI_souhon_COC08_000_004.bin	1670
reimagine	multitalk	Event/MultiTalk/BinaryData/Perform/ENKEI/souhon/COC08/00/CMTPerData_ENKEI_souhon_COC08_000_005.bin	3330
reimagine	multitalk	Event/MultiTalk/BinaryData/Perform/ENKEI/souhon/COC08/00/CMTPerData_ENKEI_souhon_COC08_000_006.bin	2334
reimagine	multitalk	Event/MultiTalk/BinaryData/Perform/ENKEI/souhon/COC08/00/CMTPerData_ENKEI_souhon_COC08_000_007.bin	1338
reimagine	multitalk	Event/MultiTalk/BinaryData/Perform/ENKEI/souhon/COC08/00/CMTPerData_ENKEI_souhon_COC08_000_008.bin	1338
reimagine	multitalk	Event/MultiTalk/BinaryData/Perform/ENKEI/souhon/COC08/00/CMTPerData_ENKEI_souhon_COC08_000_009.bin	2002
reimagine	multitalk	Event/MultiTalk/BinaryData/Perform/ENKEI/souhon/COC09/00/CMTPerData_ENKEI_souhon_COC09_000_001.bin	3662
reimagine	multitalk	Event/MultiTalk/BinaryData/Perform/ENKEI/souhon/COC09/00/CMTPerData_ENKEI_souhon_COC09_000_002.bin	3994
reimagine	multitalk	Event/MultiTalk/BinaryData/Perform/ENKEI/souhon/COC09/00/CMTPerData_ENKEI_souhon_COC09_000_003.bin	3662
reimagine	multitalk	Event/MultiTalk/BinaryData/Perform/ENKEI/souhon/COC09/00/CMTPerData_ENKEI_souhon_COC09_000_004.bin	1670
reimagine	multitalk	Event/MultiTalk/BinaryData/Perform/ENKEI/souhon/COC09/00/CMTPerData_ENKEI_souhon_COC09_000_005.bin	1338
reimagine	multitalk	Event/MultiTalk/BinaryData/Perform/ENKEI/souhon/COC09/00/CMTPerData_ENKEI_souhon_COC09_000_006.bin	1338
reimagine	multitalk	Event/MultiTalk/BinaryData/Perform/ENKEI/souhon/COC09/00/CMTPerData_ENKEI_souhon_COC09_000_007.bin	3330
reimagine	multitalk	Event/MultiTalk/BinaryData/Perform/ENKEI/souhon/COC09/00/CMTPerData_ENKEI_souhon_COC09_000_008.bin	1670
reimagine	multitalk	Event/MultiTalk/BinaryData/Perform/ENKEI/souhon/COC10/00/CMTPerData_ENKEI_souhon_COC10_000_001.bin	3662
reimagine	multitalk	Event/MultiTalk/BinaryData/Perform/ENKEI/souhon/COC10/00/CMTPerData_ENKEI_souhon_COC10_000_002.bin	3994
reimagine	multitalk	Event/MultiTalk/BinaryData/Perform/ENKEI/souhon/COC10/00/CMTPerData_ENKEI_souhon_COC10_000_003.bin	3662
reimagine	multitalk	Event/MultiTalk/BinaryData/Perform/ENKEI/souhon/COC10/00/CMTPerData_ENKEI_souhon_COC10_000_004.bin	3330
reimagine	multitalk	Event/MultiTalk/BinaryData/Perform/ENKEI/souhon/COC10/00/CMTPerData_ENKEI_souhon_COC10_000_005.bin	1006
reimagine	multitalk	Event/MultiTalk/BinaryData/Perform/ENKEI/souhon/COC10/00/CMTPerData_ENKEI_souhon_COC10_000_006.bin	1338
reimagine	multitalk	Event/MultiTalk/BinaryData/Perform/FEI/ikebukuro/HIGASHIIKE/00/CMTPerData_FEI_ikebukuro_HIGASHIIKE_000_001.bin	6318
reimagine	multitalk	Event/MultiTalk/BinaryData/Perform/FEI/ikebukuro/HIGASHIIKE/00/CMTPerData_FEI_ikebukuro_HIGASHIIKE_000_002.bin	8310
reimagine	multitalk	Event/MultiTalk/BinaryData/Perform/FEI/ikebukuro/HIGASHIIKE/00/CMTPerData_FEI_ikebukuro_HIGASHIIKE_000_003.bin	2334
reimagine	multitalk	Event/MultiTalk/BinaryData/Perform/FEI/ikebukuro/HIGASHIIKE/00/CMTPerData_FEI_ikebukuro_HIGASHIIKE_000_004.bin	7314
reimagine	multitalk	Event/MultiTalk/BinaryData/Perform/FEI/ikebukuro/HIGASHIIKE/00/CMTPerData_FEI_ikebukuro_HIGASHIIKE_000_005.bin	6318
reimagine	multitalk	Event/MultiTalk/BinaryData/Perform/FEI/sibuyaF/COC05/00/CMTPerData_FEI_sibuyaF_COC05_000_001.bin	6650
reimagine	multitalk	Event/MultiTalk/BinaryData/Perform/GABRIEL/seruMO/EP19/00/CMTPerData_GABRIEL_seruMO_EP19_000_001.bin	10302
reimagine	multitalk	Event/MultiTalk/BinaryData/Perform/GABRIEL/seruMO/EP19/00/CMTPerData_GABRIEL_seruMO_EP19_000_002.bin	7978
reimagine	multitalk	Event/MultiTalk/BinaryData/Perform/GABRIEL/seruMO/EP19/00/CMTPerData_GABRIEL_seruMO_EP19_000_003.bin	17274
reimagine	multitalk	Event/MultiTalk/BinaryData/Perform/GABRIEL/seruMO/EP19/00/CMTPerData_GABRIEL_seruMO_EP19_000_004.bin	10302
reimagine	multitalk	Event/MultiTalk/BinaryData/Perform/GABRIEL/seruMO/EP19/00/CMTPerData_GABRIEL_seruMO_EP19_000_005.bin	11298
reimagine	multitalk	Event/MultiTalk/BinaryData/Perform/GAI/arcadia/Guilty/00/CMTPerData_GAI_arcadia_Guilty_000_001.bin	674
reimagine	multitalk	Event/MultiTalk/BinaryData/Perform/GON/baberu/COC00/00/CMTPerData_GON_baberu_COC00_000_001.bin	674
reimagine	multitalk	Event/MultiTalk/BinaryData/Perform/GON/baberu/COC00/00/CMTPerData_GON_baberu_COC00_000_002.bin	342
reimagine	multitalk	Event/MultiTalk/BinaryData/Perform/GON/baberu/COC00/00/CMTPerData_GON_baberu_COC00_000_003.bin	2666
reimagine	multitalk	Event/MultiTalk/BinaryData/Perform/GON/baberu/COC00/00/CMTPerData_GON_baberu_COC00_000_004.bin	342
reimagine	multitalk	Event/MultiTalk/BinaryData/Perform/GON/baberu/COC04/00/CMTPerData_GON_baberu_COC04_000_001.bin	1006
reimagine	multitalk	Event/MultiTalk/BinaryData/Perform/GON/baberu/COC04/00/CMTPerData_GON_baberu_COC04_000_002.bin	1670
reimagine	multitalk	Event/MultiTalk/BinaryData/Perform/GON/baberu/COC04/00/CMTPerData_GON_baberu_COC04_000_003.bin	342
reimagine	multitalk	Event/MultiTalk/BinaryData/Perform/GON/baberu/COC04/00/CMTPerData_GON_baberu_COC04_000_004.bin	1006
reimagine	multitalk	Event/MultiTalk/BinaryData/Perform/GON/baberu/COC04/00/CMTPerData_GON_baberu_COC04_000_005.bin	1338
reimagine	multitalk	Event/MultiTalk/BinaryData/Perform/GON/baberu/COC05/00/CMTPerData_GON_baberu_COC05_000_001.bin	1338
reimagine	multitalk	Event/MultiTalk/BinaryData/Perform/GON/baberu/COC06/00/CMTPerData_GON_baberu_COC06_000_001.bin	2002
reimagine	multitalk	Event/MultiTalk/BinaryData/Perform/GUEDE/zoshigaya/2012KAKIEV/02/CMTPerData_GUEDE_zoshigaya_2012KAKIEV_002_001.bin	6318
reimagine	multitalk	Event/MultiTalk/BinaryData/Perform/GUEDE/zoshigaya/2012KAKIEV/02/CMTPerData_GUEDE_zoshigaya_2012KAKIEV_002_002.bin	4658
reimagine	multitalk	Event/MultiTalk/BinaryData/Perform/GUEDE/zoshigaya/2012KAKIEV/02/CMTPerData_GUEDE_zoshigaya_2012KAKIEV_002_003.bin	5986
reimagine	multitalk	Event/MultiTalk/BinaryData/Perform/GURD01/2home/EP00/00/CMTPerData_GURD01_2home_EP00_000_001.bin	1338
reimagine	multitalk	Event/MultiTalk/BinaryData/Perform/GURD01/2home/EP00/00/CMTPerData_GURD01_2home_EP00_000_002.bin	1670
reimagine	multitalk	Event/MultiTalk/BinaryData/Perform/GURD01/2home/EP00/00/CMTPerData_GURD01_2home_EP00_000_003.bin	1006
reimagine	multitalk	Event/MultiTalk/BinaryData/Perform/GURD02/sibuyaF/COC05/00/CMTPerData_GURD02_sibuyaF_COC05_000_001.bin	674
reimagine	multitalk	Event/MultiTalk/BinaryData/Perform/GURD02/sibuyaF/COC05/00/CMTPerData_GURD02_sibuyaF_COC05_000_002.bin	1006
reimagine	multitalk	Event/MultiTalk/BinaryData/Perform/GURD02/sibuyaF/COC05/00/CMTPerData_GURD02_sibuyaF_COC05_000_003.bin	674
reimagine	multitalk	Event/MultiTalk/BinaryData/Perform/GURD02/sibuyaF/COC05/00/CMTPerData_GURD02_sibuyaF_COC05_000_004.bin	1006
reimagine	multitalk	Event/MultiTalk/BinaryData/Perform/GURD02/sibuyaF/COC05/00/CMTPerData_GURD02_sibuyaF_COC05_000_005.bin	342
reimagine	multitalk	Event/MultiTalk/BinaryData/Perform/GURD02/sibuyaF/COC06/00/CMTPerData_GURD02_sibuyaF_COC06_000_001.bin	1338
reimagine	multitalk	Event/MultiTalk/BinaryData/Perform/GURD02/sibuyaF/COC06/00/CMTPerData_GURD02_sibuyaF_COC06_000_002.bin	1006
reimagine	multitalk	Event/MultiTalk/BinaryData/Perform/GURD02/sibuyaF/COC06/00/CMTPerData_GURD02_sibuyaF_COC06_000_003.bin	674
reimagine	multitalk	Event/MultiTalk/BinaryData/Perform/GURD02/sibuyaF/COC06/00/CMTPerData_GURD02_sibuyaF_COC06_000_004.bin	1006
reimagine	multitalk	Event/MultiTalk/BinaryData/Perform/GURD02/sibuyaF/COC06/00/CMTPerData_GURD02_sibuyaF_COC06_000_005.bin	1006
reimagine	multitalk	Event/MultiTalk/BinaryData/Perform/GURD03/3Hannyu/COC11/00/CMTPerData_GURD03_3Hannyu_COC11_000_001.bin	2666
reimagine	multitalk	Event/MultiTalk/BinaryData/Perform/GURD03/3Hannyu/COC11/00/CMTPerData_GURD03_3Hannyu_COC11_000_002.bin	1670
reimagine	multitalk	Event/MultiTalk/BinaryData/Perform/GURD03/3Hannyu/COC11/00/CMTPerData_GURD03_3Hannyu_COC11_000_003.bin	1670
reimagine	multitalk	Event/MultiTalk/BinaryData/Perform/HACCHAN/protophia/puppet/00/CMTPerData_HACCHAN_protophia_puppet_000_001.bin	3330
reimagine	multitalk	Event/MultiTalk/BinaryData/Perform/HACCHAN/protophia/puppet/00/CMTPerData_HACCHAN_protophia_puppet_000_002.bin	6650
reimagine	multitalk	Event/MultiTalk/BinaryData/Perform/HACCHAN/protophia/puppet/00/CMTPerData_HACCHAN_protophia_puppet_000_003.bin	1670
reimagine	multitalk	Event/MultiTalk/BinaryData/Perform/HACCHAN/protophia/puppet/00/CMTPerData_HACCHAN_protophia_puppet_000_004.bin	6982
reimagine	multitalk	Event/MultiTalk/BinaryData/Perform/HACCHAN/protophia/puppet/00/CMTPerData_HACCHAN_protophia_puppet_000_005.bin	2998
reimagine	multitalk	Event/MultiTalk/BinaryData/Perform/HACCHAN/protophia/puppet/00/CMTPerData_HACCHAN_protophia_puppet_000_006.bin	1670
reimagine	multitalk	Event/MultiTalk/BinaryData/Perform/HACCHAN/protophia/puppet/00/CMTPerData_HACCHAN_protophia_puppet_000_007.bin	2998
reimagine	multitalk	Event/MultiTalk/BinaryData/Perform/HACCHAN/protophia/puppet/00/CMTPerData_HACCHAN_protophia_puppet_000_008.bin	3994
reimagine	multitalk	Event/MultiTalk/BinaryData/Perform/HACCHAN/protophia/puppet/00/CMTPerData_HACCHAN_protophia_puppet_000_009.bin	7314
reimagine	multitalk	Event/MultiTalk/BinaryData/Perform/HACCHAN/protophia/puppet/00/CMTPerData_HACCHAN_protophia_puppet_000_010.bin	5654
reimagine	multitalk	Event/MultiTalk/BinaryData/Perform/HACCHAN/protophia/puppet/00/CMTPerData_HACCHAN_protophia_puppet_000_011.bin	3994
reimagine	multitalk	Event/MultiTalk/BinaryData/Perform/HACCHAN/protophia/puppet/00/CMTPerData_HACCHAN_protophia_puppet_000_012.bin	2998
reimagine	multitalk	Event/MultiTalk/BinaryData/Perform/HACCHAN/protophia/puppet/00/CMTPerData_HACCHAN_protophia_puppet_000_013.bin	12626
reimagine	multitalk	Event/MultiTalk/BinaryData/Perform/HACCHAN/protophia/puppet/00/CMTPerData_HACCHAN_protophia_puppet_000_014.bin	3994
reimagine	multitalk	Event/MultiTalk/BinaryData/Perform/HACCHAN/protophia/puppet/00/CMTPerData_HACCHAN_protophia_puppet_000_015.bin	3994
reimagine	multitalk	Event/MultiTalk/BinaryData/Perform/HACCHAN/protophia/puppet/00/CMTPerData_HACCHAN_protophia_puppet_000_016.bin	2002
reimagine	multitalk	Event/MultiTalk/BinaryData/Perform/HACCHAN/protophia/puppet/00/CMTPerData_HACCHAN_protophia_puppet_000_017.bin	4990
reimagine	multitalk	Event/MultiTalk/BinaryData/Perform/HACCHAN/protophia/puppet/00/CMTPerData_HACCHAN_protophia_puppet_000_018.bin	7646
reimagine	multitalk	Event/MultiTalk/BinaryData/Perform/HACCHAN/protophia/puppet/00/CMTPerData_HACCHAN_protophia_puppet_000_019.bin	7646
reimagine	multitalk	Event/MultiTalk/BinaryData/Perform/HACCHAN/protophia/puppet/00/CMTPerData_HACCHAN_protophia_puppet_000_020.bin	7646
reimagine	multitalk	Event/MultiTalk/BinaryData/Perform/HACCHAN/protophia/puppet/00/CMTPerData_HACCHAN_protophia_puppet_000_021.bin	7646
reimagine	multitalk	Event/MultiTalk/BinaryData/Perform/HACCHAN/protophia/puppet/00/CMTPerData_HACCHAN_protophia_puppet_000_022.bin	7646
reimagine	multitalk	Event/MultiTalk/BinaryData/Perform/HACCHAN/protophia/puppet/00/CMTPerData_HACCHAN_protophia_puppet_000_023.bin	7646
reimagine	multitalk	Event/MultiTalk/BinaryData/Perform/HACCHAN/protophia/puppet/00/CMTPerData_HACCHAN_protophia_puppet_000_024.bin	7646
reimagine	multitalk	Event/MultiTalk/BinaryData/Perform/HACCHAN/protophia/puppet/00/CMTPerData_HACCHAN_protophia_puppet_000_025.bin	7646
reimagine	multitalk	Event/MultiTalk/BinaryData/Perform/HACCHAN/protophia/puppet/00/CMTPerData_HACCHAN_protophia_puppet_000_026.bin	7646
reimagine	multitalk	Event/MultiTalk/BinaryData/Perform/HACCHAN/protophia/puppet/00/CMTPerData_HACCHAN_protophia_puppet_000_027.bin	8310
reimagine	multitalk	Event/MultiTalk/BinaryData/Perform/HACCHAN/protophia/puppet/00/CMTPerData_HACCHAN_protophia_puppet_000_028.bin	3994
reimagine	multitalk	Event/MultiTalk/BinaryData/Perform/HACCHAN/protophia/puppet/00/CMTPerData_HACCHAN_protophia_puppet_000_029.bin	3330
reimagine	multitalk	Event/MultiTalk/BinaryData/Perform/HARITO/3Hannyu/COC11/00/CMTPerData_HARITO_3Hannyu_COC11_000_001.bin	7978
reimagine	multitalk	Event/MultiTalk/BinaryData/Perform/HARITO/hongoMo/COC08/00/CMTPerData_HARITO_hongoMo_COC08_000_001.bin	2666
reimagine	multitalk	Event/MultiTalk/BinaryData/Perform/HARITO/hongoMo/COC08/00/CMTPerData_HARITO_hongoMo_COC08_000_002.bin	3994
reimagine	multitalk	Event/MultiTalk/BinaryData/Perform/HORIGUCHI/baberu/COC00/00/CMTPerData_HORIGUCHI1_baberu_COC00_000_000.bin	14618
reimagine	multitalk	Event/MultiTalk/BinaryData/Perform/HORIGUCHI/baberu/COC00/00/CMTPerData_HORIGUCHI2_baberu_COC00_000_000.bin	9306
reimagine	multitalk	Event/MultiTalk/BinaryData/Perform/HORIGUCHI/baberu/COC00/00/CMTPerData_HORIGUCHI3_baberu_COC00_000_000.bin	9970
reimagine	multitalk	Event/MultiTalk/BinaryData/Perform/HORIGUCHI/baberu/COC00/00/CMTPerData_HORIGUCHI4_baberu_COC00_000_000.bin	10634
reimagine	multitalk	Event/MultiTalk/BinaryData/Perform/HORIGUCHI/baberu/COC00/00/CMTPerData_HORIGUCHI5_baberu_COC00_000_000.bin	9638
reimagine	multitalk	Event/MultiTalk/BinaryData/Perform/HORIGUCHI/baberu/COC00/00/CMTPerData_HORIGUCHI6_baberu_COC00_000_000.bin	11298
reimagine	multitalk	Event/MultiTalk/BinaryData/Perform/HORIGUCHI/baberu/COC00/00/CMTPerData_HORIGUCHI_baberu_COC00_000_001.bin	674
reimagine	multitalk	Event/MultiTalk/BinaryData/Perform/HORIGUCHI/baberu/COC00/00/CMTPerData_HORIGUCHI_baberu_COC00_000_002.bin	1670
reimagine	multitalk	Event/MultiTalk/BinaryData/Perform/HORIGUCHI/baberu/COC00/00/CMTPerData_HORIGUCHI_baberu_COC00_000_003.bin	342
reimagine	multitalk	Event/MultiTalk/BinaryData/Perform/HORIGUCHI/baberu/COC00/00/CMTPerData_HORIGUCHI_baberu_COC00_000_004.bin	674
reimagine	multitalk	Event/MultiTalk/BinaryData/Perform/HORIGUCHI/baberu/COC00/00/CMTPerData_HORIGUCHI_baberu_COC00_000_005.bin	674
reimagine	multitalk	Event/MultiTalk/BinaryData/Perform/HORIGUCHI/baberu/COC00/00/CMTPerData_HORIGUCHI_baberu_COC00_000_006.bin	674
reimagine	multitalk	Event/MultiTalk/BinaryData/Perform/HORIGUCHI/baberu/COC00/00/CMTPerData_HORIGUCHI_baberu_COC00_000_007.bin	342
reimagine	multitalk	Event/MultiTalk/BinaryData/Perform/HORIGUCHI/baberu/COC00/00/CMTPerData_HORIGUCHI_baberu_COC00_000_008.bin	342
reimagine	multitalk	Event/MultiTalk/BinaryData/Perform/HORIGUCHI/baberu/COC00/00/CMTPerData_HORIGUCHI_baberu_COC00_000_009.bin	674
reimagine	multitalk	Event/MultiTalk/BinaryData/Perform/HORIGUCHI/baberu/COC00/00/CMTPerData_HORIGUCHI_baberu_COC00_000_010.bin	674
reimagine	multitalk	Event/MultiTalk/BinaryData/Perform/HORIGUCHI/baberu/COC00/00/CMTPerData_HORIGUCHI_baberu_COC00_000_011.bin	1670
reimagine	multitalk	Event/MultiTalk/BinaryData/Perform/HORIGUCHI/baberu/COC00/00/CMTPerData_HORIGUCHI_baberu_COC00_000_012.bin	342
reimagine	multitalk	Event/MultiTalk/BinaryData/Perform/HORIGUCHI/baberu/COC00/00/CMTPerData_HORIGUCHI_baberu_COC00_000_013.bin	342
reimagine	multitalk	Event/MultiTalk/BinaryData/Perform/HORIGUCHI/baberu/COC00/00/CMTPerData_HORIGUCHI_baberu_COC00_000_014.bin	674
reimagine	multitalk	Event/MultiTalk/BinaryData/Perform/INKYO/souhon/COC01/00/CMTPerData_INKYO_souhon_COC01_000_001.bin	674
reimagine	multitalk	Event/MultiTalk/BinaryData/Perform/INKYO/souhon/COC04/00/CMTPerData_INKYO_souhon_COC04_000_001.bin	342
reimagine	multitalk	Event/MultiTalk/BinaryData/Perform/INKYO/souhon/COC04/00/CMTPerData_INKYO_souhon_COC04_000_002.bin	674
reimagine	multitalk	Event/MultiTalk/BinaryData/Perform/INKYO/souhon/COC04/00/CMTPerData_INKYO_souhon_COC04_000_003.bin	674
reimagine	multitalk	Event/MultiTalk/BinaryData/Perform/INKYO/souhon/COC04/00/CMTPerData_INKYO_souhon_COC04_000_004.bin	674
reimagine	multitalk	Event/MultiTalk/BinaryData/Perform/INKYO/souhon/COC04/00/CMTPerData_INKYO_souhon_COC04_000_005.bin	4658
reimagine	multitalk	Event/MultiTalk/BinaryData/Perform/INKYO/souhon/COC04/00/CMTPerData_INKYO_souhon_COC04_000_006.bin	674
reimagine	multitalk	Event/MultiTalk/BinaryData/Perform/INKYO/souhon/COC04/00/CMTPerData_INKYO_souhon_COC04_000_007.bin	674
reimagine	multitalk	Event/MultiTalk/BinaryData/Perform/INKYO/souhon/COC04/00/CMTPerData_INKYO_souhon_COC04_000_008.bin	3330
reimagine	multitalk	Event/MultiTalk/BinaryData/Perform/INKYO/souhon/COC04/00/CMTPerData_INKYO_souhon_COC04_000_009.bin	674
reimagine	multitalk	Event/MultiTalk/BinaryData/Perform/INKYO/souhon/COC04/00/CMTPerData_INKYO_souhon_COC04_000_010.bin	674
reimagine	multitalk	Event/MultiTalk/BinaryData/Perform/INKYO/souhon/COC04/00/CMTPerData_INKYO_souhon_COC04_000_011.bin	674
reimagine	multitalk	Event/MultiTalk/BinaryData/Perform/INKYO/souhon/COC04/00/CMTPerData_INKYO_souhon_COC04_000_012.bin	674
reimagine	multitalk	Event/MultiTalk/BinaryData/Perform/INKYO/souhon/COC04/00/CMTPerData_INKYO_souhon_COC04_000_013.bin	674
reimagine	multitalk	Event/MultiTalk/BinaryData/Perform/INKYO/souhon/COC04/00/CMTPerData_INKYO_souhon_COC04_000_014.bin	1006
reimagine	multitalk	Event/MultiTalk/BinaryData/Perform/INKYO/souhon/COC04/00/CMTPerData_INKYO_souhon_COC04_000_015.bin	1006
reimagine	multitalk	Event/MultiTalk/BinaryData/Perform/INKYO/souhon/COC04/00/CMTPerData_INKYO_souhon_COC04_000_016.bin	1006
reimagine	multitalk	Event/MultiTalk/BinaryData/Perform/INKYO/souhon/COC04/00/CMTPerData_INKYO_souhon_COC04_000_017.bin	1006
reimagine	multitalk	Event/MultiTalk/BinaryData/Perform/INKYO/souhon/COC04/00/CMTPerData_INKYO_souhon_COC04_000_018.bin	674
reimagine	multitalk	Event/MultiTalk/BinaryData/Perform/INKYO/souhon/COC04/00/CMTPerData_INKYO_souhon_COC04_000_019.bin	1006
reimagine	multitalk	Event/MultiTalk/BinaryData/Perform/INKYO/souhon/COC05/00/CMTPerData_INKYO_souhon_COC05_000_001.bin	1006
reimagine	multitalk	Event/MultiTalk/BinaryData/Perform/INKYO/souhon/COC05/00/CMTPerData_INKYO_souhon_COC05_000_002.bin	342
reimagine	multitalk	Event/MultiTalk/BinaryData/Perform/INKYO/souhon/COC06/00/CMTPerData_INKYO_souhon_COC05_000_002.bin	342
reimagine	multitalk	Event/MultiTalk/BinaryData/Perform/INKYO/souhon/COC07/00/CMTPerData_INKYO_souhon_COC07_000_001.bin	3994
reimagine	multitalk	Event/MultiTalk/BinaryData/Perform/INKYO/souhon/COC07/00/CMTPerData_INKYO_souhon_COC07_000_002.bin	2002
reimagine	multitalk	Event/MultiTalk/BinaryData/Perform/INKYO/souhon/COC07/00/CMTPerData_INKYO_souhon_COC07_000_003.bin	1006
reimagine	multitalk	Event/MultiTalk/BinaryData/Perform/INKYO/souhon/COC07/00/CMTPerData_INKYO_souhon_COC07_000_004.bin	674
reimagine	multitalk	Event/MultiTalk/BinaryData/Perform/INKYO/souhon/COC07/00/CMTPerData_INKYO_souhon_COC07_000_005.bin	1338
reimagine	multitalk	Event/MultiTalk/BinaryData/Perform/INKYO/souhon/COC07/00/CMTPerData_INKYO_souhon_COC07_000_006.bin	1006
reimagine	multitalk	Event/MultiTalk/BinaryData/Perform/INKYO/souhon/COC08/00/CMTPerData_INKYO_souhon_COC08_000_001.bin	1670
reimagine	multitalk	Event/MultiTalk/BinaryData/Perform/INKYO/souhon/COC09/00/CMTPerData_INKYO_souhon_COC09_000_001.bin	1670
reimagine	multitalk	Event/MultiTalk/BinaryData/Perform/INKYO/souhon/SHITOU01/00/CMTPerData_INKYO_souhon_SHITOU01_00_001.bin	2334
reimagine	multitalk	Event/MultiTalk/BinaryData/Perform/INKYO/souhon/SHITOU01/00/CMTPerData_INKYO_souhon_SHITOU01_00_002.bin	2334
reimagine	multitalk	Event/MultiTalk/BinaryData/Perform/INKYO/souhon/SHITOU01/00/CMTPerData_INKYO_souhon_SHITOU01_00_003.bin	2666
reimagine	multitalk	Event/MultiTalk/BinaryData/Perform/INKYO/souhon/SHITOU01/00/CMTPerData_INKYO_souhon_SHITOU01_00_004.bin	1670
reimagine	multitalk	Event/MultiTalk/BinaryData/Perform/INKYO/souhon/SHITOU01/00/CMTPerData_INKYO_souhon_SHITOU01_00_005.bin	3994
reimagine	multitalk	Event/MultiTalk/BinaryData/Perform/INKYO/souhon/SHITOU01/00/CMTPerData_INKYO_souhon_SHITOU01_00_006.bin	4990
reimagine	multitalk	Event/MultiTalk/BinaryData/Perform/INKYO/souhon/SHITOU01/00/CMTPerData_INKYO_souhon_SHITOU01_00_007.bin	10302
reimagine	multitalk	Event/MultiTalk/BinaryData/Perform/INKYO/souhon/SHITOU01/00/CMTPerData_INKYO_souhon_SHITOU01_00_008.bin	2002
reimagine	multitalk	Event/MultiTalk/BinaryData/Perform/INKYO/souhon/SHITOU01/00/CMTPerData_INKYO_souhon_SHITOU01_00_009.bin	1670
reimagine	multitalk	Event/MultiTalk/BinaryData/Perform/INKYO/souhon/SHITOU01/00/CMTPerData_INKYO_souhon_SHITOU01_00_010.bin	5322
reimagine	multitalk	Event/MultiTalk/BinaryData/Perform/INKYO/souhon/SHITOU01/00/CMTPerData_INKYO_souhon_SHITOU01_00_011.bin	1670
reimagine	multitalk	Event/MultiTalk/BinaryData/Perform/INKYO/souhon/SHITOU01/00/CMTPerData_INKYO_souhon_SHITOU01_00_012.bin	1670
reimagine	multitalk	Event/MultiTalk/BinaryData/Perform/INKYO/souhon/SHITOU01/00/CMTPerData_INKYO_souhon_SHITOU01_00_013.bin	2998
reimagine	multitalk	Event/MultiTalk/BinaryData/Perform/INKYO/souhon/SHITOU01/00/CMTPerData_INKYO_souhon_SHITOU01_00_014.bin	2334
reimagine	multitalk	Event/MultiTalk/BinaryData/Perform/INKYO/souhon/SHITOU01/00/CMTPerData_INKYO_souhon_SHITOU01_00_015.bin	4990
reimagine	multitalk	Event/MultiTalk/BinaryData/Perform/INKYO/souhon/SHITOU01/00/CMTPerData_INKYO_souhon_SHITOU01_00_016.bin	2002
reimagine	multitalk	Event/MultiTalk/BinaryData/Perform/INKYO/souhon/SHITOU01/00/CMTPerData_INKYO_souhon_SHITOU01_00_017.bin	4990
reimagine	multitalk	Event/MultiTalk/BinaryData/Perform/INKYO/souhon/SHITOU01/00/CMTPerData_INKYO_souhon_SHITOU01_00_018.bin	2334
reimagine	multitalk	Event/MultiTalk/BinaryData/Perform/INKYO/souhon/SHITOU01/00/CMTPerData_INKYO_souhon_SHITOU01_00_019.bin	3662
reimagine	multitalk	Event/MultiTalk/BinaryData/Perform/INKYO/souhon/SHITOU01/00/CMTPerData_INKYO_souhon_SHITOU01_00_020.bin	2666
reimagine	multitalk	Event/MultiTalk/BinaryData/Perform/INORI/ikebukuro/Guilty/00/CMTPerData_INORI_ikebukuro_Guilty_000_001.bin	674
reimagine	multitalk	Event/MultiTalk/BinaryData/Perform/ISIS/ichiMO/EP19/00/CMTPerData_ISIS_ichiMO_EP19_000_001.bin	26238
reimagine	multitalk	Event/MultiTalk/BinaryData/Perform/ISIS/ichiMO/EP19/00/CMTPerData_ISIS_ichiMO_EP19_000_002.bin	10634
reimagine	multitalk	Event/MultiTalk/BinaryData/Perform/ISIS/ichiMO/EP19/00/CMTPerData_ISIS_ichiMO_EP19_000_003.bin	46490
reimagine	multitalk	Event/MultiTalk/BinaryData/Perform/ISIS/ichiMO/EP19/00/CMTPerData_ISIS_ichiMO_EP19_000_004.bin	47486
reimagine	multitalk	Event/MultiTalk/BinaryData/Perform/ISIS/ichiMO/EP19/00/CMTPerData_ISIS_ichiMO_EP19_000_005.bin	46822
reimagine	multitalk	Event/MultiTalk/BinaryData/Perform/IZAYA/ikebukuro/Durarara/00/CMTPerData_IZAYA_ikebukuro_Durarara_000_001.bin	674
reimagine	multitalk	Event/MultiTalk/BinaryData/Perform/IZAYA/ikebukuro/Durarara/00/CMTPerData_IZAYA_ikebukuro_Durarara_000_002.bin	674
reimagine	multitalk	Event/MultiTalk/BinaryData/Perform/IZAYA/ikebukuro/Durarara/00/CMTPerData_IZAYA_ikebukuro_Durarara_000_003.bin	10
reimagine	multitalk	Event/MultiTalk/BinaryData/Perform/IZO/baberu/COC01/00/CMTPerData_IZO_baberu_COC01_000_001.bin	674
reimagine	multitalk	Event/MultiTalk/BinaryData/Perform/IZO/baberu/COC01/00/CMTPerData_IZO_baberu_COC01_000_002.bin	1006
reimagine	multitalk	Event/MultiTalk/BinaryData/Perform/IZO/baberu/COC01/00/CMTPerData_IZO_baberu_COC01_000_003.bin	674
reimagine	multitalk	Event/MultiTalk/BinaryData/Perform/IZO/baberu/COC01/00/CMTPerData_IZO_baberu_COC01_000_004.bin	1006
reimagine	multitalk	Event/MultiTalk/BinaryData/Perform/IZO/baberu/COC01/00/CMTPerData_IZO_baberu_COC01_000_005.bin	7978
reimagine	multitalk	Event/MultiTalk/BinaryData/Perform/IZO/baberu/COC01/00/CMTPerData_IZO_baberu_COC01_000_006.bin	674
reimagine	multitalk	Event/MultiTalk/BinaryData/Perform/IZO/baberu/COC01/00/CMTPerData_IZO_baberu_COC01_000_007.bin	674
reimagine	multitalk	Event/MultiTalk/BinaryData/Perform/IZO/baberu/COC01/00/CMTPerData_IZO_baberu_COC01_000_008.bin	674
reimagine	multitalk	Event/MultiTalk/BinaryData/Perform/IZO/baberu/COC01/00/CMTPerData_IZO_baberu_COC01_000_009.bin	674
reimagine	multitalk	Event/MultiTalk/BinaryData/Perform/IZO/baberu/COC02/00/CMTPerData_IZO_baberu_COC02_000_001.bin	2998
reimagine	multitalk	Event/MultiTalk/BinaryData/Perform/IZO/baberu/COC02/00/CMTPerData_IZO_baberu_COC02_000_002.bin	674
reimagine	multitalk	Event/MultiTalk/BinaryData/Perform/IZO/baberu/COC02/00/CMTPerData_IZO_baberu_COC02_000_003.bin	7646
reimagine	multitalk	Event/MultiTalk/BinaryData/Perform/IZO/baberu/COC02/00/CMTPerData_IZO_baberu_COC02_000_004.bin	7978
reimagine	multitalk	Event/MultiTalk/BinaryData/Perform/IZO/baberu/COC04/00/CMTPerData_IZO_baberu_COC04_000_001.bin	4990
reimagine	multitalk	Event/MultiTalk/BinaryData/Perform/IZO/baberu/COC04/00/CMTPerData_IZO_baberu_COC04_000_002.bin	1006
reimagine	multitalk	Event/MultiTalk/BinaryData/Perform/IZO/baberu/COC04/00/CMTPerData_IZO_baberu_COC04_000_003.bin	674
reimagine	multitalk	Event/MultiTalk/BinaryData/Perform/IZO/baberu/COC04/00/CMTPerData_IZO_baberu_COC04_000_004.bin	7314
reimagine	multitalk	Event/MultiTalk/BinaryData/Perform/IZO/baberu/COC04/00/CMTPerData_IZO_baberu_COC04_000_005.bin	3330
reimagine	multitalk	Event/MultiTalk/BinaryData/Perform/IZO/baberu/COC04/00/CMTPerData_IZO_baberu_COC04_000_006.bin	342
reimagine	multitalk	Event/MultiTalk/BinaryData/Perform/IZO/baberu/COC04/00/CMTPerData_IZO_baberu_COC04_000_007.bin	3330
reimagine	multitalk	Event/MultiTalk/BinaryData/Perform/IZO/baberu/COC05/00/CMTPerData_IZO_baberu_COC05_000_001.bin	1006
reimagine	multitalk	Event/MultiTalk/BinaryData/Perform/IZO/baberu/COC05/00/CMTPerData_IZO_baberu_COC05_000_002.bin	1006
reimagine	multitalk	Event/MultiTalk/BinaryData/Perform/IZO/baberu/COC05/00/CMTPerData_IZO_baberu_COC05_000_003.bin	674
reimagine	multitalk	Event/MultiTalk/BinaryData/Perform/IZO/baberu/COC06/00/CMTPerData_IZO_baberu_COC06_000_001.bin	674
reimagine	multitalk	Event/MultiTalk/BinaryData/Perform/IZO/baberu/COC06/00/CMTPerData_IZO_baberu_COC06_000_002.bin	674
reimagine	multitalk	Event/MultiTalk/BinaryData/Perform/IZO/baberu/COC06/00/CMTPerData_IZO_baberu_COC06_000_003.bin	342
reimagine	multitalk	Event/MultiTalk/BinaryData/Perform/IZO/baberu/COC07/00/CMTPerData_IZO_baberu_COC07_000_001.bin	2998
reimagine	multitalk	Event/MultiTalk/BinaryData/Perform/IZO/baberu/COC07/00/CMTPerData_IZO_baberu_COC07_000_002.bin	4658
reimagine	multitalk	Event/MultiTalk/BinaryData/Perform/IZO/baberu/COC07/00/CMTPerData_IZO_baberu_COC07_000_003.bin	4326
reimagine	multitalk	Event/MultiTalk/BinaryData/Perform/IZO/baberu/COC07/00/CMTPerData_IZO_baberu_COC07_000_004.bin	1338
reimagine	multitalk	Event/MultiTalk/BinaryData/Perform/IZO/baberu/COC08/00/CMTPerData_IZO_baberu_COC08_000_001.bin	2002
reimagine	multitalk	Event/MultiTalk/BinaryData/Perform/IZO/baberu/COC08/00/CMTPerData_IZO_baberu_COC08_000_002.bin	4990
reimagine	multitalk	Event/MultiTalk/BinaryData/Perform/IZO/baberu/COC08/00/CMTPerData_IZO_baberu_COC08_000_003.bin	2002
reimagine	multitalk	Event/MultiTalk/BinaryData/Perform/IZO/sugiF/COC11/00/CMTPerData_IZO_sugiF_COC11_000_001.bin	12626
reimagine	multitalk	Event/MultiTalk/BinaryData/Perform/IZO/sugiF/COC11/00/CMTPerData_IZO_sugiF_COC11_000_002.bin	3330
reimagine	multitalk	Event/MultiTalk/BinaryData/Perform/IZO/sugiF/COC11/00/CMTPerData_IZO_sugiF_COC11_000_003.bin	8974
reimagine	multitalk	Event/MultiTalk/BinaryData/Perform/IZO/sugiF/COC11/00/CMTPerData_IZO_sugiF_COC11_000_004.bin	6318
reimagine	multitalk	Event/MultiTalk/BinaryData/Perform/IZO/sugiF/COC11/00/CMTPerData_IZO_sugiF_COC11_000_005.bin	3994
reimagine	multitalk	Event/MultiTalk/BinaryData/Perform/IZO/sugiF/COC11/00/CMTPerData_IZO_sugiF_COC11_000_006.bin	4990
reimagine	multitalk	Event/MultiTalk/BinaryData/Perform/IZO/sugiF/COC11/00/CMTPerData_IZO_sugiF_COC11_000_007.bin	6650
reimagine	multitalk	Event/MultiTalk/BinaryData/Perform/IZO/sugiF/COC11/00/CMTPerData_IZO_sugiF_COC11_000_008.bin	6982
reimagine	multitalk	Event/MultiTalk/BinaryData/Perform/JAKYO/babel/PET/00/CMTPerData_JAKYO_babel_Pet_000_001.bin	8974
reimagine	multitalk	Event/MultiTalk/BinaryData/Perform/JAKYO/babel/PET/00/CMTPerData_JAKYO_babel_Pet_000_002.bin	2334
reimagine	multitalk	Event/MultiTalk/BinaryData/Perform/JAKYO/babel/PET/00/CMTPerData_JAKYO_babel_Pet_000_003.bin	7978
reimagine	multitalk	Event/MultiTalk/BinaryData/Perform/JAKYO/babel/PET/00/CMTPerData_JAKYO_babel_Pet_000_004.bin	2998
reimagine	multitalk	Event/MultiTalk/BinaryData/Perform/JAKYO/babel/PET/00/CMTPerData_JAKYO_babel_Pet_000_005.bin	2666
reimagine	multitalk	Event/MultiTalk/BinaryData/Perform/JAKYO/babel/PET/00/CMTPerData_JAKYO_babel_Pet_000_006.bin	10634
reimagine	multitalk	Event/MultiTalk/BinaryData/Perform/JAKYO/babel/PET/00/CMTPerData_JAKYO_babel_Pet_000_007.bin	2002
reimagine	multitalk	Event/MultiTalk/BinaryData/Perform/JAKYO/babel/PET/00/CMTPerData_JAKYO_babel_Pet_000_008.bin	6982
reimagine	multitalk	Event/MultiTalk/BinaryData/Perform/JAKYO/babel/PET/00/CMTPerData_JAKYO_babel_Pet_000_009.bin	1338
reimagine	multitalk	Event/MultiTalk/BinaryData/Perform/JAKYO/babel/PET/00/CMTPerData_JAKYO_babel_Pet_000_010.bin	674
reimagine	multitalk	Event/MultiTalk/BinaryData/Perform/JAKYO/babel/PET/00/CMTPerData_JAKYO_babel_Pet_000_011.bin	2334
reimagine	multitalk	Event/MultiTalk/BinaryData/Perform/JAKYO/babel/PET/00/CMTPerData_JAKYO_babel_Pet_000_012.bin	5654
reimagine	multitalk	Event/MultiTalk/BinaryData/Perform/JAKYO/babel/PET/00/CMTPerData_JAKYO_babel_Pet_000_013.bin	2666
reimagine	multitalk	Event/MultiTalk/BinaryData/Perform/JAKYO/babel/PET/00/CMTPerData_JAKYO_babel_Pet_000_014.bin	5654
reimagine	multitalk	Event/MultiTalk/BinaryData/Perform/JAKYO/babel/PET/00/CMTPerData_JAKYO_babel_Pet_000_015.bin	2666
reimagine	multitalk	Event/MultiTalk/BinaryData/Perform/JAKYO/babel/PET/00/CMTPerData_JAKYO_babel_Pet_000_016.bin	3662
reimagine	multitalk	Event/MultiTalk/BinaryData/Perform/JAKYO/babel/PET/00/CMTPerData_JAKYO_babel_Pet_000_017.bin	8642
reimagine	multitalk	Event/MultiTalk/BinaryData/Perform/JAKYO/babel/PET/00/CMTPerData_JAKYO_babel_Pet_000_018.bin	12958
reimagine	multitalk	Event/MultiTalk/BinaryData/Perform/JAKYO/babel/PET/00/CMTPerData_JAKYO_babel_Pet_000_019.bin	3994
reimagine	multitalk	Event/MultiTalk/BinaryData/Perform/JAKYO/babel/PET/00/CMTPerData_JAKYO_babel_Pet_000_020.bin	5654
reimagine	multitalk	Event/MultiTalk/BinaryData/Perform/JAKYO/babel/PET/00/CMTPerData_JAKYO_babel_Pet_000_021.bin	2666
reimagine	multitalk	Event/MultiTalk/BinaryData/Perform/JAKYO/babel/PET/00/CMTPerData_JAKYO_babel_Pet_000_022.bin	4326
reimagine	multitalk	Event/MultiTalk/BinaryData/Perform/JAKYO/babel/PET/00/CMTPerData_JAKYO_babel_Pet_000_023.bin	3662
reimagine	multitalk	Event/MultiTalk/BinaryData/Perform/KAKO/babel/AVENGE/00/CMTPerData_KAKO_babel_Avenge_000_001.bin	1670
reimagine	multitalk	Event/MultiTalk/BinaryData/Perform/KAKO/babel/AVENGE/00/CMTPerData_KAKO_babel_Avenge_000_002.bin	9638
reimagine	multitalk	Event/MultiTalk/BinaryData/Perform/KAKO/babel/AVENGE/00/CMTPerData_KAKO_babel_Avenge_000_003.bin	1338
reimagine	multitalk	Event/MultiTalk/BinaryData/Perform/KAKO/babel/AVENGE/00/CMTPerData_KAKO_babel_Avenge_000_004.bin	6982
reimagine	multitalk	Event/MultiTalk/BinaryData/Perform/KAKO/babel/AVENGE/00/CMTPerData_KAKO_babel_Avenge_000_005.bin	4990
reimagine	multitalk	Event/MultiTalk/BinaryData/Perform/KAKO/babel/AVENGE/00/CMTPerData_KAKO_babel_Avenge_000_006.bin	6650
reimagine	multitalk	Event/MultiTalk/BinaryData/Perform/KAKO/babel/AVENGE/00/CMTPerData_KAKO_babel_Avenge_000_007.bin	3662
reimagine	multitalk	Event/MultiTalk/BinaryData/Perform/KAKO/babel/AVENGE/00/CMTPerData_KAKO_babel_Avenge_000_008.bin	6318
reimagine	multitalk	Event/MultiTalk/BinaryData/Perform/KAKO/babel/AVENGE/00/CMTPerData_KAKO_babel_Avenge_000_009.bin	2998
reimagine	multitalk	Event/MultiTalk/BinaryData/Perform/KAKO/babel/AVENGE/00/CMTPerData_KAKO_babel_Avenge_000_010.bin	2666
reimagine	multitalk	Event/MultiTalk/BinaryData/Perform/KAKO/babel/AVENGE/00/CMTPerData_KAKO_babel_Avenge_000_011.bin	7314
reimagine	multitalk	Event/MultiTalk/BinaryData/Perform/KAKO/babel/AVENGE/00/CMTPerData_KAKO_babel_Avenge_000_012.bin	7314
reimagine	multitalk	Event/MultiTalk/BinaryData/Perform/KAKO/babel/AVENGE/00/CMTPerData_KAKO_babel_Avenge_000_013.bin	7314
reimagine	multitalk	Event/MultiTalk/BinaryData/Perform/KAKO/babel/AVENGE/00/CMTPerData_KAKO_babel_Avenge_000_014.bin	2666
reimagine	multitalk	Event/MultiTalk/BinaryData/Perform/KAKO/babel/AVENGE/00/CMTPerData_KAKO_babel_Avenge_000_015.bin	2666
reimagine	multitalk	Event/MultiTalk/BinaryData/Perform/KAKO/babel/AVENGE/00/CMTPerData_KAKO_babel_Avenge_000_016.bin	2002
reimagine	multitalk	Event/MultiTalk/BinaryData/Perform/KAKO/babel/AVENGE/00/CMTPerData_KAKO_babel_Avenge_000_017.bin	4990
reimagine	multitalk	Event/MultiTalk/BinaryData/Perform/KAKO/babel/AVENGE/00/CMTPerData_KAKO_babel_Avenge_000_018.bin	4326
reimagine	multitalk	Event/MultiTalk/BinaryData/Perform/KAKO/babel/AVENGE/00/CMTPerData_KAKO_babel_Avenge_000_019.bin	3662
reimagine	multitalk	Event/MultiTalk/BinaryData/Perform/KAKO/babel/AVENGE/00/CMTPerData_KAKO_babel_Avenge_000_020.bin	6650
reimagine	multitalk	Event/MultiTalk/BinaryData/Perform/KAKO/babel/AVENGE/00/CMTPerData_KAKO_babel_Avenge_000_021.bin	7314
reimagine	multitalk	Event/MultiTalk/BinaryData/Perform/KAKO/babel/AVENGE/00/CMTPerData_KAKO_babel_Avenge_000_022.bin	7314
reimagine	multitalk	Event/MultiTalk/BinaryData/Perform/KAKO/babel/AVENGE/00/CMTPerData_KAKO_babel_Avenge_000_023.bin	7314
reimagine	multitalk	Event/MultiTalk/BinaryData/Perform/KAKO/babel/AVENGE/00/CMTPerData_KAKO_babel_Avenge_000_024.bin	7314
reimagine	multitalk	Event/MultiTalk/BinaryData/Perform/KAKO/babel/AVENGE/00/CMTPerData_KAKO_babel_Avenge_000_025.bin	7314
reimagine	multitalk	Event/MultiTalk/BinaryData/Perform/KAKO/babel/AVENGE/00/CMTPerData_KAKO_babel_Avenge_000_026.bin	5322
reimagine	multitalk	Event/MultiTalk/BinaryData/Perform/KAKO/babel/AVENGE/00/CMTPerData_KAKO_babel_Avenge_000_027.bin	7978
reimagine	multitalk	Event/MultiTalk/BinaryData/Perform/KAKO/babel/AVENGE/00/CMTPerData_KAKO_babel_Avenge_000_028.bin	7978
reimagine	multitalk	Event/MultiTalk/BinaryData/Perform/KAKO/babel/AVENGE/00/CMTPerData_KAKO_babel_Avenge_000_029.bin	7978
reimagine	multitalk	Event/MultiTalk/BinaryData/Perform/KAKO/babel/AVENGE/00/CMTPerData_KAKO_babel_Avenge_000_030.bin	7978
reimagine	multitalk	Event/MultiTalk/BinaryData/Perform/KAKO/babel/AVENGE/00/CMTPerData_KAKO_babel_Avenge_000_031.bin	7978
reimagine	multitalk	Event/MultiTalk/BinaryData/Perform/KAKO/babel/AVENGE/00/CMTPerData_KAKO_babel_Avenge_000_032.bin	5654
reimagine	multitalk	Event/MultiTalk/BinaryData/Perform/KAKO/babel/AVENGE/00/CMTPerData_KAKO_babel_Avenge_000_033.bin	7646
reimagine	multitalk	Event/MultiTalk/BinaryData/Perform/KAKO/babel/AVENGE/00/CMTPerData_KAKO_babel_Avenge_000_034.bin	7646
reimagine	multitalk	Event/MultiTalk/BinaryData/Perform/KAKO/babel/AVENGE/00/CMTPerData_KAKO_babel_Avenge_000_035.bin	4326
reimagine	multitalk	Event/MultiTalk/BinaryData/Perform/KAKO/babel/AVENGE2nd/00/CMTPerData_KAKO_babel_Avenge2nd_000_001.bin	6650
reimagine	multitalk	Event/MultiTalk/BinaryData/Perform/KAKO/babel/AVENGE2nd/00/CMTPerData_KAKO_babel_Avenge2nd_000_002.bin	2002
reimagine	multitalk	Event/MultiTalk/BinaryData/Perform/KAKO/babel/AVENGE2nd/00/CMTPerData_KAKO_babel_Avenge2nd_000_003.bin	2002
reimagine	multitalk	Event/MultiTalk/BinaryData/Perform/KAKO/babel/AVENGE2nd/00/CMTPerData_KAKO_babel_Avenge2nd_000_004.bin	2666
reimagine	multitalk	Event/MultiTalk/BinaryData/Perform/KAKO/babel/AVENGE2nd/00/CMTPerData_KAKO_babel_Avenge2nd_000_005.bin	1670
reimagine	multitalk	Event/MultiTalk/BinaryData/Perform/KAKO/babel/AVENGE2nd/00/CMTPerData_KAKO_babel_Avenge2nd_000_006.bin	12626
reimagine	multitalk	Event/MultiTalk/BinaryData/Perform/KAKO/ShinF/AVENGE2nd/00/CMTPerData_KAKO_ShinF_Avenge2nd_000_001.bin	6982
reimagine	multitalk	Event/MultiTalk/BinaryData/Perform/KANO/3home/LB/00/CMTPerData_KANO_3home_WhiteB_000_001.bin	3662
reimagine	multitalk	Event/MultiTalk/BinaryData/Perform/KANO/3home/LB/00/CMTPerData_KANO_3home_WhiteB_000_002.bin	1670
reimagine	multitalk	Event/MultiTalk/BinaryData/Perform/KANO/3home/LB/00/CMTPerData_KANO_3home_WhiteB_000_003.bin	1006
reimagine	multitalk	Event/MultiTalk/BinaryData/Perform/KANO/3home/LB/00/CMTPerData_KANO_3home_WhiteB_000_004.bin	1006
reimagine	multitalk	Event/MultiTalk/BinaryData/Perform/KANO/3home/LB/00/CMTPerData_KANO_3home_WhiteB_000_005.bin	674
reimagine	multitalk	Event/MultiTalk/BinaryData/Perform/KANO/3home/LB/00/CMTPerData_KANO_3home_WhiteB_000_006.bin	674
reimagine	multitalk	Event/MultiTalk/BinaryData/Perform/KANO/3home/LB/00/CMTPerData_KANO_3home_WhiteB_000_007.bin	1670
reimagine	multitalk	Event/MultiTalk/BinaryData/Perform/KANO/3home/LB/00/CMTPerData_KANO_3home_WhiteB_000_008.bin	2002
reimagine	multitalk	Event/MultiTalk/BinaryData/Perform/KANO/3home/LB/00/CMTPerData_KANO_3home_WhiteB_000_009.bin	1338
reimagine	multitalk	Event/MultiTalk/BinaryData/Perform/KANO/3home/LB/00/CMTPerData_KANO_3home_WhiteB_000_010.bin	674
reimagine	multitalk	Event/MultiTalk/BinaryData/Perform/KANO/3home/LB/00/CMTPerData_KANO_3home_WhiteB_000_011.bin	1338
reimagine	multitalk	Event/MultiTalk/BinaryData/Perform/KANO/3home/LB/00/CMTPerData_KANO_3home_WhiteB_000_012.bin	1006
reimagine	multitalk	Event/MultiTalk/BinaryData/Perform/KANO/3home/LB/00/CMTPerData_KANO_3home_WhiteB_000_013.bin	674
reimagine	multitalk	Event/MultiTalk/BinaryData/Perform/KANO/3home/LB/00/CMTPerData_KANO_3home_WhiteB_000_014.bin	1006
reimagine	multitalk	Event/MultiTalk/BinaryData/Perform/KANO/3home/LB/00/CMTPerData_KANO_3home_WhiteB_000_015.bin	1006
reimagine	multitalk	Event/MultiTalk/BinaryData/Perform/KANO/3home/PURSUIT/00/CMTPerData_KANO_3home_PURSUIT_000_001.bin	1338
reimagine	multitalk	Event/MultiTalk/BinaryData/Perform/KANO/3home/PURSUIT/00/CMTPerData_KANO_3home_PURSUIT_000_002.bin	3994
reimagine	multitalk	Event/MultiTalk/BinaryData/Perform/KANO/3home/PURSUIT/00/CMTPerData_KANO_3home_PURSUIT_000_003.bin	1338
reimagine	multitalk	Event/MultiTalk/BinaryData/Perform/KANO/3home/PURSUIT/00/CMTPerData_KANO_3home_PURSUIT_000_004.bin	1006
reimagine	multitalk	Event/MultiTalk/BinaryData/Perform/KANO/3home/PURSUIT/00/CMTPerData_KANO_3home_PURSUIT_000_005.bin	4326
reimagine	multitalk	Event/MultiTalk/BinaryData/Perform/KANO/3home/PURSUIT/00/CMTPerData_KANO_3home_PURSUIT_000_006.bin	3662
reimagine	multitalk	Event/MultiTalk/BinaryData/Perform/KANO/3home/PURSUIT/00/CMTPerData_KANO_3home_PURSUIT_000_007.bin	1338
reimagine	multitalk	Event/MultiTalk/BinaryData/Perform/KANO/3home/PURSUIT/00/CMTPerData_KANO_3home_PURSUIT_000_008.bin	2334
reimagine	multitalk	Event/MultiTalk/BinaryData/Perform/KANO/3home/PURSUIT/00/CMTPerData_KANO_3home_PURSUIT_000_009.bin	5322
reimagine	multitalk	Event/MultiTalk/BinaryData/Perform/KANO/3home/PURSUIT/00/CMTPerData_KANO_3home_PURSUIT_000_010.bin	2002
reimagine	multitalk	Event/MultiTalk/BinaryData/Perform/KANO/3home/PURSUIT/00/CMTPerData_KANO_3home_PURSUIT_000_011.bin	1338
reimagine	multitalk	Event/MultiTalk/BinaryData/Perform/KANO/3home/PURSUIT/00/CMTPerData_KANO_3home_PURSUIT_000_012.bin	1670
reimagine	multitalk	Event/MultiTalk/BinaryData/Perform/KANO/3home/PURSUIT/00/CMTPerData_KANO_3home_PURSUIT_000_013.bin	1338
reimagine	multitalk	Event/MultiTalk/BinaryData/Perform/KANO/3home/PURSUIT/00/CMTPerData_KANO_3home_PURSUIT_000_014.bin	1338
reimagine	multitalk	Event/MultiTalk/BinaryData/Perform/KANO/3home/PURSUIT/00/CMTPerData_KANO_3home_PURSUIT_000_015.bin	2002
reimagine	multitalk	Event/MultiTalk/BinaryData/Perform/KANO/3home/PURSUIT/00/CMTPerData_KANO_3home_PURSUIT_000_016.bin	1670
reimagine	multitalk	Event/MultiTalk/BinaryData/Perform/KANO/3home/PURSUIT/00/CMTPerData_KANO_3home_PURSUIT_000_017.bin	2334
reimagine	multitalk	Event/MultiTalk/BinaryData/Perform/KERU/Kernel/EP20/00/CMTPerData_KERU_Kernel_EP20_000_001.bin	7314
reimagine	multitalk	Event/MultiTalk/BinaryData/Perform/KERU/Kernel/EP20/00/CMTPerData_KERU_Kernel_EP20_000_002.bin	7314
reimagine	multitalk	Event/MultiTalk/BinaryData/Perform/KERU/protophia/EP17/00/CMTPerData_KERU_protophia_EP17_000_001.bin	3994
reimagine	multitalk	Event/MultiTalk/BinaryData/Perform/KERU/protophia/EP17/00/CMTPerData_KERU_protophia_EP17_000_002.bin	1338
reimagine	multitalk	Event/MultiTalk/BinaryData/Perform/KERU/protophia/EP17/00/CMTPerData_KERU_protophia_EP17_000_003.bin	7314
reimagine	multitalk	Event/MultiTalk/BinaryData/Perform/KERU/protophia/EP17/00/CMTPerData_KERU_protophia_EP17_000_004.bin	1338
reimagine	multitalk	Event/MultiTalk/BinaryData/Perform/KERU/protophia/EP17/00/CMTPerData_KERU_protophia_EP17_000_005.bin	3662
reimagine	multitalk	Event/MultiTalk/BinaryData/Perform/KERU/protophia/EP17/00/CMTPerData_KERU_protophia_EP17_000_006.bin	1338
reimagine	multitalk	Event/MultiTalk/BinaryData/Perform/KERU/protophia/EP17/00/CMTPerData_KERU_protophia_EP17_000_007.bin	12626
reimagine	multitalk	Event/MultiTalk/BinaryData/Perform/KERU/protophia/EP17/00/CMTPerData_KERU_protophia_EP17_000_008.bin	2334
reimagine	multitalk	Event/MultiTalk/BinaryData/Perform/KERU/protophia/EP17/00/CMTPerData_KERU_protophia_EP17_000_009.bin	1006
reimagine	multitalk	Event/MultiTalk/BinaryData/Perform/KERU/protophia/EP17/00/CMTPerData_KERU_protophia_EP17_000_010.bin	7978
reimagine	multitalk	Event/MultiTalk/BinaryData/Perform/KERU/protophia/EP17/00/CMTPerData_KERU_protophia_EP17_000_011.bin	46490
reimagine	multitalk	Event/MultiTalk/BinaryData/Perform/KERU/protophia/EP18/00/CMTPerData_KERU_protophia_EP18_000_001.bin	2998
reimagine	multitalk	Event/MultiTalk/BinaryData/Perform/KERU/protophia/EP18/00/CMTPerData_KERU_protophia_EP18_000_002.bin	3662
reimagine	multitalk	Event/MultiTalk/BinaryData/Perform/KERU/protophia/EP18/00/CMTPerData_KERU_protophia_EP18_000_003.bin	2002
reimagine	multitalk	Event/MultiTalk/BinaryData/Perform/KERU/protophia/EP18/00/CMTPerData_KERU_protophia_EP18_000_004.bin	3330
reimagine	multitalk	Event/MultiTalk/BinaryData/Perform/KERU/protophia/EP18/00/CMTPerData_KERU_protophia_EP18_000_005.bin	2002
reimagine	multitalk	Event/MultiTalk/BinaryData/Perform/KERU/protophia/EP18/00/CMTPerData_KERU_protophia_EP18_000_006.bin	1338
reimagine	multitalk	Event/MultiTalk/BinaryData/Perform/KERU/protophia/EP18/00/CMTPerData_KERU_protophia_EP18_000_007.bin	1338
reimagine	multitalk	Event/MultiTalk/BinaryData/Perform/KERU/protophia/EP18/00/CMTPerData_KERU_protophia_EP18_000_008.bin	1006
reimagine	multitalk	Event/MultiTalk/BinaryData/Perform/KERU/protophia/EP18/00/CMTPerData_KERU_protophia_EP18_000_009.bin	2998
reimagine	multitalk	Event/MultiTalk/BinaryData/Perform/KERU/protophia/EP18/00/CMTPerData_KERU_protophia_EP18_000_010.bin	2998
reimagine	multitalk	Event/MultiTalk/BinaryData/Perform/KERU/protophia/EP18/00/CMTPerData_KERU_protophia_EP18_000_011.bin	3662
reimagine	multitalk	Event/MultiTalk/BinaryData/Perform/KERU/protophia/EP18/00/CMTPerData_KERU_protophia_EP18_000_012.bin	3994
reimagine	multitalk	Event/MultiTalk/BinaryData/Perform/KERU/protophia/EP18/00/CMTPerData_KERU_protophia_EP18_000_013.bin	3330
reimagine	multitalk	Event/MultiTalk/BinaryData/Perform/KERU/protophia/EP18/00/CMTPerData_KERU_protophia_EP18_000_014.bin	3994
reimagine	multitalk	Event/MultiTalk/BinaryData/Perform/KERU/protophia/EP18/00/CMTPerData_KERU_protophia_EP18_000_015.bin	5986
reimagine	multitalk	Event/MultiTalk/BinaryData/Perform/KERU/protophia/EP18/00/CMTPerData_KERU_protophia_EP18_000_016.bin	16942
reimagine	multitalk	Event/MultiTalk/BinaryData/Perform/KERU/protophia/EP18/00/CMTPerData_KERU_protophia_EP18_000_017.bin	16942
reimagine	multitalk	Event/MultiTalk/BinaryData/Perform/KERU/protophia/EP18/00/CMTPerData_KERU_protophia_EP18_000_018.bin	16942
reimagine	multitalk	Event/MultiTalk/BinaryData/Perform/KERU/quartzMO/EP19/00/CMTPerData_KERU_quartzMO_EP19_000_001.bin	7978
reimagine	multitalk	Event/MultiTalk/BinaryData/Perform/KERU/quartzMO/EP19/00/CMTPerData_KERU_quartzMO_EP19_000_002.bin	5986
reimagine	multitalk	Event/MultiTalk/BinaryData/Perform/KERU/quartzMO/EP19/00/CMTPerData_KERU_quartzMO_EP19_000_003.bin	7978
reimagine	multitalk	Event/MultiTalk/BinaryData/Perform/KERU/quartzMO/EP19/00/CMTPerData_KERU_quartzMO_EP19_000_004.bin	23582
reimagine	multitalk	Event/MultiTalk/BinaryData/Perform/KERU/quartzMO/EP19/00/CMTPerData_KERU_quartzMO_EP19_000_005.bin	22586
reimagine	multitalk	Event/MultiTalk/BinaryData/Perform/KERU/quartzMO/EP19/00/CMTPerData_KERU_quartzMO_EP19_000_006.bin	21922
reimagine	multitalk	Event/MultiTalk/BinaryData/Perform/KIARA/baberu/COC01/00/CMTPerData_KIARA_baberu_COC01_000_001.bin	3662
reimagine	multitalk	Event/MultiTalk/BinaryData/Perform/KIARA/baberu/COC01/00/CMTPerData_KIARA_baberu_COC01_000_002.bin	2334
reimagine	multitalk	Event/MultiTalk/BinaryData/Perform/KIARA/baberu/COC01/00/CMTPerData_KIARA_baberu_COC01_000_003.bin	2334
reimagine	multitalk	Event/MultiTalk/BinaryData/Perform/KIARA/baberu/COC01/00/CMTPerData_KIARA_baberu_COC01_000_004.bin	1670
reimagine	multitalk	Event/MultiTalk/BinaryData/Perform/KIARA/baberu/COC01/00/CMTPerData_KIARA_baberu_COC01_000_005.bin	2666
reimagine	multitalk	Event/MultiTalk/BinaryData/Perform/KIARA/baberu/COC01/00/CMTPerData_KIARA_baberu_COC01_000_006.bin	2002
reimagine	multitalk	Event/MultiTalk/BinaryData/Perform/KIARA/baberu/COC01/00/CMTPerData_KIARA_baberu_COC01_000_007.bin	2002
reimagine	multitalk	Event/MultiTalk/BinaryData/Perform/KIARA/baberu/COC01/00/CMTPerData_KIARA_baberu_COC01_000_008.bin	2002
reimagine	multitalk	Event/MultiTalk/BinaryData/Perform/KIARA/baberu/COC01/00/CMTPerData_KIARA_baberu_COC01_000_009.bin	2002
reimagine	multitalk	Event/MultiTalk/BinaryData/Perform/KIARA/baberu/COC01/00/CMTPerData_KIARA_baberu_COC01_000_010.bin	2002
reimagine	multitalk	Event/MultiTalk/BinaryData/Perform/KIARA/baberu/COC02/00/CMTPerData_KIARA_baberu_COC02_000_001.bin	2002
reimagine	multitalk	Event/MultiTalk/BinaryData/Perform/KIARA/baberu/COC02/00/CMTPerData_KIARA_baberu_COC02_000_002.bin	1670
reimagine	multitalk	Event/MultiTalk/BinaryData/Perform/KIARA/baberu/COC04/00/CMTPerData_KIARA_baberu_COC04_000_001.bin	2334
reimagine	multitalk	Event/MultiTalk/BinaryData/Perform/KIARA/baberu/COC04/00/CMTPerData_KIARA_baberu_COC04_000_002.bin	2002
reimagine	multitalk	Event/MultiTalk/BinaryData/Perform/KIARA/baberu/COC04/00/CMTPerData_KIARA_baberu_COC04_000_003.bin	2002
reimagine	multitalk	Event/MultiTalk/BinaryData/Perform/KIARA/baberu/COC04/00/CMTPerData_KIARA_baberu_COC04_000_004.bin	3662
reimagine	multitalk	Event/MultiTalk/BinaryData/Perform/KIARA/baberu/COC05/00/CMTPerData_KIARA_baberu_COC05_000_001.bin	1670
reimagine	multitalk	Event/MultiTalk/BinaryData/Perform/KIARA/baberu/COC05/00/CMTPerData_KIARA_baberu_COC05_000_002.bin	1670
reimagine	multitalk	Event/MultiTalk/BinaryData/Perform/KIARA/baberu/COC05/00/CMTPerData_KIARA_baberu_COC05_000_003.bin	1670
reimagine	multitalk	Event/MultiTalk/BinaryData/Perform/KIARA/baberu/COC06/00/CMTPerData_KIARA_baberu_COC06_000_001.bin	2002
reimagine	multitalk	Event/MultiTalk/BinaryData/Perform/KIARA/baberu/COC06/00/CMTPerData_KIARA_baberu_COC06_000_002.bin	1670
reimagine	multitalk	Event/MultiTalk/BinaryData/Perform/KIARA/baberu/COC06/00/CMTPerData_KIARA_baberu_COC06_000_003.bin	2002
reimagine	multitalk	Event/MultiTalk/BinaryData/Perform/KIARA/baberu/COC07/00/CMTPerData_KIARA_baberu_COC07_000_001.bin	2334
reimagine	multitalk	Event/MultiTalk/BinaryData/Perform/KIARA/baberu/COC07/00/CMTPerData_KIARA_baberu_COC07_000_002.bin	2998
reimagine	multitalk	Event/MultiTalk/BinaryData/Perform/KIARA/baberu/COC07/00/CMTPerData_KIARA_baberu_COC07_000_003.bin	3330
reimagine	multitalk	Event/MultiTalk/BinaryData/Perform/KIARA/baberu/COC07/00/CMTPerData_KIARA_baberu_COC07_000_004.bin	2334
reimagine	multitalk	Event/MultiTalk/BinaryData/Perform/KIARA/baberu/COC08/00/CMTPerData_KIARA_baberu_COC08_000_001.bin	2666
reimagine	multitalk	Event/MultiTalk/BinaryData/Perform/KIARA/baberu/COC08/00/CMTPerData_KIARA_baberu_COC08_000_002.bin	2666
reimagine	multitalk	Event/MultiTalk/BinaryData/Perform/KIARA/baberu/COC08/00/CMTPerData_KIARA_baberu_COC08_000_003.bin	2998
reimagine	multitalk	Event/MultiTalk/BinaryData/Perform/KIARA/baberu/COC08/00/CMTPerData_KIARA_baberu_COC08_000_004.bin	2334
reimagine	multitalk	Event/MultiTalk/BinaryData/Perform/KIARA/baberu/COC08/00/CMTPerData_KIARA_baberu_COC08_000_005.bin	2666
reimagine	multitalk	Event/MultiTalk/BinaryData/Perform/KIARA/baberu/COC08/00/CMTPerData_KIARA_baberu_COC08_000_006.bin	2998
reimagine	multitalk	Event/MultiTalk/BinaryData/Perform/KIARA/baberu/COC09/00/CMTPerData_KIARA_baberu_COC09_000_001.bin	2666
reimagine	multitalk	Event/MultiTalk/BinaryData/Perform/KIARA/baberu/COC09/00/CMTPerData_KIARA_baberu_COC09_000_002.bin	2998
reimagine	multitalk	Event/MultiTalk/BinaryData/Perform/KIARA/baberu/COC09/00/CMTPerData_KIARA_baberu_COC09_000_003.bin	3994
reimagine	multitalk	Event/MultiTalk/BinaryData/Perform/KIARA/baberu/COC10/00/CMTPerData_KIARA_baberu_COC10_000_001.bin	4990
reimagine	multitalk	Event/MultiTalk/BinaryData/Perform/KIARA/baberu/COC10/00/CMTPerData_KIARA_baberu_COC10_000_002.bin	2666
reimagine	multitalk	Event/MultiTalk/BinaryData/Perform/KIARA/baberu/COC10/00/CMTPerData_KIARA_baberu_COC10_000_003.bin	3994
reimagine	multitalk	Event/MultiTalk/BinaryData/Perform/KIARA/baberu/COC10/00/CMTPerData_KIARA_baberu_COC10_000_004.bin	3994
reimagine	multitalk	Event/MultiTalk/BinaryData/Perform/KIARA/baberu/COC11/00/CMTPerData_KIARA_baberu_COC11_000_001.bin	6318
reimagine	multitalk	Event/MultiTalk/BinaryData/Perform/KIARA/baberu/COC11/00/CMTPerData_KIARA_baberu_COC11_000_002.bin	3994
reimagine	multitalk	Event/MultiTalk/BinaryData/Perform/KIARA/baberu/COC11/00/CMTPerData_KIARA_baberu_COC11_000_003.bin	3994
reimagine	multitalk	Event/MultiTalk/BinaryData/Perform/KIARA/baberu/COC11/00/CMTPerData_KIARA_baberu_COC11_000_004.bin	2666
reimagine	multitalk	Event/MultiTalk/BinaryData/Perform/KIARA/baberu/COC11/00/CMTPerData_KIARA_baberu_COC11_000_005.bin	3330
reimagine	multitalk	Event/MultiTalk/BinaryData/Perform/KIARA/baberu/COC11/00/CMTPerData_KIARA_baberu_COC11_000_006.bin	2666
reimagine	multitalk	Event/MultiTalk/BinaryData/Perform/KIARA/baberu/COC11/00/CMTPerData_KIARA_baberu_COC11_000_007.bin	2998
reimagine	multitalk	Event/MultiTalk/BinaryData/Perform/KIARA/baberu/COC11/00/CMTPerData_KIARA_baberu_COC11_000_008.bin	4658
reimagine	multitalk	Event/MultiTalk/BinaryData/Perform/KIARA/baberu/COC11/00/CMTPerData_KIARA_baberu_COC11_000_009.bin	4658
reimagine	multitalk	Event/MultiTalk/BinaryData/Perform/KINA/baberu/COC00/00/CMTPerData_KINA_baberu_COC00_000_001.bin	342
reimagine	multitalk	Event/MultiTalk/BinaryData/Perform/KINA/baberu/COC00/00/CMTPerData_KINA_baberu_COC00_000_002.bin	3662
reimagine	multitalk	Event/MultiTalk/BinaryData/Perform/KINA/baberu/COC00/00/CMTPerData_KINA_baberu_COC00_000_003.bin	1338
reimagine	multitalk	Event/MultiTalk/BinaryData/Perform/KINA/baberu/COC00/00/CMTPerData_KINA_baberu_COC00_000_004.bin	1338
reimagine	multitalk	Event/MultiTalk/BinaryData/Perform/KINA/baberu/COC00/00/CMTPerData_KINA_baberu_COC00_000_005.bin	674
reimagine	multitalk	Event/MultiTalk/BinaryData/Perform/KINA/baberu/COC00/00/CMTPerData_KINA_baberu_COC00_000_006.bin	1006
reimagine	multitalk	Event/MultiTalk/BinaryData/Perform/KINA/baberu/COC00/00/CMTPerData_KINA_baberu_COC00_000_007.bin	674
reimagine	multitalk	Event/MultiTalk/BinaryData/Perform/KINA/baberu/COC00/00/CMTPerData_KINA_baberu_COC00_000_008.bin	2666
reimagine	multitalk	Event/MultiTalk/BinaryData/Perform/KINA/baberu/COC00/00/CMTPerData_KINA_baberu_COC00_000_009.bin	342
reimagine	multitalk	Event/MultiTalk/BinaryData/Perform/KINA/baberu/COC00/00/CMTPerData_KINA_baberu_COC00_000_010.bin	2334
reimagine	multitalk	Event/MultiTalk/BinaryData/Perform/KINA/baberu/COC00/00/CMTPerData_KINA_baberu_COC00_000_011.bin	1670
reimagine	multitalk	Event/MultiTalk/BinaryData/Perform/KINA/baberu/COC00/00/CMTPerData_KINA_baberu_COC00_000_012.bin	1338
reimagine	multitalk	Event/MultiTalk/BinaryData/Perform/KINA/baberu/COC00/00/CMTPerData_KINA_baberu_COC00_000_013.bin	674
reimagine	multitalk	Event/MultiTalk/BinaryData/Perform/KINA/baberu/COC00/00/CMTPerData_KINA_baberu_COC00_000_014.bin	674
reimagine	multitalk	Event/MultiTalk/BinaryData/Perform/KINA/baberu/COC00/00/CMTPerData_KINA_baberu_COC00_000_015.bin	342
reimagine	multitalk	Event/MultiTalk/BinaryData/Perform/KINA/baberu/COC00/00/CMTPerData_KINA_baberu_COC00_000_016.bin	1006
reimagine	multitalk	Event/MultiTalk/BinaryData/Perform/KINA/baberu/COC00/00/CMTPerData_KINA_baberu_COC00_000_017.bin	674
reimagine	multitalk	Event/MultiTalk/BinaryData/Perform/KINA/baberu/COC00/00/CMTPerData_KINA_baberu_COC00_000_018.bin	342
reimagine	multitalk	Event/MultiTalk/BinaryData/Perform/KINA/baberu/COC04/00/CMTPerData_KINA_baberu_COC04_000_001.bin	342
reimagine	multitalk	Event/MultiTalk/BinaryData/Perform/KINA/baberu/COC04/00/CMTPerData_KINA_baberu_COC04_000_002.bin	674
reimagine	multitalk	Event/MultiTalk/BinaryData/Perform/KINA/baberu/COC04/00/CMTPerData_KINA_baberu_COC04_000_003.bin	1006
reimagine	multitalk	Event/MultiTalk/BinaryData/Perform/KINA/baberu/COC04/00/CMTPerData_KINA_baberu_COC04_000_004.bin	674
reimagine	multitalk	Event/MultiTalk/BinaryData/Perform/KINA/baberu/COC04/00/CMTPerData_KINA_baberu_COC04_000_005.bin	674
reimagine	multitalk	Event/MultiTalk/BinaryData/Perform/KINA/baberu/COC04/00/CMTPerData_KINA_baberu_COC04_000_006.bin	342
reimagine	multitalk	Event/MultiTalk/BinaryData/Perform/KINA/baberu/COC04/00/CMTPerData_KINA_baberu_COC04_000_007.bin	3330
reimagine	multitalk	Event/MultiTalk/BinaryData/Perform/KINA/baberu/COC04/00/CMTPerData_KINA_baberu_COC04_000_008.bin	3662
reimagine	multitalk	Event/MultiTalk/BinaryData/Perform/KINA/baberu/COC05/00/CMTPerData_KINA_baberu_COC05_000_001.bin	674
reimagine	multitalk	Event/MultiTalk/BinaryData/Perform/KINA/baberu/COC06/00/CMTPerData_KINA_baberu_COC06_000_001.bin	674
reimagine	multitalk	Event/MultiTalk/BinaryData/Perform/KINA/baberu/COC08/00/CMTPerData_KINA_baberu_COC08_000_001.bin	1006
reimagine	multitalk	Event/MultiTalk/BinaryData/Perform/KINA/baberu/COC08/00/CMTPerData_KINA_baberu_COC08_000_002.bin	1006
reimagine	multitalk	Event/MultiTalk/BinaryData/Perform/KINA/baberu/COC08/00/CMTPerData_KINA_baberu_COC08_000_003.bin	2334
reimagine	multitalk	Event/MultiTalk/BinaryData/Perform/KINA/baberu/COC08/00/CMTPerData_KINA_baberu_COC08_000_004.bin	1670
reimagine	multitalk	Event/MultiTalk/BinaryData/Perform/KINA/baberu/COC08/00/CMTPerData_KINA_baberu_COC08_000_005.bin	1670
reimagine	multitalk	Event/MultiTalk/BinaryData/Perform/KINA/baberu/COC08/00/CMTPerData_KINA_baberu_COC08_000_006.bin	1338
reimagine	multitalk	Event/MultiTalk/BinaryData/Perform/KINA/baberu/COC09/00/CMTPerData_KINA_baberu_COC09_000_001.bin	4326
reimagine	multitalk	Event/MultiTalk/BinaryData/Perform/KINA/baberu/COC09/00/CMTPerData_KINA_baberu_COC09_000_002.bin	2002
reimagine	multitalk	Event/MultiTalk/BinaryData/Perform/KINA/baberu/COC09/00/CMTPerData_KINA_baberu_COC09_000_003.bin	2334
reimagine	multitalk	Event/MultiTalk/BinaryData/Perform/KINA/baberu/COC09/00/CMTPerData_KINA_baberu_COC09_000_004.bin	4990
reimagine	multitalk	Event/MultiTalk/BinaryData/Perform/KINA/baberu/COC09/00/CMTPerData_KINA_baberu_COC09_000_005.bin	5322
reimagine	multitalk	Event/MultiTalk/BinaryData/Perform/KINA/baberu/COC09/00/CMTPerData_KINA_baberu_COC09_000_006.bin	2334
reimagine	multitalk	Event/MultiTalk/BinaryData/Perform/KINA/baberu/COC09/00/CMTPerData_KINA_baberu_COC09_000_007.bin	2002
reimagine	multitalk	Event/MultiTalk/BinaryData/Perform/KINA/baberu/COC10/00/CMTPerData_KINA_baberu_COC10_000_001.bin	2666
reimagine	multitalk	Event/MultiTalk/BinaryData/Perform/KINA/baberu/COC10/00/CMTPerData_KINA_baberu_COC10_000_002.bin	2334
reimagine	multitalk	Event/MultiTalk/BinaryData/Perform/KINA/baberu/COC10/00/CMTPerData_KINA_baberu_COC10_000_003.bin	2666
reimagine	multitalk	Event/MultiTalk/BinaryData/Perform/KINA/baberu/COC10/00/CMTPerData_KINA_baberu_COC10_000_004.bin	2002
reimagine	multitalk	Event/MultiTalk/BinaryData/Perform/KINA/baberu/COC10/00/CMTPerData_KINA_baberu_COC10_000_005.bin	4326
reimagine	multitalk	Event/MultiTalk/BinaryData/Perform/KINA/baberu/COC10/00/CMTPerData_KINA_baberu_COC10_000_006.bin	3662
reimagine	multitalk	Event/MultiTalk/BinaryData/Perform/KINA/baberu/COC10/00/CMTPerData_KINA_baberu_COC10_000_007.bin	2334
reimagine	multitalk	Event/MultiTalk/BinaryData/Perform/KINA/hongoMo/COC08/00/CMTPerData_KINA_hongoMo_COC08_000_001.bin	2334
reimagine	multitalk	Event/MultiTalk/BinaryData/Perform/KINA/hongoMo/COC08/00/CMTPerData_KINA_hongoMo_COC08_000_002.bin	3662
reimagine	multitalk	Event/MultiTalk/BinaryData/Perform/KINA/hongoMo/COC08/00/CMTPerData_KINA_hongoMo_COC08_000_003.bin	1338
reimagine	multitalk	Event/MultiTalk/BinaryData/Perform/KINA/hongoMo/COC08/00/CMTPerData_KINA_hongoMo_COC08_000_004.bin	1670
reimagine	multitalk	Event/MultiTalk/BinaryData/Perform/KINA/hongoMo/COC08/00/CMTPerData_KINA_hongoMo_COC08_000_005.bin	2998
reimagine	multitalk	Event/MultiTalk/BinaryData/Perform/KINA/hongoMo/COC08/00/CMTPerData_KINA_hongoMo_COC08_000_006.bin	3330
reimagine	multitalk	Event/MultiTalk/BinaryData/Perform/KINA/hongoMo/COC08/00/CMTPerData_KINA_hongoMo_COC08_000_007.bin	2998
reimagine	multitalk	Event/MultiTalk/BinaryData/Perform/KINA/hongoMo/COC08/00/CMTPerData_KINA_hongoMo_COC08_000_008.bin	3330
reimagine	multitalk	Event/MultiTalk/BinaryData/Perform/KINA/hongoMo/COC08/00/CMTPerData_KINA_hongoMo_COC08_000_009.bin	3994
reimagine	multitalk	Event/MultiTalk/BinaryData/Perform/KINA/hongoMo/COC08/00/CMTPerData_KINA_hongoMo_COC08_000_010.bin	5986
reimagine	multitalk	Event/MultiTalk/BinaryData/Perform/KINA/hongoMo/COC08/00/CMTPerData_KINA_hongoMo_COC08_000_011.bin	2002
reimagine	multitalk	Event/MultiTalk/BinaryData/Perform/KINA/hongoMo/COC08/00/CMTPerData_KINA_hongoMo_COC08_000_012.bin	5986
reimagine	multitalk	Event/MultiTalk/BinaryData/Perform/KINA/shindog/COC07/00/CMTPerData_KINA_shindog_COC07_000_001.bin	12294
reimagine	multitalk	Event/MultiTalk/BinaryData/Perform/KINA/shindog/COC07/00/CMTPerData_KINA_shindog_COC07_000_002.bin	2998
reimagine	multitalk	Event/MultiTalk/BinaryData/Perform/KINA/shindog/COC07/00/CMTPerData_KINA_shindog_COC07_000_003.bin	2998
reimagine	multitalk	Event/MultiTalk/BinaryData/Perform/KINA/shindog/COC07/00/CMTPerData_KINA_shindog_COC07_000_004.bin	2002
reimagine	multitalk	Event/MultiTalk/BinaryData/Perform/KINA/shindog/COC07/00/CMTPerData_KINA_shindog_COC07_000_005.bin	4326
reimagine	multitalk	Event/MultiTalk/BinaryData/Perform/KINA/shindog/COC07/00/CMTPerData_KINA_shindog_COC07_000_006.bin	2998
reimagine	multitalk	Event/MultiTalk/BinaryData/Perform/KINA/shindog/COC07/00/CMTPerData_KINA_shindog_COC07_000_007.bin	2998
reimagine	multitalk	Event/MultiTalk/BinaryData/Perform/KINKI/kaguraMO/2012KAKIEV/01/CMTPerData_KINKI_kaguraMO_2012KAKIEV_001_001.bin	12626
reimagine	multitalk	Event/MultiTalk/BinaryData/Perform/KISGI/tocho/COC03/00/CMTPerData_KISGI_tocho_COC03_000_001.bin	4990
reimagine	multitalk	Event/MultiTalk/BinaryData/Perform/KISGI/tocho/COC03/00/CMTPerData_KISGI_tocho_COC03_000_002.bin	342
reimagine	multitalk	Event/MultiTalk/BinaryData/Perform/KISGI/tocho/COC03/00/CMTPerData_KISGI_tocho_COC03_000_003.bin	674
reimagine	multitalk	Event/MultiTalk/BinaryData/Perform/KISGI/tocho/COC03/00/CMTPerData_KISGI_tocho_COC03_000_004.bin	674
reimagine	multitalk	Event/MultiTalk/BinaryData/Perform/KISGI/tocho/COC03/00/CMTPerData_KISGI_tocho_COC03_000_005.bin	674
reimagine	multitalk	Event/MultiTalk/BinaryData/Perform/KISGI/tocho/COC03/00/CMTPerData_KISGI_tocho_COC03_000_006.bin	674
reimagine	multitalk	Event/MultiTalk/BinaryData/Perform/KISGI/tocho/COC03/00/CMTPerData_KISGI_tocho_COC03_000_007.bin	342
reimagine	multitalk	Event/MultiTalk/BinaryData/Perform/KISGI/tocho/COC03/00/CMTPerData_KISGI_tocho_COC03_000_008.bin	1338
reimagine	multitalk	Event/MultiTalk/BinaryData/Perform/KISGI/tocho/COC03/00/CMTPerData_KISGI_tocho_COC03_000_009.bin	1006
reimagine	multitalk	Event/MultiTalk/BinaryData/Perform/KISGI/tocho/COC03/00/CMTPerData_KISGI_tocho_COC03_000_010.bin	1338
reimagine	multitalk	Event/MultiTalk/BinaryData/Perform/KISGI/tocho/COC03/00/CMTPerData_KISGI_tocho_COC03_000_011.bin	1006
reimagine	multitalk	Event/MultiTalk/BinaryData/Perform/KISGI/tocho/COC03/00/CMTPerData_KISGI_tocho_COC03_000_012.bin	1006
reimagine	multitalk	Event/MultiTalk/BinaryData/Perform/KISGI/tocho/COC03/00/CMTPerData_KISGI_tocho_COC03_000_013.bin	1006
reimagine	multitalk	Event/MultiTalk/BinaryData/Perform/KISGI/tocho/COC03/00/CMTPerData_KISGI_tocho_COC03_000_014.bin	1670
reimagine	multitalk	Event/MultiTalk/BinaryData/Perform/KISGI/tocho/COC03/00/CMTPerData_KISGI_tocho_COC03_000_015.bin	2334
reimagine	multitalk	Event/MultiTalk/BinaryData/Perform/KISGI/tocho/COC03/00/CMTPerData_KISGI_tocho_COC03_000_016.bin	3994
reimagine	multitalk	Event/MultiTalk/BinaryData/Perform/KISGI/tocho/COC03/00/CMTPerData_KISGI_tocho_COC03_000_017.bin	4658
reimagine	multitalk	Event/MultiTalk/BinaryData/Perform/KISGI/tocho/COC03/00/CMTPerData_KISGI_tocho_COC03_000_018.bin	3662
reimagine	multitalk	Event/MultiTalk/BinaryData/Perform/KISGI/tocho/COC03/00/CMTPerData_KISGI_tocho_COC03_000_019.bin	3330
reimagine	multitalk	Event/MultiTalk/BinaryData/Perform/KISGI/tocho/COC03/00/CMTPerData_KISGI_tocho_COC03_000_020.bin	2334
reimagine	multitalk	Event/MultiTalk/BinaryData/Perform/KODAMA/3home/WhiteB/00/CMTPerData_KODAMA_3home_WhiteB_000_001.bin	1338
reimagine	multitalk	Event/MultiTalk/BinaryData/Perform/KODAMA/3home/WhiteB/00/CMTPerData_KODAMA_3home_WhiteB_000_002.bin	674
reimagine	multitalk	Event/MultiTalk/BinaryData/Perform/KODAMA/3home/WhiteB/00/CMTPerData_KODAMA_3home_WhiteB_000_003.bin	674
reimagine	multitalk	Event/MultiTalk/BinaryData/Perform/KODAMA/3home/WhiteB/00/CMTPerData_KODAMA_3home_WhiteB_000_004.bin	674
reimagine	multitalk	Event/MultiTalk/BinaryData/Perform/KODAMA/3home/WhiteB/00/CMTPerData_KODAMA_3home_WhiteB_000_005.bin	674
reimagine	multitalk	Event/MultiTalk/BinaryData/Perform/KODAMA/3home/WhiteB/00/CMTPerData_KODAMA_3home_WhiteB_000_006.bin	1338
reimagine	multitalk	Event/MultiTalk/BinaryData/Perform/KODAMA/3home/WhiteB/00/CMTPerData_KODAMA_3home_WhiteB_000_007.bin	674
reimagine	multitalk	Event/MultiTalk/BinaryData/Perform/KODAMA/3home/WhiteB/00/CMTPerData_KODAMA_3home_WhiteB_000_008.bin	1006
reimagine	multitalk	Event/MultiTalk/BinaryData/Perform/KODAMA/3home/WhiteB/00/CMTPerData_KODAMA_3home_WhiteB_000_009.bin	674
reimagine	multitalk	Event/MultiTalk/BinaryData/Perform/KODAMA/3home/WhiteB/00/CMTPerData_KODAMA_3home_WhiteB_000_010.bin	674
reimagine	multitalk	Event/MultiTalk/BinaryData/Perform/KODAMA/3home/WhiteB/00/CMTPerData_KODAMA_3home_WhiteB_000_011.bin	674
reimagine	multitalk	Event/MultiTalk/BinaryData/Perform/KODAMA/3home/WhiteB/00/CMTPerData_KODAMA_3home_WhiteB_000_012.bin	1338
reimagine	multitalk	Event/MultiTalk/BinaryData/Perform/KODAMA/3home/WhiteB/00/CMTPerData_KODAMA_3home_WhiteB_000_013.bin	16278
reimagine	multitalk	Event/MultiTalk/BinaryData/Perform/KODAMA/3home/WhiteB/00/CMTPerData_KODAMA_3home_WhiteB_000_014.bin	674
reimagine	multitalk	Event/MultiTalk/BinaryData/Perform/KODAMA/3home/WhiteB/00/CMTPerData_KODAMA_3home_WhiteB_000_015.bin	1006
reimagine	multitalk	Event/MultiTalk/BinaryData/Perform/KODAMA/3home/WhiteB/00/CMTPerData_KODAMA_3home_WhiteB_000_016.bin	1006
reimagine	multitalk	Event/MultiTalk/BinaryData/Perform/KODAMA/3home/WhiteB/00/CMTPerData_KODAMA_3home_WhiteB_000_017.bin	1338
reimagine	multitalk	Event/MultiTalk/BinaryData/Perform/KODAMA/3home/WhiteB/00/CMTPerData_KODAMA_3home_WhiteB_000_018.bin	1338
reimagine	multitalk	Event/MultiTalk/BinaryData/Perform/KUREHA/souhon/COC01/00/CMTPerData_KUREHA_souhon_COC01_000_001.bin	1338
reimagine	multitalk	Event/MultiTalk/BinaryData/Perform/KUREHA/souhon/COC01/00/CMTPerData_KUREHA_souhon_COC01_000_002.bin	342
reimagine	multitalk	Event/MultiTalk/BinaryData/Perform/KUREHA/souhon/COC01/00/CMTPerData_KUREHA_souhon_COC01_000_003.bin	674
reimagine	multitalk	Event/MultiTalk/BinaryData/Perform/KUREHA/souhon/COC02/00/CMTPerData_KUREHA_souhon_COC02_000_001.bin	674
reimagine	multitalk	Event/MultiTalk/BinaryData/Perform/KUREHA/souhon/COC02/00/CMTPerData_KUREHA_souhon_COC02_000_002.bin	3994
reimagine	multitalk	Event/MultiTalk/BinaryData/Perform/KUREHA/souhon/COC02/00/CMTPerData_KUREHA_souhon_COC02_000_003.bin	342
reimagine	multitalk	Event/MultiTalk/BinaryData/Perform/KUREHA/souhon/COC02/00/CMTPerData_KUREHA_souhon_COC02_000_004.bin	674
reimagine	multitalk	Event/MultiTalk/BinaryData/Perform/KUREHA/souhon/COC02/00/CMTPerData_KUREHA_souhon_COC02_000_005.bin	1006
reimagine	multitalk	Event/MultiTalk/BinaryData/Perform/KUREHA/souhon/COC02/00/CMTPerData_KUREHA_souhon_COC02_000_006.bin	10634
reimagine	multitalk	Event/MultiTalk/BinaryData/Perform/KUREHA/souhon/COC02/00/CMTPerData_KUREHA_souhon_COC02_000_007.bin	674
reimagine	multitalk	Event/MultiTalk/BinaryData/Perform/KUREHA/souhon/COC02/00/CMTPerData_KUREHA_souhon_COC02_000_008.bin	342
reimagine	multitalk	Event/MultiTalk/BinaryData/Perform/KUREHA/souhon/COC02/00/CMTPerData_KUREHA_souhon_COC02_000_009.bin	674
reimagine	multitalk	Event/MultiTalk/BinaryData/Perform/KUREHA/souhon/COC04/00/CMTPerData_KUREHA_souhon_COC04_000_001.bin	1338
reimagine	multitalk	Event/MultiTalk/BinaryData/Perform/KUREHA/souhon/COC04/00/CMTPerData_KUREHA_souhon_COC04_000_002.bin	342
reimagine	multitalk	Event/MultiTalk/BinaryData/Perform/KUREHA/souhon/COC04/00/CMTPerData_KUREHA_souhon_COC04_000_003.bin	1006
reimagine	multitalk	Event/MultiTalk/BinaryData/Perform/KUREHA/souhon/COC04/00/CMTPerData_KUREHA_souhon_COC04_000_004.bin	1006
reimagine	multitalk	Event/MultiTalk/BinaryData/Perform/KUREHA/souhon/COC04/00/CMTPerData_KUREHA_souhon_COC04_000_005.bin	674
reimagine	multitalk	Event/MultiTalk/BinaryData/Perform/KUREHA/souhon/COC04/00/CMTPerData_KUREHA_souhon_COC04_000_006.bin	674
reimagine	multitalk	Event/MultiTalk/BinaryData/Perform/KUREHA/souhon/COC04/00/CMTPerData_KUREHA_souhon_COC04_000_007.bin	1006
reimagine	multitalk	Event/MultiTalk/BinaryData/Perform/LILY/meijiMO/whiteday2012/00/CMTPerData_LILY_meijiMO_whiteday2012_000_001.bin	8974
reimagine	multitalk	Event/MultiTalk/BinaryData/Perform/LILY/meijiMO/whiteday2012/00/CMTPerData_LILY_meijiMO_whiteday2012_000_002.bin	8974
reimagine	multitalk	Event/MultiTalk/BinaryData/Perform/LILY/meijiMO/whiteday2012/00/CMTPerData_LILY_meijiMO_whiteday2012_000_003.bin	29226
reimagine	multitalk	Event/MultiTalk/BinaryData/Perform/LILY/meijiMO/whiteday2012/00/CMTPerData_LILY_meijiMO_whiteday2012_000_004.bin	11298
reimagine	multitalk	Event/MultiTalk/BinaryData/Perform/LILY/meijiMO/whiteday2012/00/CMTPerData_LILY_meijiMO_whiteday2012_000_005.bin	10302
reimagine	multitalk	Event/MultiTalk/BinaryData/Perform/LILY/meijiMO/whiteday2012/00/CMTPerData_LILY_meijiMO_whiteday2012_000_006.bin	12958
reimagine	multitalk	Event/MultiTalk/BinaryData/Perform/LILY/meijiMO/whiteday2012/00/CMTPerData_LILY_meijiMO_whiteday2012_000_007.bin	10634
reimagine	multitalk	Event/MultiTalk/BinaryData/Perform/LILY/meijiMO/whiteday2012/00/CMTPerData_LILY_meijiMO_whiteday2012_000_099.bin	1338
reimagine	multitalk	Event/MultiTalk/BinaryData/Perform/LORIE/baberu/COC01/00/CMTPerData_LORIE_baberu_COC01_000_001.bin	1006
reimagine	multitalk	Event/MultiTalk/BinaryData/Perform/LORIE/baberu/COC01/00/CMTPerData_LORIE_baberu_COC01_000_002.bin	2666
reimagine	multitalk	Event/MultiTalk/BinaryData/Perform/LORIE/baberu/COC01/00/CMTPerData_LORIE_baberu_COC01_000_003.bin	2998
reimagine	multitalk	Event/MultiTalk/BinaryData/Perform/LORIE/baberu/COC01/00/CMTPerData_LORIE_baberu_COC01_000_004.bin	2666
reimagine	multitalk	Event/MultiTalk/BinaryData/Perform/LORIE/baberu/COC01/00/CMTPerData_LORIE_baberu_COC01_000_005.bin	342
reimagine	multitalk	Event/MultiTalk/BinaryData/Perform/LORIE/baberu/COC01/00/CMTPerData_LORIE_baberu_COC01_000_006.bin	342
reimagine	multitalk	Event/MultiTalk/BinaryData/Perform/LORIE/baberu/COC01/00/CMTPerData_LORIE_baberu_COC01_000_007.bin	674
reimagine	multitalk	Event/MultiTalk/BinaryData/Perform/LORIE/baberu/COC01/00/CMTPerData_LORIE_baberu_COC01_000_008.bin	2666
reimagine	multitalk	Event/MultiTalk/BinaryData/Perform/LORIE/baberu/COC01/00/CMTPerData_LORIE_baberu_COC01_000_009.bin	674
reimagine	multitalk	Event/MultiTalk/BinaryData/Perform/LORIE/baberu/COC01/00/CMTPerData_LORIE_baberu_COC01_000_010.bin	2998
reimagine	multitalk	Event/MultiTalk/BinaryData/Perform/LORIE/baberu/COC01/00/CMTPerData_LORIE_baberu_COC01_000_011.bin	2002
reimagine	multitalk	Event/MultiTalk/BinaryData/Perform/LORIE/baberu/COC02/00/CMTPerData_LORIE_baberu_COC02_000_001.bin	342
reimagine	multitalk	Event/MultiTalk/BinaryData/Perform/LORIE/baberu/COC04/00/CMTPerData_LORIE_baberu_COC04_000_001.bin	1006
reimagine	multitalk	Event/MultiTalk/BinaryData/Perform/LORIE/baberu/COC04/00/CMTPerData_LORIE_baberu_COC04_000_002.bin	674
reimagine	multitalk	Event/MultiTalk/BinaryData/Perform/LORIE/baberu/COC04/00/CMTPerData_LORIE_baberu_COC04_000_003.bin	1338
reimagine	multitalk	Event/MultiTalk/BinaryData/Perform/LORIE/baberu/COC04/00/CMTPerData_LORIE_baberu_COC04_000_004.bin	674
reimagine	multitalk	Event/MultiTalk/BinaryData/Perform/LORIE/baberu/COC04/00/CMTPerData_LORIE_baberu_COC04_000_005.bin	674
reimagine	multitalk	Event/MultiTalk/BinaryData/Perform/LORIE/baberu/COC04/00/CMTPerData_LORIE_baberu_COC04_000_006.bin	674
reimagine	multitalk	Event/MultiTalk/BinaryData/Perform/LORIE/baberu/COC04/00/CMTPerData_LORIE_baberu_COC04_000_007.bin	2334
reimagine	multitalk	Event/MultiTalk/BinaryData/Perform/LORIE/baberu/COC05/00/CMTPerData_LORIE_baberu_COC05_000_001.bin	1338
reimagine	multitalk	Event/MultiTalk/BinaryData/Perform/LORIE/baberu/COC06/00/CMTPerData_LORIE_baberu_COC06_000_001.bin	674
reimagine	multitalk	Event/MultiTalk/BinaryData/Perform/LORIE/baberu/COC06/00/CMTPerData_LORIE_baberu_COC06_000_002.bin	1006
reimagine	multitalk	Event/MultiTalk/BinaryData/Perform/LORIE/baberu/COC06/00/CMTPerData_LORIE_baberu_COC06_000_003.bin	674
reimagine	multitalk	Event/MultiTalk/BinaryData/Perform/LORIE/baberu/COC07/00/CMTPerData_LORIE_baberu_COC07_000_001.bin	1006
reimagine	multitalk	Event/MultiTalk/BinaryData/Perform/LORIE/baberu/COC07/00/CMTPerData_LORIE_baberu_COC07_000_002.bin	4658
reimagine	multitalk	Event/MultiTalk/BinaryData/Perform/LORIE/baberu/COC07/00/CMTPerData_LORIE_baberu_COC07_000_003.bin	674
reimagine	multitalk	Event/MultiTalk/BinaryData/Perform/LORIE/baberu/COC07/00/CMTPerData_LORIE_baberu_COC07_000_004.bin	1006
reimagine	multitalk	Event/MultiTalk/BinaryData/Perform/LORIE/baberu/COC07/00/CMTPerData_LORIE_baberu_COC07_000_005.bin	4658
reimagine	multitalk	Event/MultiTalk/BinaryData/Perform/LORIE/baberu/COC07/00/CMTPerData_LORIE_baberu_COC07_000_006.bin	1338
reimagine	multitalk	Event/MultiTalk/BinaryData/Perform/LORIE/baberu/COC08/00/CMTPerData_LORIE_baberu_COC08_000_001.bin	1338
reimagine	multitalk	Event/MultiTalk/BinaryData/Perform/LORIE/baberu/COC08/00/CMTPerData_LORIE_baberu_COC08_000_002.bin	1670
reimagine	multitalk	Event/MultiTalk/BinaryData/Perform/LORIE/baberu/COC08/00/CMTPerData_LORIE_baberu_COC08_000_003.bin	2334
reimagine	multitalk	Event/MultiTalk/BinaryData/Perform/LORIE/baberu/COC11/00/CMTPerData_LORIE_baberu_COC11_000_001.bin	3994
reimagine	multitalk	Event/MultiTalk/BinaryData/Perform/LORIE/baberu/COC11/00/CMTPerData_LORIE_baberu_COC11_000_002.bin	1006
reimagine	multitalk	Event/MultiTalk/BinaryData/Perform/LORIE/baberu/COC11/00/CMTPerData_LORIE_baberu_COC11_000_003.bin	1338
reimagine	multitalk	Event/MultiTalk/BinaryData/Perform/LORIE/baberu/COC11/00/CMTPerData_LORIE_baberu_COC11_000_004.bin	2002
reimagine	multitalk	Event/MultiTalk/BinaryData/Perform/LORIE/baberu/COC11/00/CMTPerData_LORIE_baberu_COC11_000_005.bin	2002
reimagine	multitalk	Event/MultiTalk/BinaryData/Perform/LORIE/baberu/COC11/00/CMTPerData_LORIE_baberu_COC11_000_006.bin	1006
reimagine	multitalk	Event/MultiTalk/BinaryData/Perform/LORIE/baberu/COC11/00/CMTPerData_LORIE_baberu_COC11_000_007.bin	1006
reimagine	multitalk	Event/MultiTalk/BinaryData/Perform/LORIE/baberu/COC11/00/CMTPerData_LORIE_baberu_COC11_000_008.bin	2002
reimagine	multitalk	Event/MultiTalk/BinaryData/Perform/LORIE/baberu/COC11/00/CMTPerData_LORIE_baberu_COC11_000_009.bin	3662
reimagine	multitalk	Event/MultiTalk/BinaryData/Perform/LORIE/baberu/COC11/00/CMTPerData_LORIE_baberu_COC11_000_010.bin	2002
reimagine	multitalk	Event/MultiTalk/BinaryData/Perform/LORIE/baberu/COC11/00/CMTPerData_LORIE_baberu_COC11_000_011.bin	2002
reimagine	multitalk	Event/MultiTalk/BinaryData/Perform/LORIE/baberu/COC11/00/CMTPerData_LORIE_baberu_COC11_000_012.bin	1006
reimagine	multitalk	Event/MultiTalk/BinaryData/Perform/LORIE/baberu/COC11/00/CMTPerData_LORIE_baberu_COC11_000_013.bin	1006
reimagine	multitalk	Event/MultiTalk/BinaryData/Perform/LORIE/baberu/COC11/00/CMTPerData_LORIE_baberu_COC11_000_014.bin	1006
reimagine	multitalk	Event/MultiTalk/BinaryData/Perform/LORIE/baberu/COC11/00/CMTPerData_LORIE_baberu_COC11_000_015.bin	3330
reimagine	multitalk	Event/MultiTalk/BinaryData/Perform/MACHA/quartzMO/2012KAKIEV/01/CMTPerData_MACHA_quartzMO_2012KAKIEV_001_001.bin	10634
reimagine	multitalk	Event/MultiTalk/BinaryData/Perform/MADAME/protophia/EP19/00/CMTPerData_MADAME_protophia_EP19_000_001.bin	10302
reimagine	multitalk	Event/MultiTalk/BinaryData/Perform/MADAME/protophia/EP19/00/CMTPerData_MADAME_protophia_EP19_000_002.bin	3662
reimagine	multitalk	Event/MultiTalk/BinaryData/Perform/MADAME/protophia/EP19/00/CMTPerData_MADAME_protophia_EP19_000_003.bin	7978
reimagine	multitalk	Event/MultiTalk/BinaryData/Perform/MADAME/protophia/EP19/00/CMTPerData_MADAME_protophia_EP19_000_004.bin	2998
reimagine	multitalk	Event/MultiTalk/BinaryData/Perform/MADAME/protophia/EP20/00/CMTPerData_MADAME_protophia_EP20_000_001.bin	11962
reimagine	multitalk	Event/MultiTalk/BinaryData/Perform/METATRON/Spiritual/EP20/00/CMTPerData_METATRON_Spiritual_EP20_000_001.bin	9306
reimagine	multitalk	Event/MultiTalk/BinaryData/Perform/METATRON/Spiritual/EP20/00/CMTPerData_METATRON_Spiritual_EP20_000_002.bin	8310
reimagine	multitalk	Event/MultiTalk/BinaryData/Perform/MICCHI/souhon/COC01/00/CMTPerData_MICCHI_souhon_COC01_000_001.bin	674
reimagine	multitalk	Event/MultiTalk/BinaryData/Perform/MICCHI/souhon/COC01/00/CMTPerData_MICCHI_souhon_COC01_000_002.bin	2666
reimagine	multitalk	Event/MultiTalk/BinaryData/Perform/MICCHI/souhon/COC01/00/CMTPerData_MICCHI_souhon_COC01_000_003.bin	2998
reimagine	multitalk	Event/MultiTalk/BinaryData/Perform/MICCHI/souhon/COC02/00/CMTPerData_MICCHI_souhon_COC02_000_001.bin	1670
reimagine	multitalk	Event/MultiTalk/BinaryData/Perform/MICCHI/souhon/COC02/00/CMTPerData_MICCHI_souhon_COC02_000_002.bin	674
reimagine	multitalk	Event/MultiTalk/BinaryData/Perform/MICCHI/souhon/COC02/00/CMTPerData_MICCHI_souhon_COC02_000_003.bin	1006
reimagine	multitalk	Event/MultiTalk/BinaryData/Perform/MICCHI/souhon/COC04/00/CMTPerData_MICCHI_souhon_COC04_000_001.bin	1006
reimagine	multitalk	Event/MultiTalk/BinaryData/Perform/MICCHI/souhon/COC04/00/CMTPerData_MICCHI_souhon_COC04_000_002.bin	1006
reimagine	multitalk	Event/MultiTalk/BinaryData/Perform/MICCHI/souhon/COC04/00/CMTPerData_MICCHI_souhon_COC04_000_003.bin	2002
reimagine	multitalk	Event/MultiTalk/BinaryData/Perform/MICCHI/souhon/COC04/00/CMTPerData_MICCHI_souhon_COC04_000_004.bin	674
reimagine	multitalk	Event/MultiTalk/BinaryData/Perform/MICCHI/souhon/COC04/00/CMTPerData_MICCHI_souhon_COC04_000_005.bin	674
reimagine	multitalk	Event/MultiTalk/BinaryData/Perform/MICCHI/souhon/COC04/00/CMTPerData_MICCHI_souhon_COC04_000_006.bin	1006
reimagine	multitalk	Event/MultiTalk/BinaryData/Perform/MICCHI/souhon/COC04/00/CMTPerData_MICCHI_souhon_COC04_000_007.bin	674
reimagine	multitalk	Event/MultiTalk/BinaryData/Perform/MICCHI/souhon/COC04/00/CMTPerData_MICCHI_souhon_COC04_000_008.bin	674
reimagine	multitalk	Event/MultiTalk/BinaryData/Perform/MICCHI/souhon/COC05/00/CMTPerData_MICCHI_souhon_COC05_000_001.bin	2666
reimagine	multitalk	Event/MultiTalk/BinaryData/Perform/MICCHI/souhon/COC05/00/CMTPerData_MICCHI_souhon_COC05_000_002.bin	1338
reimagine	multitalk	Event/MultiTalk/BinaryData/Perform/MICCHI/souhon/COC05/00/CMTPerData_MICCHI_souhon_COC05_000_003.bin	1338
reimagine	multitalk	Event/MultiTalk/BinaryData/Perform/MICCHI/souhon/COC06/00/CMTPerData_MICCHI_souhon_COC06_000_001.bin	1006
reimagine	multitalk	Event/MultiTalk/BinaryData/Perform/MICCHI/souhon/COC06/00/CMTPerData_MICCHI_souhon_COC06_000_002.bin	1338
reimagine	multitalk	Event/MultiTalk/BinaryData/Perform/MICCHI/souhon/COC06/00/CMTPerData_MICCHI_souhon_COC06_000_003.bin	1670
reimagine	multitalk	Event/MultiTalk/BinaryData/Perform/MIRWA/3Hannyu/COC11/00/CMTPerData_MIRWA_3Hannyu_COC11_000_001.bin	7314
reimagine	multitalk	Event/MultiTalk/BinaryData/Perform/MIRWA/baberu/COC01/00/CMTPerData_MIRWA_baberu_COC01_000_001.bin	342
reimagine	multitalk	Event/MultiTalk/BinaryData/Perform/MIRWA/baberu/COC01/00/CMTPerData_MIRWA_baberu_COC01_000_002.bin	342
reimagine	multitalk	Event/MultiTalk/BinaryData/Perform/MIRWA/baberu/COC01/00/CMTPerData_MIRWA_baberu_COC01_000_003.bin	342
reimagine	multitalk	Event/MultiTalk/BinaryData/Perform/MIRWA/baberu/COC01/00/CMTPerData_MIRWA_baberu_COC01_000_004.bin	674
reimagine	multitalk	Event/MultiTalk/BinaryData/Perform/MIRWA/baberu/COC02/00/CMTPerData_MIRWA_baberu_COC02_000_001.bin	2002
reimagine	multitalk	Event/MultiTalk/BinaryData/Perform/MIRWA/baberu/COC02/00/CMTPerData_MIRWA_baberu_COC02_000_002.bin	2334
reimagine	multitalk	Event/MultiTalk/BinaryData/Perform/MIRWA/baberu/COC02/00/CMTPerData_MIRWA_baberu_COC02_000_003.bin	674
reimagine	multitalk	Event/MultiTalk/BinaryData/Perform/MIRWA/baberu/COC04/00/CMTPerData_MIRWA_baberu_COC04_000_001.bin	674
reimagine	multitalk	Event/MultiTalk/BinaryData/Perform/MIRWA/baberu/COC04/00/CMTPerData_MIRWA_baberu_COC04_000_002.bin	674
reimagine	multitalk	Event/MultiTalk/BinaryData/Perform/MIRWA/baberu/COC04/00/CMTPerData_MIRWA_baberu_COC04_000_003.bin	674
reimagine	multitalk	Event/MultiTalk/BinaryData/Perform/MIRWA/baberu/COC04/00/CMTPerData_MIRWA_baberu_COC04_000_004.bin	1006
reimagine	multitalk	Event/MultiTalk/BinaryData/Perform/MIRWA/baberu/COC04/00/CMTPerData_MIRWA_baberu_COC04_000_005.bin	342
reimagine	multitalk	Event/MultiTalk/BinaryData/Perform/MIRWA/baberu/COC05/00/CMTPerData_MIRWA_baberu_COC05_000_001.bin	342
reimagine	multitalk	Event/MultiTalk/BinaryData/Perform/MIRWA/baberu/COC05/00/CMTPerData_MIRWA_baberu_COC05_000_002.bin	674
reimagine	multitalk	Event/MultiTalk/BinaryData/Perform/MIRWA/baberu/COC05/00/CMTPerData_MIRWA_baberu_COC05_000_003.bin	674
reimagine	multitalk	Event/MultiTalk/BinaryData/Perform/MIRWA/baberu/COC06/00/CMTPerData_MIRWA_baberu_COC06_000_001.bin	674
reimagine	multitalk	Event/MultiTalk/BinaryData/Perform/MIRWA/baberu/COC08/00/CMTPerData_MIRWA_baberu_COC08_000_001.bin	2666
reimagine	multitalk	Event/MultiTalk/BinaryData/Perform/MIRWA/baberu/COC08/00/CMTPerData_MIRWA_baberu_COC08_000_002.bin	3994
reimagine	multitalk	Event/MultiTalk/BinaryData/Perform/MIRWA/baberu/COC08/00/CMTPerData_MIRWA_baberu_COC08_000_003.bin	1006
reimagine	multitalk	Event/MultiTalk/BinaryData/Perform/MIRWA/baberu/COC08/00/CMTPerData_MIRWA_baberu_COC08_000_004.bin	1338
reimagine	multitalk	Event/MultiTalk/BinaryData/Perform/MIRWA/baberu/COC08/00/CMTPerData_MIRWA_baberu_COC08_000_005.bin	1006
reimagine	multitalk	Event/MultiTalk/BinaryData/Perform/MIRWA/baberu/COC08/00/CMTPerData_MIRWA_baberu_COC08_000_006.bin	2002
reimagine	multitalk	Event/MultiTalk/BinaryData/Perform/MIRWA/hongoMo/COC08/00/CMTPerData_MIRWA_hongoMo_COC08_000_001.bin	2334
reimagine	multitalk	Event/MultiTalk/BinaryData/Perform/MIRWA/hongoMo/COC08/00/CMTPerData_MIRWA_hongoMo_COC08_000_002.bin	3662
reimagine	multitalk	Event/MultiTalk/BinaryData/Perform/MIRWA/hongoMo/COC08/00/CMTPerData_MIRWA_hongoMo_COC08_000_003.bin	7314
reimagine	multitalk	Event/MultiTalk/BinaryData/Perform/MIRWA/hongoMo/COC08/00/CMTPerData_MIRWA_hongoMo_COC08_000_004.bin	5322
reimagine	multitalk	Event/MultiTalk/BinaryData/Perform/MIRWA/hongoMo/COC08/00/CMTPerData_MIRWA_hongoMo_COC08_000_005.bin	5654
reimagine	multitalk	Event/MultiTalk/BinaryData/Perform/MIRWA/hongoMo/COC08/00/CMTPerData_MIRWA_hongoMo_COC08_000_006.bin	30222
reimagine	multitalk	Event/MultiTalk/BinaryData/Perform/MIRWA/hongoMo/COC08/00/CMTPerData_MIRWA_hongoMo_COC08_000_007.bin	10966
reimagine	multitalk	Event/MultiTalk/BinaryData/Perform/MIRWA/ichiF/COC08/00/CMTPerData_MIRWA_ichiF_COC08_000_001.bin	1670
reimagine	multitalk	Event/MultiTalk/BinaryData/Perform/MIRWA/ichiF/COC08/00/CMTPerData_MIRWA_ichiF_COC08_000_002.bin	2334
reimagine	multitalk	Event/MultiTalk/BinaryData/Perform/MIRWA/ichiF/COC08/00/CMTPerData_MIRWA_ichiF_COC08_000_003.bin	2334
reimagine	multitalk	Event/MultiTalk/BinaryData/Perform/MIRWA/shindog/COC07/00/CMTPerData_MIRWA_shindog_COC07_000_001.bin	1670
reimagine	multitalk	Event/MultiTalk/BinaryData/Perform/MIRWA/shindog/COC07/00/CMTPerData_MIRWA_shindog_COC07_000_002.bin	2666
reimagine	multitalk	Event/MultiTalk/BinaryData/Perform/MIRWA/shindog/COC07/00/CMTPerData_MIRWA_shindog_COC07_000_003.bin	6650
reimagine	multitalk	Event/MultiTalk/BinaryData/Perform/MIRWA/shindog/COC07/00/CMTPerData_MIRWA_shindog_COC07_000_004.bin	3330
reimagine	multitalk	Event/MultiTalk/BinaryData/Perform/MIRWA/shindog/COC07/00/CMTPerData_MIRWA_shindog_COC07_000_005.bin	3662
reimagine	multitalk	Event/MultiTalk/BinaryData/Perform/MIRWA/shindog/COC07/00/CMTPerData_MIRWA_shindog_COC07_000_006.bin	2334
reimagine	multitalk	Event/MultiTalk/BinaryData/Perform/MIRWA/shindog/COC07/00/CMTPerData_MIRWA_shindog_COC07_000_007.bin	2002
reimagine	multitalk	Event/MultiTalk/BinaryData/Perform/MIRWA/shindog/COC07/00/CMTPerData_MIRWA_shindog_COC07_000_008.bin	8310
reimagine	multitalk	Event/MultiTalk/BinaryData/Perform/MIRWA/shindog/COC07/00/CMTPerData_MIRWA_shindog_COC07_000_009.bin	8974
reimagine	multitalk	Event/MultiTalk/BinaryData/Perform/MORRIGHAN/arcadia/2012KAKIEV/02/CMTPerData_MORRIGHAN_arcadia_2012KAKIEV_002_001.bin	3994
reimagine	multitalk	Event/MultiTalk/BinaryData/Perform/MORRIGHAN/arcadia/2012KAKIEV/02/CMTPerData_MORRIGHAN_arcadia_2012KAKIEV_002_002.bin	4658
reimagine	multitalk	Event/MultiTalk/BinaryData/Perform/MORRIGHAN/arcadia/2012KAKIEV/02/CMTPerData_MORRIGHAN_arcadia_2012KAKIEV_002_003.bin	5986
reimagine	multitalk	Event/MultiTalk/BinaryData/Perform/MORRIGHAN/arcadia/2012KAKIEV/02/CMTPerData_MORRIGHAN_arcadia_2012KAKIEV_002_004.bin	2666
reimagine	multitalk	Event/MultiTalk/BinaryData/Perform/MORRIGHAN/quartzMO/2012KAKIEV/02/CMTPerData_MORRIGHAN_quartzMO_2012KAKIEV_002_001.bin	5986
reimagine	multitalk	Event/MultiTalk/BinaryData/Perform/NAGASHIMA/baberu/2013summer/00/CMTPerData_NAGASHIMA_baberu_2013summer_000_000.bin	6318
reimagine	multitalk	Event/MultiTalk/BinaryData/Perform/NAGASHIMA/baberu/2013summer/00/CMTPerData_NAGASHIMA_baberu_2013summer_000_001.bin	674
reimagine	multitalk	Event/MultiTalk/BinaryData/Perform/NAGASHIMA/baberu/2013summer/00/CMTPerData_NAGASHIMA_baberu_2013summer_000_002.bin	342
reimagine	multitalk	Event/MultiTalk/BinaryData/Perform/NAGASHIMA/baberu/2013summer/00/CMTPerData_NAGASHIMA_baberu_2013summer_000_003.bin	674
reimagine	multitalk	Event/MultiTalk/BinaryData/Perform/NAGASHIMA/baberu/2013summer/00/CMTPerData_NAGASHIMA_baberu_2013summer_000_004.bin	2334
reimagine	multitalk	Event/MultiTalk/BinaryData/Perform/NAGASHIMA/baberu/2013summer/00/CMTPerData_NAGASHIMA_baberu_2013summer_000_005.bin	342
reimagine	multitalk	Event/MultiTalk/BinaryData/Perform/NAGASHIMA/baberu/2013summer/00/CMTPerData_NAGASHIMA_baberu_2013summer_000_006.bin	674
reimagine	multitalk	Event/MultiTalk/BinaryData/Perform/NAGASHIMA/baberu/2013summer/00/CMTPerData_NAGASHIMA_baberu_2013summer_000_007.bin	342
reimagine	multitalk	Event/MultiTalk/BinaryData/Perform/NAGASHIMA/baberu/2013summer/00/CMTPerData_NAGASHIMA_baberu_2013summer_000_008.bin	342
reimagine	multitalk	Event/MultiTalk/BinaryData/Perform/NAGASHIMA/baberu/2013summer/00/CMTPerData_NAGASHIMA_baberu_2013summer_000_009.bin	342
reimagine	multitalk	Event/MultiTalk/BinaryData/Perform/NAGASHIMA/baberu/2013summer/00/CMTPerData_NAGASHIMA_baberu_2013summer_000_010.bin	342
reimagine	multitalk	Event/MultiTalk/BinaryData/Perform/NAGASHIMA/baberu/2013summer/00/CMTPerData_NAGASHIMA_baberu_2013summer_000_011.bin	342
reimagine	multitalk	Event/MultiTalk/BinaryData/Perform/NAGASHIMA/baberu/2013summer/00/CMTPerData_NAGASHIMA_baberu_2013summer_000_012.bin	1338
reimagine	multitalk	Event/MultiTalk/BinaryData/Perform/NAGASHIMA/baberu/2013summer/00/CMTPerData_NAGASHIMA_baberu_2013summer_000_013.bin	674
reimagine	multitalk	Event/MultiTalk/BinaryData/Perform/NAGASHIMA/baberu/2013summer/00/CMTPerData_NAGASHIMA_baberu_2013summer_000_014.bin	342
reimagine	multitalk	Event/MultiTalk/BinaryData/Perform/NAGASHIMA/baberu/2013summer/00/CMTPerData_NAGASHIMA_baberu_2013summer_000_015.bin	674
reimagine	multitalk	Event/MultiTalk/BinaryData/Perform/NAGASHIMA/baberu/2013summer/00/CMTPerData_NAGASHIMA_baberu_2013summer_000_016.bin	342
reimagine	multitalk	Event/MultiTalk/BinaryData/Perform/NAGASHIMA/baberu/2013summer/00/CMTPerData_NAGASHIMA_baberu_2013summer_000_017.bin	342
reimagine	multitalk	Event/MultiTalk/BinaryData/Perform/NAGASHIMA/baberu/2013summer/00/CMTPerData_NAGASHIMA_baberu_2013summer_000_018.bin	674
reimagine	multitalk	Event/MultiTalk/BinaryData/Perform/NAGASHIMA/baberu/2013summer/00/CMTPerData_NAGASHIMA_baberu_2013summer_000_019.bin	342
reimagine	multitalk	Event/MultiTalk/BinaryData/Perform/NORA/baberu/COC01/00/CMTPerData_NORA_baberu_COC01_000_001.bin	674
reimagine	multitalk	Event/MultiTalk/BinaryData/Perform/NORA/baberu/COC01/00/CMTPerData_NORA_baberu_COC01_000_002.bin	6318
reimagine	multitalk	Event/MultiTalk/BinaryData/Perform/NORA/baberu/COC01/00/CMTPerData_NORA_baberu_COC01_000_003.bin	6982
reimagine	multitalk	Event/MultiTalk/BinaryData/Perform/NORA/baberu/COC01/00/CMTPerData_NORA_baberu_COC01_000_004.bin	674
reimagine	multitalk	Event/MultiTalk/BinaryData/Perform/NORA/baberu/COC01/00/CMTPerData_NORA_baberu_COC01_000_005.bin	342
reimagine	multitalk	Event/MultiTalk/BinaryData/Perform/NORA/baberu/COC01/00/CMTPerData_NORA_baberu_COC01_000_006.bin	342
reimagine	multitalk	Event/MultiTalk/BinaryData/Perform/NORA/baberu/COC01/00/CMTPerData_NORA_baberu_COC01_000_007.bin	1006
reimagine	multitalk	Event/MultiTalk/BinaryData/Perform/NORA/baberu/COC01/00/CMTPerData_NORA_baberu_COC01_000_008.bin	342
reimagine	multitalk	Event/MultiTalk/BinaryData/Perform/NORA/baberu/COC01/00/CMTPerData_NORA_baberu_COC01_000_009.bin	674
reimagine	multitalk	Event/MultiTalk/BinaryData/Perform/NORA/baberu/COC01/00/CMTPerData_NORA_baberu_COC01_000_010.bin	6318
reimagine	multitalk	Event/MultiTalk/BinaryData/Perform/NORA/baberu/COC01/00/CMTPerData_NORA_baberu_COC01_000_011.bin	1338
reimagine	multitalk	Event/MultiTalk/BinaryData/Perform/NORA/baberu/COC01/00/CMTPerData_NORA_baberu_COC01_000_012.bin	6982
reimagine	multitalk	Event/MultiTalk/BinaryData/Perform/NORA/baberu/COC01/00/CMTPerData_NORA_baberu_COC01_000_013.bin	674
reimagine	multitalk	Event/MultiTalk/BinaryData/Perform/NORA/baberu/COC01/00/CMTPerData_NORA_baberu_COC01_000_014.bin	1338
reimagine	multitalk	Event/MultiTalk/BinaryData/Perform/NORA/baberu/COC01/00/CMTPerData_NORA_baberu_COC01_000_015.bin	1006
reimagine	multitalk	Event/MultiTalk/BinaryData/Perform/NORA/baberu/COC01/00/CMTPerData_NORA_baberu_COC01_000_016.bin	1338
reimagine	multitalk	Event/MultiTalk/BinaryData/Perform/NORA/baberu/COC01/00/CMTPerData_NORA_baberu_COC01_000_017.bin	1338
reimagine	multitalk	Event/MultiTalk/BinaryData/Perform/NORA/baberu/COC01/00/CMTPerData_NORA_baberu_COC01_000_018.bin	1006
reimagine	multitalk	Event/MultiTalk/BinaryData/Perform/NORA/baberu/COC02/00/CMTPerData_NORA_baberu_COC02_000_001.bin	674
reimagine	multitalk	Event/MultiTalk/BinaryData/Perform/NORA/baberu/COC02/00/CMTPerData_NORA_baberu_COC02_000_002.bin	1006
reimagine	multitalk	Event/MultiTalk/BinaryData/Perform/NORA/baberu/COC02/00/CMTPerData_NORA_baberu_COC02_000_003.bin	674
reimagine	multitalk	Event/MultiTalk/BinaryData/Perform/NORA/baberu/COC02/00/CMTPerData_NORA_baberu_COC02_000_004.bin	1338
reimagine	multitalk	Event/MultiTalk/BinaryData/Perform/NORA/baberu/COC02/00/CMTPerData_NORA_baberu_COC02_000_005.bin	2334
reimagine	multitalk	Event/MultiTalk/BinaryData/Perform/NORA/baberu/COC02/00/CMTPerData_NORA_baberu_COC02_000_006.bin	1338
reimagine	multitalk	Event/MultiTalk/BinaryData/Perform/NORA/baberu/COC04/00/CMTPerData_NORA_baberu_COC04_000_001.bin	1670
reimagine	multitalk	Event/MultiTalk/BinaryData/Perform/NORA/baberu/COC04/00/CMTPerData_NORA_baberu_COC04_000_002.bin	1338
reimagine	multitalk	Event/MultiTalk/BinaryData/Perform/NORA/baberu/COC04/00/CMTPerData_NORA_baberu_COC04_000_003.bin	3330
reimagine	multitalk	Event/MultiTalk/BinaryData/Perform/NORA/baberu/COC04/00/CMTPerData_NORA_baberu_COC04_000_004.bin	1670
reimagine	multitalk	Event/MultiTalk/BinaryData/Perform/NORA/baberu/COC04/00/CMTPerData_NORA_baberu_COC04_000_005.bin	1338
reimagine	multitalk	Event/MultiTalk/BinaryData/Perform/NORA/baberu/COC04/00/CMTPerData_NORA_baberu_COC04_000_006.bin	1670
reimagine	multitalk	Event/MultiTalk/BinaryData/Perform/NORA/baberu/COC05/00/CMTPerData_NORA_baberu_COC05_000_001.bin	1338
reimagine	multitalk	Event/MultiTalk/BinaryData/Perform/NORA/baberu/COC05/00/CMTPerData_NORA_baberu_COC05_000_002.bin	1670
reimagine	multitalk	Event/MultiTalk/BinaryData/Perform/NORA/baberu/COC05/00/CMTPerData_NORA_baberu_COC05_000_003.bin	1338
reimagine	multitalk	Event/MultiTalk/BinaryData/Perform/NORA/baberu/COC05/00/CMTPerData_NORA_baberu_COC05_000_004.bin	1338
reimagine	multitalk	Event/MultiTalk/BinaryData/Perform/NORA/baberu/COC05/00/CMTPerData_NORA_baberu_COC05_000_005.bin	3662
reimagine	multitalk	Event/MultiTalk/BinaryData/Perform/NORA/baberu/COC05/00/CMTPerData_NORA_baberu_COC05_000_006.bin	1338
reimagine	multitalk	Event/MultiTalk/BinaryData/Perform/NORA/baberu/COC06/00/CMTPerData_NORA_baberu_COC06_000_001.bin	1338
reimagine	multitalk	Event/MultiTalk/BinaryData/Perform/NORA/baberu/COC06/00/CMTPerData_NORA_baberu_COC06_000_002.bin	1670
reimagine	multitalk	Event/MultiTalk/BinaryData/Perform/NORA/baberu/COC06/00/CMTPerData_NORA_baberu_COC06_000_003.bin	1338
reimagine	multitalk	Event/MultiTalk/BinaryData/Perform/NORA/baberu/COC06/00/CMTPerData_NORA_baberu_COC06_000_004.bin	1338
reimagine	multitalk	Event/MultiTalk/BinaryData/Perform/NORA/baberu/COC06/00/CMTPerData_NORA_baberu_COC06_000_005.bin	3662
reimagine	multitalk	Event/MultiTalk/BinaryData/Perform/NORA/baberu/COC06/00/CMTPerData_NORA_baberu_COC06_000_006.bin	1338
reimagine	multitalk	Event/MultiTalk/BinaryData/Perform/NORA/baberu/COC07/00/CMTPerData_NORA_baberu_COC07_000_001.bin	3994
reimagine	multitalk	Event/MultiTalk/BinaryData/Perform/NORA/baberu/COC07/00/CMTPerData_NORA_baberu_COC07_000_002.bin	2998
reimagine	multitalk	Event/MultiTalk/BinaryData/Perform/NORA/baberu/COC07/00/CMTPerData_NORA_baberu_COC07_000_003.bin	4658
reimagine	multitalk	Event/MultiTalk/BinaryData/Perform/NORA/baberu/COC07/00/CMTPerData_NORA_baberu_COC07_000_004.bin	18602
reimagine	multitalk	Event/MultiTalk/BinaryData/Perform/NORA/baberu/COC07/00/CMTPerData_NORA_baberu_COC07_000_005.bin	3662
reimagine	multitalk	Event/MultiTalk/BinaryData/Perform/NORA/baberu/COC07/00/CMTPerData_NORA_baberu_COC07_000_006.bin	5654
reimagine	multitalk	Event/MultiTalk/BinaryData/Perform/NORA/baberu/COC07/00/CMTPerData_NORA_baberu_COC07_000_007.bin	2998
reimagine	multitalk	Event/MultiTalk/BinaryData/Perform/NORA/baberu/COC07/00/CMTPerData_NORA_baberu_COC07_000_008.bin	4326
reimagine	multitalk	Event/MultiTalk/BinaryData/Perform/NORA/baberu/COC07/00/CMTPerData_NORA_baberu_COC07_000_009.bin	5654
reimagine	multitalk	Event/MultiTalk/BinaryData/Perform/NORA/baberu/COC07/00/CMTPerData_NORA_baberu_COC07_000_010.bin	3330
reimagine	multitalk	Event/MultiTalk/BinaryData/Perform/NORA/baberu/COC07/00/CMTPerData_NORA_baberu_COC07_000_011.bin	3994
reimagine	multitalk	Event/MultiTalk/BinaryData/Perform/NORA/baberu/COC07/00/CMTPerData_NORA_baberu_COC07_000_012.bin	3330
reimagine	multitalk	Event/MultiTalk/BinaryData/Perform/NORA/baberu/COC07/00/CMTPerData_NORA_baberu_COC07_000_013.bin	3330
reimagine	multitalk	Event/MultiTalk/BinaryData/Perform/NORA/baberu/COC07/00/CMTPerData_NORA_baberu_COC07_000_014.bin	2998
reimagine	multitalk	Event/MultiTalk/BinaryData/Perform/NORA/baberu/COC07/00/CMTPerData_NORA_baberu_COC07_000_015.bin	4326
reimagine	multitalk	Event/MultiTalk/BinaryData/Perform/NORA/baberu/COC07/00/CMTPerData_NORA_baberu_COC07_000_016.bin	2998
reimagine	multitalk	Event/MultiTalk/BinaryData/Perform/NORA/baberu/COC08/00/CMTPerData_NORA_baberu_COC08_000_001.bin	1670
reimagine	multitalk	Event/MultiTalk/BinaryData/Perform/NORA/baberu/COC08/00/CMTPerData_NORA_baberu_COC08_000_002.bin	2002
reimagine	multitalk	Event/MultiTalk/BinaryData/Perform/NORA/baberu/COC08/00/CMTPerData_NORA_baberu_COC08_000_003.bin	2002
reimagine	multitalk	Event/MultiTalk/BinaryData/Perform/NORA/baberu/COC08/00/CMTPerData_NORA_baberu_COC08_000_004.bin	2002
reimagine	multitalk	Event/MultiTalk/BinaryData/Perform/NORA/baberu/COC08/00/CMTPerData_NORA_baberu_COC08_000_005.bin	2002
reimagine	multitalk	Event/MultiTalk/BinaryData/Perform/NORA/baberu/COC08/00/CMTPerData_NORA_baberu_COC08_000_006.bin	2334
reimagine	multitalk	Event/MultiTalk/BinaryData/Perform/OBABA/baberu/COC00/00/CMTPerData_OBABA_baberu_COC00_000_001.bin	674
reimagine	multitalk	Event/MultiTalk/BinaryData/Perform/OBABA/baberu/COC00/00/CMTPerData_OBABA_baberu_COC00_000_002.bin	674
reimagine	multitalk	Event/MultiTalk/BinaryData/Perform/OBABA/baberu/COC00/00/CMTPerData_OBABA_baberu_COC00_000_003.bin	342
reimagine	multitalk	Event/MultiTalk/BinaryData/Perform/OBABA/baberu/COC00/00/CMTPerData_OBABA_baberu_COC00_000_004.bin	1006
reimagine	multitalk	Event/MultiTalk/BinaryData/Perform/OBABA/baberu/COC00/00/CMTPerData_OBABA_baberu_COC00_000_005.bin	1006
reimagine	multitalk	Event/MultiTalk/BinaryData/Perform/OBABA/baberu/COC00/00/CMTPerData_OBABA_baberu_COC00_000_006.bin	342
reimagine	multitalk	Event/MultiTalk/BinaryData/Perform/OBABA/baberu/COC00/00/CMTPerData_OBABA_baberu_COC00_000_007.bin	674
reimagine	multitalk	Event/MultiTalk/BinaryData/Perform/OBABA/baberu/COC00/00/CMTPerData_OBABA_baberu_COC00_000_008.bin	674
reimagine	multitalk	Event/MultiTalk/BinaryData/Perform/OBABA/baberu/COC00/00/CMTPerData_OBABA_baberu_COC00_000_009.bin	1006
reimagine	multitalk	Event/MultiTalk/BinaryData/Perform/OBABA/baberu/COC00/00/CMTPerData_OBABA_baberu_COC00_000_010.bin	1006
reimagine	multitalk	Event/MultiTalk/BinaryData/Perform/OBABA/baberu/COC04/00/CMTPerData_OBABA_baberu_COC04_000_001.bin	342
reimagine	multitalk	Event/MultiTalk/BinaryData/Perform/OBABA/baberu/COC04/00/CMTPerData_OBABA_baberu_COC04_000_002.bin	342
reimagine	multitalk	Event/MultiTalk/BinaryData/Perform/OBABA/baberu/COC04/00/CMTPerData_OBABA_baberu_COC04_000_003.bin	1338
reimagine	multitalk	Event/MultiTalk/BinaryData/Perform/OBABA/baberu/COC04/00/CMTPerData_OBABA_baberu_COC04_000_004.bin	1338
reimagine	multitalk	Event/MultiTalk/BinaryData/Perform/OBABA/baberu/COC04/00/CMTPerData_OBABA_baberu_COC04_000_005.bin	342
reimagine	multitalk	Event/MultiTalk/BinaryData/Perform/OBABA/baberu/COC04/00/CMTPerData_OBABA_baberu_COC04_000_006.bin	342
reimagine	multitalk	Event/MultiTalk/BinaryData/Perform/OBABA/baberu/COC04/00/CMTPerData_OBABA_baberu_COC04_000_007.bin	1670
reimagine	multitalk	Event/MultiTalk/BinaryData/Perform/OBABA/baberu/COC04/00/CMTPerData_OBABA_baberu_COC04_000_008.bin	342
reimagine	multitalk	Event/MultiTalk/BinaryData/Perform/OBABA/baberu/COC04/00/CMTPerData_OBABA_baberu_COC04_000_009.bin	674
reimagine	multitalk	Event/MultiTalk/BinaryData/Perform/OBABA/baberu/COC04/00/CMTPerData_OBABA_baberu_COC04_000_010.bin	1006
reimagine	multitalk	Event/MultiTalk/BinaryData/Perform/OBABA/baberu/COC04/00/CMTPerData_OBABA_baberu_COC04_000_011.bin	674
reimagine	multitalk	Event/MultiTalk/BinaryData/Perform/OBABA/baberu/COC04/00/CMTPerData_OBABA_baberu_COC04_000_012.bin	674
reimagine	multitalk	Event/MultiTalk/BinaryData/Perform/OBABA/baberu/COC04/00/CMTPerData_OBABA_baberu_COC04_000_013.bin	1338
reimagine	multitalk	Event/MultiTalk/BinaryData/Perform/OBABA/baberu/COC04/00/CMTPerData_OBABA_baberu_COC04_000_014.bin	674
reimagine	multitalk	Event/MultiTalk/BinaryData/Perform/OBABA/baberu/COC04/00/CMTPerData_OBABA_baberu_COC04_000_015.bin	674
reimagine	multitalk	Event/MultiTalk/BinaryData/Perform/OBABA/baberu/COC05/00/CMTPerData_OBABA_baberu_COC05_000_001.bin	342
reimagine	multitalk	Event/MultiTalk/BinaryData/Perform/OBABA/baberu/COC06/00/CMTPerData_OBABA_baberu_COC06_000_001.bin	674
reimagine	multitalk	Event/MultiTalk/BinaryData/Perform/OBABA/baberu/COC06/00/CMTPerData_OBABA_baberu_COC06_000_002.bin	1006
reimagine	multitalk	Event/MultiTalk/BinaryData/Perform/OBABA/baberu/COC07/00/CMTPerData_OBABA_baberu_COC07_000_001.bin	1670
reimagine	multitalk	Event/MultiTalk/BinaryData/Perform/OBABA/baberu/COC07/00/CMTPerData_OBABA_baberu_COC07_000_002.bin	1338
reimagine	multitalk	Event/MultiTalk/BinaryData/Perform/OBABA/baberu/COC07/00/CMTPerData_OBABA_baberu_COC07_000_003.bin	2002
reimagine	multitalk	Event/MultiTalk/BinaryData/Perform/OBABA/baberu/COC07/00/CMTPerData_OBABA_baberu_COC07_000_004.bin	3994
reimagine	multitalk	Event/MultiTalk/BinaryData/Perform/OBABA/baberu/COC07/00/CMTPerData_OBABA_baberu_COC07_000_005.bin	1006
reimagine	multitalk	Event/MultiTalk/BinaryData/Perform/OBABA/baberu/COC08/00/CMTPerData_OBABA_baberu_COC08_000_001.bin	1338
reimagine	multitalk	Event/MultiTalk/BinaryData/Perform/OBABA/baberu/COC08/00/CMTPerData_OBABA_baberu_COC08_000_002.bin	2002
reimagine	multitalk	Event/MultiTalk/BinaryData/Perform/OBABA/baberu/COC08/00/CMTPerData_OBABA_baberu_COC08_000_003.bin	1670
reimagine	multitalk	Event/MultiTalk/BinaryData/Perform/OBABA/baberu/COC08/00/CMTPerData_OBABA_baberu_COC08_000_004.bin	2002
reimagine	multitalk	Event/MultiTalk/BinaryData/Perform/OBABA/baberu/COC08/00/CMTPerData_OBABA_baberu_COC08_000_005.bin	2334
reimagine	multitalk	Event/MultiTalk/BinaryData/Perform/OBABA/baberu/COC08/00/CMTPerData_OBABA_baberu_COC08_000_006.bin	2334
reimagine	multitalk	Event/MultiTalk/BinaryData/Perform/OBABA/baberu/COC09/00/CMTPerData_OBABA_baberu_COC09_000_001.bin	2002
reimagine	multitalk	Event/MultiTalk/BinaryData/Perform/OBABA/baberu/COC09/00/CMTPerData_OBABA_baberu_COC09_000_002.bin	1670
reimagine	multitalk	Event/MultiTalk/BinaryData/Perform/OBABA/baberu/COC09/00/CMTPerData_OBABA_baberu_COC09_000_003.bin	3662
reimagine	multitalk	Event/MultiTalk/BinaryData/Perform/OBABA/baberu/COC09/00/CMTPerData_OBABA_baberu_COC09_000_004.bin	2666
reimagine	multitalk	Event/MultiTalk/BinaryData/Perform/OBABA/baberu/COC09/00/CMTPerData_OBABA_baberu_COC09_000_005.bin	2002
reimagine	multitalk	Event/MultiTalk/BinaryData/Perform/OBABA/baberu/COC09/00/CMTPerData_OBABA_baberu_COC09_000_006.bin	2002
reimagine	multitalk	Event/MultiTalk/BinaryData/Perform/OBABA/baberu/COC09/00/CMTPerData_OBABA_baberu_COC09_000_007.bin	2002
reimagine	multitalk	Event/MultiTalk/BinaryData/Perform/OBABA/baberu/COC10/00/CMTPerData_OBABA_baberu_COC10_000_001.bin	1670
reimagine	multitalk	Event/MultiTalk/BinaryData/Perform/OBABA/baberu/COC10/00/CMTPerData_OBABA_baberu_COC10_000_002.bin	2334
reimagine	multitalk	Event/MultiTalk/BinaryData/Perform/OBABA/baberu/COC10/00/CMTPerData_OBABA_baberu_COC10_000_003.bin	3994
reimagine	multitalk	Event/MultiTalk/BinaryData/Perform/OBABA/baberu/COC10/00/CMTPerData_OBABA_baberu_COC10_000_004.bin	3330
reimagine	multitalk	Event/MultiTalk/BinaryData/Perform/OBERON/shinF/2012KAKIEV/01/CMTPerData_OBERON_shinF_2012KAKIEV_001_001.bin	10634
reimagine	multitalk	Event/MultiTalk/BinaryData/Perform/OBORO/3home/Horai/00/CMTPerData_OBORO_3home_Horai_000_001.bin	674
reimagine	multitalk	Event/MultiTalk/BinaryData/Perform/OBORO/3home/Horai/00/CMTPerData_OBORO_3home_Horai_000_002.bin	674
reimagine	multitalk	Event/MultiTalk/BinaryData/Perform/OBORO/3home/Horai/00/CMTPerData_OBORO_3home_Horai_000_003.bin	674
reimagine	multitalk	Event/MultiTalk/BinaryData/Perform/OBORO/3home/Horai/00/CMTPerData_OBORO_3home_Horai_000_004.bin	674
reimagine	multitalk	Event/MultiTalk/BinaryData/Perform/OBORO/3home/Horai/00/CMTPerData_OBORO_3home_Horai_000_005.bin	674
reimagine	multitalk	Event/MultiTalk/BinaryData/Perform/OBORO/3home/Horai/00/CMTPerData_OBORO_3home_Horai_000_006.bin	1670
reimagine	multitalk	Event/MultiTalk/BinaryData/Perform/OBORO/3home/Horai/00/CMTPerData_OBORO_3home_Horai_000_007.bin	1670
reimagine	multitalk	Event/MultiTalk/BinaryData/Perform/OBORO/3home/Horai/00/CMTPerData_OBORO_3home_Horai_000_008.bin	674
reimagine	multitalk	Event/MultiTalk/BinaryData/Perform/OBORO/3home/Horai/00/CMTPerData_OBORO_3home_Horai_000_009.bin	674
reimagine	multitalk	Event/MultiTalk/BinaryData/Perform/OBORO/3home/Horai/00/CMTPerData_OBORO_3home_Horai_000_010.bin	674
reimagine	multitalk	Event/MultiTalk/BinaryData/Perform/OBORO/3home/Horai/00/CMTPerData_OBORO_3home_Horai_000_011.bin	674
reimagine	multitalk	Event/MultiTalk/BinaryData/Perform/OBORO/3home/Horai/00/CMTPerData_OBORO_3home_Horai_000_012.bin	674
reimagine	multitalk	Event/MultiTalk/BinaryData/Perform/OBORO/3home/Horai/00/CMTPerData_OBORO_3home_Horai_000_013.bin	674
reimagine	multitalk	Event/MultiTalk/BinaryData/Perform/OBORO/3home/Horai/00/CMTPerData_OBORO_3home_Horai_000_014.bin	674
reimagine	multitalk	Event/MultiTalk/BinaryData/Perform/OBORO/3home/Horai/00/CMTPerData_OBORO_3home_Horai_000_015.bin	1670
reimagine	multitalk	Event/MultiTalk/BinaryData/Perform/OBORO/3home/Horai/00/CMTPerData_OBORO_3home_Horai_000_016.bin	1670
reimagine	multitalk	Event/MultiTalk/BinaryData/Perform/OBORO/3home/Horai/00/CMTPerData_OBORO_3home_Horai_000_017.bin	674
reimagine	multitalk	Event/MultiTalk/BinaryData/Perform/OBORO/3home/Horai/00/CMTPerData_OBORO_3home_Horai_000_018.bin	674
reimagine	multitalk	Event/MultiTalk/BinaryData/Perform/OBORO/3home/Horai/00/CMTPerData_OBORO_3home_Horai_000_019.bin	674
reimagine	multitalk	Event/MultiTalk/BinaryData/Perform/OBORO/3home/Horai/00/CMTPerData_OBORO_3home_Horai_000_020.bin	674
reimagine	multitalk	Event/MultiTalk/BinaryData/Perform/OBORO/3home/Horai/00/CMTPerData_OBORO_3home_Horai_000_021.bin	674
reimagine	multitalk	Event/MultiTalk/BinaryData/Perform/OBORO/3home/Horai/00/CMTPerData_OBORO_3home_Horai_000_022.bin	674
reimagine	multitalk	Event/MultiTalk/BinaryData/Perform/OBORO/3home/Horai/00/CMTPerData_OBORO_3home_Horai_000_023.bin	674
reimagine	multitalk	Event/MultiTalk/BinaryData/Perform/OBORO/3home/Horai/00/CMTPerData_OBORO_3home_Horai_000_024.bin	1670
reimagine	multitalk	Event/MultiTalk/BinaryData/Perform/OBORO/3home/Horai/00/CMTPerData_OBORO_3home_Horai_000_025.bin	1670
reimagine	multitalk	Event/MultiTalk/BinaryData/Perform/OBORO/3home/Horai/00/CMTPerData_OBORO_3home_Horai_000_026.bin	674
reimagine	multitalk	Event/MultiTalk/BinaryData/Perform/OBORO/3home/Horai/00/CMTPerData_OBORO_3home_Horai_000_027.bin	674
reimagine	multitalk	Event/MultiTalk/BinaryData/Perform/OBORO/3home/Horai/00/CMTPerData_OBORO_3home_Horai_000_028.bin	674
reimagine	multitalk	Event/MultiTalk/BinaryData/Perform/OBORO/3home/Horai/00/CMTPerData_OBORO_3home_Horai_000_029.bin	674
reimagine	multitalk	Event/MultiTalk/BinaryData/Perform/OBORO/3home/Horai/00/CMTPerData_OBORO_3home_Horai_000_030.bin	3994
reimagine	multitalk	Event/MultiTalk/BinaryData/Perform/OBORO/ClubHorai/Horai/00/CMTPerData_Oboro_ClubHorai_Horai_000_001.bin	27566
reimagine	multitalk	Event/MultiTalk/BinaryData/Perform/OKANE/baberu/COC04/00/CMTPerData_OKANE_baberu_COC04_000_001.bin	7646
reimagine	multitalk	Event/MultiTalk/BinaryData/Perform/OKANE/baberu/COC04/00/CMTPerData_OKANE_baberu_COC04_000_002.bin	4990
reimagine	multitalk	Event/MultiTalk/BinaryData/Perform/ONGYOKI/kaguraMO/2012KAKIEV/02/CMTPerData_ONGYOKI_kaguraMO_2012KAKIEV_002_001.bin	5986
reimagine	multitalk	Event/MultiTalk/BinaryData/Perform/ONGYOKI/souhon/2012KAKIEV/02/CMTPerData_ONGYOKI_souhon_2012KAKIEV_002_001.bin	4658
reimagine	multitalk	Event/MultiTalk/BinaryData/Perform/ONGYOKI/souhon/2012KAKIEV/02/CMTPerData_ONGYOKI_souhon_2012KAKIEV_002_002.bin	4326
reimagine	multitalk	Event/MultiTalk/BinaryData/Perform/ONGYOKI/souhon/2012KAKIEV/02/CMTPerData_ONGYOKI_souhon_2012KAKIEV_002_003.bin	3994
reimagine	multitalk	Event/MultiTalk/BinaryData/Perform/ONGYOKI/souhon/2012KAKIEV/02/CMTPerData_ONGYOKI_souhon_2012KAKIEV_002_004.bin	3330
reimagine	multitalk	Event/MultiTalk/BinaryData/Perform/PIXIE/ClubHorai/Horai/00/CMTPerData_Pixie_ClubHorai_Horai_000_001.bin	342
reimagine	multitalk	Event/MultiTalk/BinaryData/Perform/PIXIE/ClubHorai/Horai/00/CMTPerData_Pixie_ClubHorai_Horai_000_002.bin	674
reimagine	multitalk	Event/MultiTalk/BinaryData/Perform/PIXIE/ClubHorai/Horai/00/CMTPerData_Pixie_ClubHorai_Horai_000_003.bin	674
reimagine	multitalk	Event/MultiTalk/BinaryData/Perform/PIXIE/ClubHorai/Horai/00/CMTPerData_Pixie_ClubHorai_Horai_000_004.bin	674
reimagine	multitalk	Event/MultiTalk/BinaryData/Perform/PIXIE/ClubHorai/Horai/00/CMTPerData_Pixie_ClubHorai_Horai_000_005.bin	674
reimagine	multitalk	Event/MultiTalk/BinaryData/Perform/PIXIE/ClubHorai/Horai/00/CMTPerData_Pixie_ClubHorai_Horai_000_006.bin	674
reimagine	multitalk	Event/MultiTalk/BinaryData/Perform/PIXIE/ClubHorai/Horai/00/CMTPerData_Pixie_ClubHorai_Horai_000_007.bin	674
reimagine	multitalk	Event/MultiTalk/BinaryData/Perform/PIXIE/ClubHorai/Horai/00/CMTPerData_Pixie_ClubHorai_Horai_000_008.bin	674
reimagine	multitalk	Event/MultiTalk/BinaryData/Perform/PIXIE/ClubHorai/Horai/00/CMTPerData_Pixie_ClubHorai_Horai_000_009.bin	4658
reimagine	multitalk	Event/MultiTalk/BinaryData/Perform/QUEENMAB/baberu/2012KAKIEV/02/CMTPerData_QUEENMAB_baberu_2012KAKIEV_002_001.bin	6650
reimagine	multitalk	Event/MultiTalk/BinaryData/Perform/QUEENMAB/baberu/2012KAKIEV/02/CMTPerData_QUEENMAB_baberu_2012KAKIEV_002_002.bin	4326
reimagine	multitalk	Event/MultiTalk/BinaryData/Perform/QUEENMAB/baberu/2012KAKIEV/02/CMTPerData_QUEENMAB_baberu_2012KAKIEV_002_003.bin	5986
reimagine	multitalk	Event/MultiTalk/BinaryData/Perform/QUEENMAB/baberu/2012KAKIEV/02/CMTPerData_QUEENMAB_baberu_2012KAKIEV_002_004.bin	4658
reimagine	multitalk	Event/MultiTalk/BinaryData/Perform/QUEENMAB/ShinF/2012KAKIEV/02/CMTPerData_QUEENMAB_ShinF_2012KAKIEV_002_001.bin	6650
reimagine	multitalk	Event/MultiTalk/BinaryData/Perform/RIN/3home/COC09/00/CMTPerData_RIN_3home_COC09_000_001.bin	2998
reimagine	multitalk	Event/MultiTalk/BinaryData/Perform/RIN/3home/COC09/00/CMTPerData_RIN_3home_COC09_000_002.bin	3662
reimagine	multitalk	Event/MultiTalk/BinaryData/Perform/RIN/3home/COC09/00/CMTPerData_RIN_3home_COC09_000_003.bin	2002
reimagine	multitalk	Event/MultiTalk/BinaryData/Perform/RIN/baberu/COC01/00/CMTPerData_RIN_baberu_COC01_000_001.bin	2666
reimagine	multitalk	Event/MultiTalk/BinaryData/Perform/RIN/baberu/COC01/00/CMTPerData_RIN_baberu_COC01_000_002.bin	4658
reimagine	multitalk	Event/MultiTalk/BinaryData/Perform/RIN/baberu/COC01/00/CMTPerData_RIN_baberu_COC01_000_003.bin	5986
reimagine	multitalk	Event/MultiTalk/BinaryData/Perform/RIN/baberu/COC01/00/CMTPerData_RIN_baberu_COC01_000_004.bin	5322
reimagine	multitalk	Event/MultiTalk/BinaryData/Perform/RIN/baberu/COC01/00/CMTPerData_RIN_baberu_COC01_000_005.bin	342
reimagine	multitalk	Event/MultiTalk/BinaryData/Perform/RIN/baberu/COC01/00/CMTPerData_RIN_baberu_COC01_000_006.bin	674
reimagine	multitalk	Event/MultiTalk/BinaryData/Perform/RIN/baberu/COC01/00/CMTPerData_RIN_baberu_COC01_000_007.bin	7314
reimagine	multitalk	Event/MultiTalk/BinaryData/Perform/RIN/baberu/COC01/00/CMTPerData_RIN_baberu_COC01_000_008.bin	3662
reimagine	multitalk	Event/MultiTalk/BinaryData/Perform/RIN/baberu/COC01/00/CMTPerData_RIN_baberu_COC01_000_009.bin	342
reimagine	multitalk	Event/MultiTalk/BinaryData/Perform/RIN/baberu/COC01/00/CMTPerData_RIN_baberu_COC01_000_010.bin	6650
reimagine	multitalk	Event/MultiTalk/BinaryData/Perform/RIN/baberu/COC01/00/CMTPerData_RIN_baberu_COC01_000_011.bin	4658
reimagine	multitalk	Event/MultiTalk/BinaryData/Perform/RIN/baberu/COC01/00/CMTPerData_RIN_baberu_COC01_000_012.bin	342
reimagine	multitalk	Event/MultiTalk/BinaryData/Perform/RIN/baberu/COC01/00/CMTPerData_RIN_baberu_COC01_000_013.bin	342
reimagine	multitalk	Event/MultiTalk/BinaryData/Perform/RIN/baberu/COC01/00/CMTPerData_RIN_baberu_COC01_000_014.bin	7314
reimagine	multitalk	Event/MultiTalk/BinaryData/Perform/RIN/baberu/COC01/00/CMTPerData_RIN_baberu_COC01_000_015.bin	4326
reimagine	multitalk	Event/MultiTalk/BinaryData/Perform/RIN/baberu/COC01/00/CMTPerData_RIN_baberu_COC01_000_016.bin	1006
reimagine	multitalk	Event/MultiTalk/BinaryData/Perform/RIN/baberu/COC02/00/CMTPerData_RIN_baberu_COC02_000_001.bin	6318
reimagine	multitalk	Event/MultiTalk/BinaryData/Perform/RIN/baberu/COC03/00/CMTPerData_RIN_baberu_COC03_000_001.bin	6982
reimagine	multitalk	Event/MultiTalk/BinaryData/Perform/RIN/baberu/COC03/00/CMTPerData_RIN_baberu_COC03_000_002.bin	1006
reimagine	multitalk	Event/MultiTalk/BinaryData/Perform/RIN/baberu/COC03/00/CMTPerData_RIN_baberu_COC03_000_003.bin	1006
reimagine	multitalk	Event/MultiTalk/BinaryData/Perform/RIN/baberu/COC07/00/CMTPerData_RIN_baberu_COC07_000_001.bin	3994
reimagine	multitalk	Event/MultiTalk/BinaryData/Perform/RIN/baberu/COC07/00/CMTPerData_RIN_baberu_COC07_000_002.bin	2002
reimagine	multitalk	Event/MultiTalk/BinaryData/Perform/RIN/baberu/COC07/00/CMTPerData_RIN_baberu_COC07_000_003.bin	4326
reimagine	multitalk	Event/MultiTalk/BinaryData/Perform/RIN/baberu/COC07/00/CMTPerData_RIN_baberu_COC07_000_004.bin	7314
reimagine	multitalk	Event/MultiTalk/BinaryData/Perform/RIN/baberu/COC07/00/CMTPerData_RIN_baberu_COC07_000_005.bin	2002
reimagine	multitalk	Event/MultiTalk/BinaryData/Perform/RIN/baberu/COC07/00/CMTPerData_RIN_baberu_COC07_000_006.bin	1670
reimagine	multitalk	Event/MultiTalk/BinaryData/Perform/RIN/baberu/COC07/00/CMTPerData_RIN_baberu_COC07_000_007.bin	2666
reimagine	multitalk	Event/MultiTalk/BinaryData/Perform/RIN/baberu/COC07/00/CMTPerData_RIN_baberu_COC07_000_008.bin	1338
reimagine	multitalk	Event/MultiTalk/BinaryData/Perform/RIN/baberu/COC07/00/CMTPerData_RIN_baberu_COC07_000_009.bin	1338
reimagine	multitalk	Event/MultiTalk/BinaryData/Perform/RIN/baberu/COC07/00/CMTPerData_RIN_baberu_COC07_000_010.bin	1670
reimagine	multitalk	Event/MultiTalk/BinaryData/Perform/RIN/baberu/COC07/00/CMTPerData_RIN_baberu_COC07_000_011.bin	4326
reimagine	multitalk	Event/MultiTalk/BinaryData/Perform/RIN/baberu/COC07/00/CMTPerData_RIN_baberu_COC07_000_012.bin	5986
reimagine	multitalk	Event/MultiTalk/BinaryData/Perform/RIN/baberu/COC07/00/CMTPerData_RIN_baberu_COC07_000_013.bin	6318
reimagine	multitalk	Event/MultiTalk/BinaryData/Perform/RIN/baberu/COC07/00/CMTPerData_RIN_baberu_COC07_000_014.bin	3330
reimagine	multitalk	Event/MultiTalk/BinaryData/Perform/RIN/baberu/COC07/00/CMTPerData_RIN_baberu_COC07_000_015.bin	1670
reimagine	multitalk	Event/MultiTalk/BinaryData/Perform/RIN/baberu/COC07/00/CMTPerData_RIN_baberu_COC07_000_016.bin	4990
reimagine	multitalk	Event/MultiTalk/BinaryData/Perform/RIN/baberu/COC07/00/CMTPerData_RIN_baberu_COC07_000_017.bin	2334
reimagine	multitalk	Event/MultiTalk/BinaryData/Perform/RIN/baberu/COC08/00/CMTPerData_RIN_baberu_COC08_000_001.bin	1006
reimagine	multitalk	Event/MultiTalk/BinaryData/Perform/RIN/baberu/COC08/00/CMTPerData_RIN_baberu_COC08_000_002.bin	1338
reimagine	multitalk	Event/MultiTalk/BinaryData/Perform/RIN/baberu/COC08/00/CMTPerData_RIN_baberu_COC08_000_003.bin	2002
reimagine	multitalk	Event/MultiTalk/BinaryData/Perform/RIN/baberu/COC08/00/CMTPerData_RIN_baberu_COC08_000_004.bin	1670
reimagine	multitalk	Event/MultiTalk/BinaryData/Perform/RIN/baberu/COC08/00/CMTPerData_RIN_baberu_COC08_000_005.bin	2666
reimagine	multitalk	Event/MultiTalk/BinaryData/Perform/RIN/baberu/COC08/00/CMTPerData_RIN_baberu_COC08_000_006.bin	2002
reimagine	multitalk	Event/MultiTalk/BinaryData/Perform/RIN/baberu/COC08/00/CMTPerData_RIN_baberu_COC08_000_007.bin	2666
reimagine	multitalk	Event/MultiTalk/BinaryData/Perform/RIN/baberu/COC09/00/CMTPerData_RIN_baberu_COC09_000_001.bin	1670
reimagine	multitalk	Event/MultiTalk/BinaryData/Perform/RIN/baberu/COC09/00/CMTPerData_RIN_baberu_COC09_000_002.bin	2334
reimagine	multitalk	Event/MultiTalk/BinaryData/Perform/RIN/baberu/COC09/00/CMTPerData_RIN_baberu_COC09_000_003.bin	2334
reimagine	multitalk	Event/MultiTalk/BinaryData/Perform/RIN/baberu/COC09/00/CMTPerData_RIN_baberu_COC09_000_004.bin	7978
reimagine	multitalk	Event/MultiTalk/BinaryData/Perform/RIN/baberu/COC11/00/CMTPerData_RIN_baberu_COC11_000_001.bin	2334
reimagine	multitalk	Event/MultiTalk/BinaryData/Perform/RIN/baberu/COC11/00/CMTPerData_RIN_baberu_COC11_000_002.bin	1670
reimagine	multitalk	Event/MultiTalk/BinaryData/Perform/RIN/baberu/COC11/00/CMTPerData_RIN_baberu_COC11_000_003.bin	1338
reimagine	multitalk	Event/MultiTalk/BinaryData/Perform/RIN/baberu/COC11/00/CMTPerData_RIN_baberu_COC11_000_004.bin	2002
reimagine	multitalk	Event/MultiTalk/BinaryData/Perform/RIN/baberu/COC11/00/CMTPerData_RIN_baberu_COC11_000_005.bin	6650
reimagine	multitalk	Event/MultiTalk/BinaryData/Perform/RIN/baberu/COC11/00/CMTPerData_RIN_baberu_COC11_000_006.bin	6650
reimagine	multitalk	Event/MultiTalk/BinaryData/Perform/RIN/baberu/COC11/00/CMTPerData_RIN_baberu_COC11_000_007.bin	6982
reimagine	multitalk	Event/MultiTalk/BinaryData/Perform/RIN/baberu/COC11/00/CMTPerData_RIN_baberu_COC11_000_008.bin	3662
reimagine	multitalk	Event/MultiTalk/BinaryData/Perform/RIN/baberu/COC11/00/CMTPerData_RIN_baberu_COC11_000_009.bin	3662
reimagine	multitalk	Event/MultiTalk/BinaryData/Perform/ROBA/3home/PET/00/CMTPerData_ROBA_3home_Pet_000_001.bin	10302
reimagine	multitalk	Event/MultiTalk/BinaryData/Perform/ROBA/3home/PET/00/CMTPerData_ROBA_3home_Pet_000_002.bin	4990
reimagine	multitalk	Event/MultiTalk/BinaryData/Perform/ROBA/3home/PET/00/CMTPerData_ROBA_3home_Pet_000_003.bin	4658
reimagine	multitalk	Event/MultiTalk/BinaryData/Perform/ROBA/3home/PET/00/CMTPerData_ROBA_3home_Pet_000_004.bin	2002
reimagine	multitalk	Event/MultiTalk/BinaryData/Perform/SAIEN/arcadia/3anniv/00/CMTPerData_SAIEN_arcadia_3anniv_000_001.bin	1338
reimagine	multitalk	Event/MultiTalk/BinaryData/Perform/SAIEN/arcadia/3anniv/00/CMTPerData_SAIEN_arcadia_3anniv_000_002.bin	1338
reimagine	multitalk	Event/MultiTalk/BinaryData/Perform/SAIEN/arcadia/3anniv/00/CMTPerData_SAIEN_arcadia_3anniv_000_003.bin	1338
reimagine	multitalk	Event/MultiTalk/BinaryData/Perform/SAIEN/arcadia/3anniv/00/CMTPerData_SAIEN_arcadia_3anniv_000_004.bin	1338
reimagine	multitalk	Event/MultiTalk/BinaryData/Perform/SAIEN/arcadia/3anniv/00/CMTPerData_SAIEN_arcadia_3anniv_000_005.bin	1338
reimagine	multitalk	Event/MultiTalk/BinaryData/Perform/SAIEN/arcadia/3anniv/00/CMTPerData_SAIEN_arcadia_3anniv_000_006.bin	1338
reimagine	multitalk	Event/MultiTalk/BinaryData/Perform/SAIEN/arcadia/3anniv/00/CMTPerData_SAIEN_arcadia_3anniv_000_007.bin	1338
reimagine	multitalk	Event/MultiTalk/BinaryData/Perform/SAIEN/arcadia/3anniv/00/CMTPerData_SAIEN_arcadia_3anniv_000_008.bin	1338
reimagine	multitalk	Event/MultiTalk/BinaryData/Perform/SAIEN/arcadia/3anniv/00/CMTPerData_SAIEN_arcadia_3anniv_000_009.bin	1338
reimagine	multitalk	Event/MultiTalk/BinaryData/Perform/SAIEN/arcadia/3anniv/00/CMTPerData_SAIEN_arcadia_3anniv_000_010.bin	1670
reimagine	multitalk	Event/MultiTalk/BinaryData/Perform/SAIEN/arcadia/3anniv/00/CMTPerData_SAIEN_arcadia_3anniv_000_011.bin	1670
reimagine	multitalk	Event/MultiTalk/BinaryData/Perform/SAIEN/arcadia/3anniv/00/CMTPerData_SAIEN_arcadia_3anniv_000_012.bin	1670
reimagine	multitalk	Event/MultiTalk/BinaryData/Perform/SAIEN/arcadia/3anniv/00/CMTPerData_SAIEN_arcadia_3anniv_000_013.bin	1670
reimagine	multitalk	Event/MultiTalk/BinaryData/Perform/SAIEN/arcadia/3anniv/00/CMTPerData_SAIEN_arcadia_3anniv_000_014.bin	1670
reimagine	multitalk	Event/MultiTalk/BinaryData/Perform/SAIEN/arcadia/3anniv/00/CMTPerData_SAIEN_arcadia_3anniv_000_015.bin	1670
reimagine	multitalk	Event/MultiTalk/BinaryData/Perform/SAIEN/arcadia/3anniv/00/CMTPerData_SAIEN_arcadia_3anniv_000_016.bin	1670
reimagine	multitalk	Event/MultiTalk/BinaryData/Perform/SAIEN/arcadia/3anniv/00/CMTPerData_SAIEN_arcadia_3anniv_000_017.bin	1670
reimagine	multitalk	Event/MultiTalk/BinaryData/Perform/SAIEN/arcadia/3anniv/00/CMTPerData_SAIEN_arcadia_3anniv_000_018.bin	2002
reimagine	multitalk	Event/MultiTalk/BinaryData/Perform/SAIEN/arcadia/3anniv/00/CMTPerData_SAIEN_arcadia_3anniv_000_019.bin	2002
reimagine	multitalk	Event/MultiTalk/BinaryData/Perform/SAIEN/arcadia/3anniv/00/CMTPerData_SAIEN_arcadia_3anniv_000_020.bin	2002
reimagine	multitalk	Event/MultiTalk/BinaryData/Perform/SAIEN/arcadia/3anniv/00/CMTPerData_SAIEN_arcadia_3anniv_000_021.bin	2002
reimagine	multitalk	Event/MultiTalk/BinaryData/Perform/SAIEN/arcadia/3anniv/00/CMTPerData_SAIEN_arcadia_3anniv_000_022.bin	2002
reimagine	multitalk	Event/MultiTalk/BinaryData/Perform/SAIEN/arcadia/3anniv/00/CMTPerData_SAIEN_arcadia_3anniv_000_023.bin	2002
reimagine	multitalk	Event/MultiTalk/BinaryData/Perform/SAIEN/arcadia/3anniv/00/CMTPerData_SAIEN_arcadia_3anniv_000_024.bin	2002
reimagine	multitalk	Event/MultiTalk/BinaryData/Perform/SAIEN/arcadia/3anniv/00/CMTPerData_SAIEN_arcadia_3anniv_000_025.bin	2002
reimagine	multitalk	Event/MultiTalk/BinaryData/Perform/SAIEN/arcadia/3anniv/00/CMTPerData_SAIEN_arcadia_3anniv_000_026.bin	2002
reimagine	multitalk	Event/MultiTalk/BinaryData/Perform/SAIEN/arcadia/3anniv/00/CMTPerData_SAIEN_arcadia_3anniv_000_027.bin	2334
reimagine	multitalk	Event/MultiTalk/BinaryData/Perform/SAIEN/arcadia/3anniv/00/CMTPerData_SAIEN_arcadia_3anniv_000_028.bin	2334
reimagine	multitalk	Event/MultiTalk/BinaryData/Perform/SAIEN/arcadia/3anniv/00/CMTPerData_SAIEN_arcadia_3anniv_000_029.bin	2334
reimagine	multitalk	Event/MultiTalk/BinaryData/Perform/SAIEN/arcadia/3anniv/00/CMTPerData_SAIEN_arcadia_3anniv_000_030.bin	2334
reimagine	multitalk	Event/MultiTalk/BinaryData/Perform/SAIEN/arcadia/3anniv/00/CMTPerData_SAIEN_arcadia_3anniv_000_031.bin	2334
reimagine	multitalk	Event/MultiTalk/BinaryData/Perform/SAIEN/arcadia/3anniv/00/CMTPerData_SAIEN_arcadia_3anniv_000_032.bin	2334
reimagine	multitalk	Event/MultiTalk/BinaryData/Perform/SAIEN/arcadia/3anniv/00/CMTPerData_SAIEN_arcadia_3anniv_000_033.bin	2334
reimagine	multitalk	Event/MultiTalk/BinaryData/Perform/SAIEN/arcadia/3anniv/00/CMTPerData_SAIEN_arcadia_3anniv_000_034.bin	2334
reimagine	multitalk	Event/MultiTalk/BinaryData/Perform/SAIEN/arcadia/3anniv/00/CMTPerData_SAIEN_arcadia_3anniv_000_035.bin	2334
reimagine	multitalk	Event/MultiTalk/BinaryData/Perform/SAIEN/arcadia/3anniv/00/CMTPerData_SAIEN_arcadia_3anniv_000_036.bin	2666
reimagine	multitalk	Event/MultiTalk/BinaryData/Perform/SAIEN/arcadia/3anniv/00/CMTPerData_SAIEN_arcadia_3anniv_000_037.bin	1670
reimagine	multitalk	Event/MultiTalk/BinaryData/Perform/SAIEN/arcadia/3anniv/00/CMTPerData_SAIEN_arcadia_3anniv_000_038.bin	1670
reimagine	multitalk	Event/MultiTalk/BinaryData/Perform/SAIEN/arcadia/3anniv/00/CMTPerData_SAIEN_arcadia_3anniv_000_039.bin	1670
reimagine	multitalk	Event/MultiTalk/BinaryData/Perform/SAIEN/arcadia/3anniv/00/CMTPerData_SAIEN_arcadia_3anniv_000_040.bin	1670
reimagine	multitalk	Event/MultiTalk/BinaryData/Perform/SAIEN/arcadia/3anniv/00/CMTPerData_SAIEN_arcadia_3anniv_000_041.bin	1670
reimagine	multitalk	Event/MultiTalk/BinaryData/Perform/SAIEN/arcadia/3anniv/00/CMTPerData_SAIEN_arcadia_3anniv_000_042.bin	1670
reimagine	multitalk	Event/MultiTalk/BinaryData/Perform/SAIEN/arcadia/3anniv/00/CMTPerData_SAIEN_arcadia_3anniv_000_043.bin	1670
reimagine	multitalk	Event/MultiTalk/BinaryData/Perform/SAIEN/arcadia/3anniv/00/CMTPerData_SAIEN_arcadia_3anniv_000_044.bin	1670
reimagine	multitalk	Event/MultiTalk/BinaryData/Perform/SAIEN/arcadia/3anniv/00/CMTPerData_SAIEN_arcadia_3anniv_000_045.bin	2002
reimagine	multitalk	Event/MultiTalk/BinaryData/Perform/SAIEN/arcadia/3anniv/00/CMTPerData_SAIEN_arcadia_3anniv_000_046.bin	1006
reimagine	multitalk	Event/MultiTalk/BinaryData/Perform/SAIEN/arcadia/3anniv/00/CMTPerData_SAIEN_arcadia_3anniv_000_047.bin	1006
reimagine	multitalk	Event/MultiTalk/BinaryData/Perform/SAIEN/arcadia/3anniv/00/CMTPerData_SAIEN_arcadia_3anniv_000_048.bin	1006
reimagine	multitalk	Event/MultiTalk/BinaryData/Perform/SAIEN/arcadia/3anniv/00/CMTPerData_SAIEN_arcadia_3anniv_000_049.bin	1006
reimagine	multitalk	Event/MultiTalk/BinaryData/Perform/SAIEN/arcadia/3anniv/00/CMTPerData_SAIEN_arcadia_3anniv_000_050.bin	1006
reimagine	multitalk	Event/MultiTalk/BinaryData/Perform/SAIEN/arcadia/3anniv/00/CMTPerData_SAIEN_arcadia_3anniv_000_051.bin	1006
reimagine	multitalk	Event/MultiTalk/BinaryData/Perform/SAIEN/arcadia/3anniv/00/CMTPerData_SAIEN_arcadia_3anniv_000_052.bin	1006
reimagine	multitalk	Event/MultiTalk/BinaryData/Perform/SAIEN/arcadia/3anniv/00/CMTPerData_SAIEN_arcadia_3anniv_000_053.bin	1006
reimagine	multitalk	Event/MultiTalk/BinaryData/Perform/SAIEN/arcadia/3anniv/00/CMTPerData_SAIEN_arcadia_3anniv_000_054.bin	674
reimagine	multitalk	Event/MultiTalk/BinaryData/Perform/SAIEN/arcadia/3anniv/00/CMTPerData_SAIEN_arcadia_3anniv_000_055.bin	1006
reimagine	multitalk	Event/MultiTalk/BinaryData/Perform/SAIEN/arcadia/3anniv/00/CMTPerData_SAIEN_arcadia_3anniv_000_056.bin	2002
reimagine	multitalk	Event/MultiTalk/BinaryData/Perform/SAIEN/arcadia/3anniv/00/CMTPerData_SAIEN_arcadia_3anniv_000_057.bin	1006
reimagine	multitalk	Event/MultiTalk/BinaryData/Perform/SAIEN/arcadia/3anniv/00/CMTPerData_SAIEN_arcadia_3anniv_000_058.bin	1338
reimagine	multitalk	Event/MultiTalk/BinaryData/Perform/SAIEN/arcadia/3anniv/00/CMTPerData_SAIEN_arcadia_3anniv_000_059.bin	4658
reimagine	multitalk	Event/MultiTalk/BinaryData/Perform/SAIEN/arcadia/3anniv/00/CMTPerData_SAIEN_arcadia_3anniv_000_060.bin	4658
reimagine	multitalk	Event/MultiTalk/BinaryData/Perform/SAIEN/arcadia/3anniv/00/CMTPerData_SAIEN_arcadia_3anniv_000_061.bin	1006
reimagine	multitalk	Event/MultiTalk/BinaryData/Perform/SAIEN/arcadia/3anniv/00/CMTPerData_SAIEN_arcadia_3anniv_000_062.bin	342
reimagine	multitalk	Event/MultiTalk/BinaryData/Perform/SAIEN/arcadia/3anniv/00/CMTPerData_SAIEN_arcadia_3anniv_000_063.bin	342
reimagine	multitalk	Event/MultiTalk/BinaryData/Perform/SAIEN/arcadia/3anniv/00/CMTPerData_SAIEN_arcadia_3anniv_000_064.bin	674
reimagine	multitalk	Event/MultiTalk/BinaryData/Perform/SAIEN/arcadia/3anniv/00/CMTPerData_SAIEN_arcadia_3anniv_000_065.bin	674
reimagine	multitalk	Event/MultiTalk/BinaryData/Perform/SAIEN/arcadia/3anniv/00/CMTPerData_SAIEN_arcadia_3anniv_000_066.bin	674
reimagine	multitalk	Event/MultiTalk/BinaryData/Perform/SAIEN/arcadia/3anniv/00/CMTPerData_SAIEN_arcadia_3anniv_000_067.bin	2334
reimagine	multitalk	Event/MultiTalk/BinaryData/Perform/SAIEN/arcadia/3anniv/00/CMTPerData_SAIEN_arcadia_3anniv_000_068.bin	674
reimagine	multitalk	Event/MultiTalk/BinaryData/Perform/SAIEN/arcadia/3anniv/00/CMTPerData_SAIEN_arcadia_3anniv_000_069.bin	674
reimagine	multitalk	Event/MultiTalk/BinaryData/Perform/SAIEN/arcadia/3anniv/00/CMTPerData_SAIEN_arcadia_3anniv_000_070.bin	674
reimagine	multitalk	Event/MultiTalk/BinaryData/Perform/SAIEN/arcadia/3anniv/00/CMTPerData_SAIEN_arcadia_3anniv_000_071.bin	4658
reimagine	multitalk	Event/MultiTalk/BinaryData/Perform/SAIEN/arcadia/3anniv/00/CMTPerData_SAIEN_arcadia_3anniv_000_072.bin	342
reimagine	multitalk	Event/MultiTalk/BinaryData/Perform/SAIEN/arcadia/3anniv/00/CMTPerData_SAIEN_arcadia_3anniv_000_073.bin	674
reimagine	multitalk	Event/MultiTalk/BinaryData/Perform/SAIEN/arcadia/3anniv/00/CMTPerData_SAIEN_arcadia_3anniv_000_074.bin	674
reimagine	multitalk	Event/MultiTalk/BinaryData/Perform/SAIEN/arcadia/3anniv/00/CMTPerData_SAIEN_arcadia_3anniv_000_075.bin	1670
reimagine	multitalk	Event/MultiTalk/BinaryData/Perform/SAIEN/arcadia/3anniv/00/CMTPerData_SAIEN_arcadia_3anniv_000_076.bin	1670
reimagine	multitalk	Event/MultiTalk/BinaryData/Perform/SAIEN/arcadia/3anniv/00/CMTPerData_SAIEN_arcadia_3anniv_000_077.bin	6982
reimagine	multitalk	Event/MultiTalk/BinaryData/Perform/SAIEN/arcadia/3anniv/00/CMTPerData_SAIEN_arcadia_3anniv_000_078.bin	1006
reimagine	multitalk	Event/MultiTalk/BinaryData/Perform/SAIEN/arcadia/3anniv/00/CMTPerData_SAIEN_arcadia_3anniv_000_079.bin	1006
reimagine	multitalk	Event/MultiTalk/BinaryData/Perform/SAIEN/arcadia/3anniv/00/CMTPerData_SAIEN_arcadia_3anniv_000_080.bin	1006
reimagine	multitalk	Event/MultiTalk/BinaryData/Perform/SAIEN/arcadia/3anniv/00/CMTPerData_SAIEN_arcadia_3anniv_000_081.bin	1006
reimagine	multitalk	Event/MultiTalk/BinaryData/Perform/SAIEN/arcadia/3anniv/00/CMTPerData_SAIEN_arcadia_3anniv_000_082.bin	1006
reimagine	multitalk	Event/MultiTalk/BinaryData/Perform/SAIEN/arcadia/3anniv/00/CMTPerData_SAIEN_arcadia_3anniv_000_083.bin	1006
reimagine	multitalk	Event/MultiTalk/BinaryData/Perform/SAIEN/arcadia/3anniv/00/CMTPerData_SAIEN_arcadia_3anniv_000_084.bin	1006
reimagine	multitalk	Event/MultiTalk/BinaryData/Perform/SAIEN/arcadia/3anniv/00/CMTPerData_SAIEN_arcadia_3anniv_000_085.bin	1006
reimagine	multitalk	Event/MultiTalk/BinaryData/Perform/SAIEN/arcadia/3anniv/00/CMTPerData_SAIEN_arcadia_3anniv_000_086.bin	1006
reimagine	multitalk	Event/MultiTalk/BinaryData/Perform/SAIEN/arcadia/3anniv/00/CMTPerData_SAIEN_arcadia_3anniv_000_087.bin	1006
reimagine	multitalk	Event/MultiTalk/BinaryData/Perform/SAIEN/arcadia/3anniv/00/CMTPerData_SAIEN_arcadia_3anniv_000_088.bin	1006
reimagine	multitalk	Event/MultiTalk/BinaryData/Perform/SAIEN/arcadia/3anniv/00/CMTPerData_SAIEN_arcadia_3anniv_000_089.bin	1006
reimagine	multitalk	Event/MultiTalk/BinaryData/Perform/SAIEN/arcadia/3anniv/00/CMTPerData_SAIEN_arcadia_3anniv_000_090.bin	1006
reimagine	multitalk	Event/MultiTalk/BinaryData/Perform/SAIEN/arcadia/3anniv/00/CMTPerData_SAIEN_arcadia_3anniv_000_091.bin	1006
reimagine	multitalk	Event/MultiTalk/BinaryData/Perform/SAIEN/arcadia/3anniv/00/CMTPerData_SAIEN_arcadia_3anniv_000_092.bin	1006
reimagine	multitalk	Event/MultiTalk/BinaryData/Perform/SAIEN/arcadia/3anniv/00/CMTPerData_SAIEN_arcadia_3anniv_000_093.bin	1006
reimagine	multitalk	Event/MultiTalk/BinaryData/Perform/SAIEN/arcadia/3anniv/00/CMTPerData_SAIEN_arcadia_3anniv_000_094.bin	1006
reimagine	multitalk	Event/MultiTalk/BinaryData/Perform/SAIEN/arcadia/3anniv/00/CMTPerData_SAIEN_arcadia_3anniv_000_095.bin	1006
reimagine	multitalk	Event/MultiTalk/BinaryData/Perform/SAIEN/arcadia/3anniv/00/CMTPerData_SAIEN_arcadia_3anniv_000_096.bin	1006
reimagine	multitalk	Event/MultiTalk/BinaryData/Perform/SAIEN/arcadia/3anniv/00/CMTPerData_SAIEN_arcadia_3anniv_000_097.bin	1006
reimagine	multitalk	Event/MultiTalk/BinaryData/Perform/SAIEN/arcadia/3anniv/00/CMTPerData_SAIEN_arcadia_3anniv_000_098.bin	1006
reimagine	multitalk	Event/MultiTalk/BinaryData/Perform/SAIEN/arcadia/3anniv/00/CMTPerData_SAIEN_arcadia_3anniv_000_099.bin	1006
reimagine	multitalk	Event/MultiTalk/BinaryData/Perform/SAIEN/arcadia/3anniv/00/CMTPerData_SAIEN_arcadia_3anniv_000_100.bin	1006
reimagine	multitalk	Event/MultiTalk/BinaryData/Perform/SAIEN/arcadia/3anniv/00/CMTPerData_SAIEN_arcadia_3anniv_000_101.bin	1006
reimagine	multitalk	Event/MultiTalk/BinaryData/Perform/SAIEN/arcadia/3anniv/00/CMTPerData_SAIEN_arcadia_3anniv_000_102.bin	1006
reimagine	multitalk	Event/MultiTalk/BinaryData/Perform/SAIEN/arcadia/3anniv/00/CMTPerData_SAIEN_arcadia_3anniv_000_103.bin	1006
reimagine	multitalk	Event/MultiTalk/BinaryData/Perform/SAIEN/arcadia/3anniv/00/CMTPerData_SAIEN_arcadia_3anniv_000_104.bin	1006
reimagine	multitalk	Event/MultiTalk/BinaryData/Perform/SAIEN/arcadia/3anniv/00/CMTPerData_SAIEN_arcadia_3anniv_000_105.bin	1006
reimagine	multitalk	Event/MultiTalk/BinaryData/Perform/SAIEN/arcadia/3anniv/00/CMTPerData_SAIEN_arcadia_3anniv_000_106.bin	1006
reimagine	multitalk	Event/MultiTalk/BinaryData/Perform/SAIEN/arcadia/3anniv/00/CMTPerData_SAIEN_arcadia_3anniv_000_107.bin	1006
reimagine	multitalk	Event/MultiTalk/BinaryData/Perform/SAIEN/arcadia/3anniv/00/CMTPerData_SAIEN_arcadia_3anniv_000_108.bin	1006
reimagine	multitalk	Event/MultiTalk/BinaryData/Perform/SAIEN/arcadia/3anniv/00/CMTPerData_SAIEN_arcadia_3anniv_000_109.bin	674
reimagine	multitalk	Event/MultiTalk/BinaryData/Perform/SAIEN/arcadia/3anniv/00/CMTPerData_SAIEN_arcadia_3anniv_000_110.bin	1006
reimagine	multitalk	Event/MultiTalk/BinaryData/Perform/SAIEN/arcadia/3anniv/00/CMTPerData_SAIEN_arcadia_3anniv_000_111.bin	1006
reimagine	multitalk	Event/MultiTalk/BinaryData/Perform/SAIEN/arcadia/3anniv/00/CMTPerData_SAIEN_arcadia_3anniv_000_112.bin	1338
reimagine	multitalk	Event/MultiTalk/BinaryData/Perform/SAIEN/arcadia/3anniv/00/CMTPerData_SAIEN_arcadia_3anniv_000_113.bin	4990
reimagine	multitalk	Event/MultiTalk/BinaryData/Perform/SAIEN/arcadia/3anniv/00/CMTPerData_SAIEN_arcadia_3anniv_000_114.bin	8310
reimagine	multitalk	Event/MultiTalk/BinaryData/Perform/SAIEN/arcadia/3anniv/00/CMTPerData_SAIEN_arcadia_3anniv_000_115.bin	8974
reimagine	multitalk	Event/MultiTalk/BinaryData/Perform/SAIEN/arcadia/3anniv/00/CMTPerData_SAIEN_arcadia_3anniv_000_116.bin	8310
reimagine	multitalk	Event/MultiTalk/BinaryData/Perform/SAIEN/arcadia/3anniv/00/CMTPerData_SAIEN_arcadia_3anniv_000_117.bin	8310
reimagine	multitalk	Event/MultiTalk/BinaryData/Perform/SAIEN/arcadia/3anniv/00/CMTPerData_SAIEN_arcadia_3anniv_000_118.bin	8310
reimagine	multitalk	Event/MultiTalk/BinaryData/Perform/SAIEN/arcadia/3anniv/00/CMTPerData_SAIEN_arcadia_3anniv_000_119.bin	10966
reimagine	multitalk	Event/MultiTalk/BinaryData/Perform/SAIEN/arcadia/3anniv/00/CMTPerData_SAIEN_arcadia_3anniv_000_120.bin	8974
reimagine	multitalk	Event/MultiTalk/BinaryData/Perform/SAIEN/arcadia/3anniv/00/CMTPerData_SAIEN_arcadia_3anniv_000_121.bin	11962
reimagine	multitalk	Event/MultiTalk/BinaryData/Perform/SAIEN/arcadia/3anniv/00/CMTPerData_SAIEN_arcadia_3anniv_000_122.bin	674
reimagine	multitalk	Event/MultiTalk/BinaryData/Perform/SAIEN/arcadia/3anniv/00/CMTPerData_SAIEN_arcadia_3anniv_000_123.bin	1338
reimagine	multitalk	Event/MultiTalk/BinaryData/Perform/SAIEN/arcadia/3anniv/00/CMTPerData_SAIEN_arcadia_3anniv_000_124.bin	1338
reimagine	multitalk	Event/MultiTalk/BinaryData/Perform/SAIEN/arcadia/3anniv/00/CMTPerData_SAIEN_arcadia_3anniv_000_125.bin	1338
reimagine	multitalk	Event/MultiTalk/BinaryData/Perform/SAIEN/arcadia/3anniv/00/CMTPerData_SAIEN_arcadia_3anniv_000_126.bin	1338
reimagine	multitalk	Event/MultiTalk/BinaryData/Perform/SAIEN/arcadia/3anniv/00/CMTPerData_SAIEN_arcadia_3anniv_000_127.bin	1338
reimagine	multitalk	Event/MultiTalk/BinaryData/Perform/SAIEN/arcadia/3anniv/00/CMTPerData_SAIEN_arcadia_3anniv_000_128.bin	1338
reimagine	multitalk	Event/MultiTalk/BinaryData/Perform/SAIEN/arcadia/3anniv/00/CMTPerData_SAIEN_arcadia_3anniv_000_129.bin	1338
reimagine	multitalk	Event/MultiTalk/BinaryData/Perform/SAIEN/arcadia/3anniv/00/CMTPerData_SAIEN_arcadia_3anniv_000_130.bin	1670
reimagine	multitalk	Event/MultiTalk/BinaryData/Perform/SAIEN/arcadia/3anniv/00/CMTPerData_SAIEN_arcadia_3anniv_000_131.bin	2002
reimagine	multitalk	Event/MultiTalk/BinaryData/Perform/SAIEN/arcadia/3anniv/00/CMTPerData_SAIEN_arcadia_3anniv_000_132.bin	2002
reimagine	multitalk	Event/MultiTalk/BinaryData/Perform/SAIEN/arcadia/3anniv/00/CMTPerData_SAIEN_arcadia_3anniv_000_133.bin	2002
reimagine	multitalk	Event/MultiTalk/BinaryData/Perform/SAIEN/arcadia/3anniv/00/CMTPerData_SAIEN_arcadia_3anniv_000_134.bin	2002
reimagine	multitalk	Event/MultiTalk/BinaryData/Perform/SAIEN/arcadia/3anniv/00/CMTPerData_SAIEN_arcadia_3anniv_000_135.bin	2002
reimagine	multitalk	Event/MultiTalk/BinaryData/Perform/SAIEN/arcadia/3anniv/00/CMTPerData_SAIEN_arcadia_3anniv_000_136.bin	2002
reimagine	multitalk	Event/MultiTalk/BinaryData/Perform/SAIEN/arcadia/3anniv/00/CMTPerData_SAIEN_arcadia_3anniv_000_137.bin	2002
reimagine	multitalk	Event/MultiTalk/BinaryData/Perform/SAIEN/arcadia/3anniv/00/CMTPerData_SAIEN_arcadia_3anniv_000_138.bin	2002
reimagine	multitalk	Event/MultiTalk/BinaryData/Perform/SAIEN/arcadia/3anniv/00/CMTPerData_SAIEN_arcadia_3anniv_000_139.bin	2334
reimagine	multitalk	Event/MultiTalk/BinaryData/Perform/SAIEN/arcadia/3anniv/00/CMTPerData_SAIEN_arcadia_3anniv_000_140.bin	2002
reimagine	multitalk	Event/MultiTalk/BinaryData/Perform/SAIEN/arcadia/3anniv/00/CMTPerData_SAIEN_arcadia_3anniv_000_141.bin	2002
reimagine	multitalk	Event/MultiTalk/BinaryData/Perform/SAIEN/arcadia/3anniv/00/CMTPerData_SAIEN_arcadia_3anniv_000_142.bin	2002
reimagine	multitalk	Event/MultiTalk/BinaryData/Perform/SAIEN/arcadia/3anniv/00/CMTPerData_SAIEN_arcadia_3anniv_000_143.bin	2002
reimagine	multitalk	Event/MultiTalk/BinaryData/Perform/SAIEN/arcadia/3anniv/00/CMTPerData_SAIEN_arcadia_3anniv_000_144.bin	2002
reimagine	multitalk	Event/MultiTalk/BinaryData/Perform/SAIEN/arcadia/3anniv/00/CMTPerData_SAIEN_arcadia_3anniv_000_145.bin	2002
reimagine	multitalk	Event/MultiTalk/BinaryData/Perform/SAIEN/arcadia/3anniv/00/CMTPerData_SAIEN_arcadia_3anniv_000_146.bin	2002
reimagine	multitalk	Event/MultiTalk/BinaryData/Perform/SAIEN/arcadia/3anniv/00/CMTPerData_SAIEN_arcadia_3anniv_000_147.bin	2002
reimagine	multitalk	Event/MultiTalk/BinaryData/Perform/SAIEN/arcadia/3anniv/00/CMTPerData_SAIEN_arcadia_3anniv_000_148.bin	2334
reimagine	multitalk	Event/MultiTalk/BinaryData/Perform/SAIEN/arcadia/3anniv/00/CMTPerData_SAIEN_arcadia_3anniv_000_149.bin	2334
reimagine	multitalk	Event/MultiTalk/BinaryData/Perform/SAIEN/arcadia/3anniv/00/CMTPerData_SAIEN_arcadia_3anniv_000_150.bin	2334
reimagine	multitalk	Event/MultiTalk/BinaryData/Perform/SAIEN/arcadia/3anniv/00/CMTPerData_SAIEN_arcadia_3anniv_000_151.bin	2334
reimagine	multitalk	Event/MultiTalk/BinaryData/Perform/SAIEN/arcadia/3anniv/00/CMTPerData_SAIEN_arcadia_3anniv_000_152.bin	2334
reimagine	multitalk	Event/MultiTalk/BinaryData/Perform/SAIEN/arcadia/3anniv/00/CMTPerData_SAIEN_arcadia_3anniv_000_153.bin	2334
reimagine	multitalk	Event/MultiTalk/BinaryData/Perform/SAIEN/arcadia/3anniv/00/CMTPerData_SAIEN_arcadia_3anniv_000_154.bin	2334
reimagine	multitalk	Event/MultiTalk/BinaryData/Perform/SAIEN/arcadia/3anniv/00/CMTPerData_SAIEN_arcadia_3anniv_000_155.bin	2334
reimagine	multitalk	Event/MultiTalk/BinaryData/Perform/SAIEN/arcadia/3anniv/00/CMTPerData_SAIEN_arcadia_3anniv_000_156.bin	2334
reimagine	multitalk	Event/MultiTalk/BinaryData/Perform/SAIEN/arcadia/3anniv/00/CMTPerData_SAIEN_arcadia_3anniv_000_157.bin	2666
reimagine	multitalk	Event/MultiTalk/BinaryData/Perform/SAIEN/arcadia/3anniv/00/CMTPerData_SAIEN_arcadia_3anniv_000_158.bin	2334
reimagine	multitalk	Event/MultiTalk/BinaryData/Perform/SAIEN/arcadia/3anniv/00/CMTPerData_SAIEN_arcadia_3anniv_000_159.bin	2334
reimagine	multitalk	Event/MultiTalk/BinaryData/Perform/SAIEN/arcadia/3anniv/00/CMTPerData_SAIEN_arcadia_3anniv_000_160.bin	2334
reimagine	multitalk	Event/MultiTalk/BinaryData/Perform/SAIEN/arcadia/3anniv/00/CMTPerData_SAIEN_arcadia_3anniv_000_161.bin	2334
reimagine	multitalk	Event/MultiTalk/BinaryData/Perform/SAIEN/arcadia/3anniv/00/CMTPerData_SAIEN_arcadia_3anniv_000_162.bin	2334
reimagine	multitalk	Event/MultiTalk/BinaryData/Perform/SAIEN/arcadia/3anniv/00/CMTPerData_SAIEN_arcadia_3anniv_000_163.bin	2334
reimagine	multitalk	Event/MultiTalk/BinaryData/Perform/SAIEN/arcadia/3anniv/00/CMTPerData_SAIEN_arcadia_3anniv_000_164.bin	2334
reimagine	multitalk	Event/MultiTalk/BinaryData/Perform/SAIEN/arcadia/3anniv/00/CMTPerData_SAIEN_arcadia_3anniv_000_165.bin	2334
reimagine	multitalk	Event/MultiTalk/BinaryData/Perform/SAIEN/arcadia/3anniv/00/CMTPerData_SAIEN_arcadia_3anniv_000_166.bin	2666
reimagine	multitalk	Event/MultiTalk/BinaryData/Perform/SAIEN/arcadia/3anniv/00/CMTPerData_SAIEN_arcadia_3anniv_000_167.bin	2002
reimagine	multitalk	Event/MultiTalk/BinaryData/Perform/SAIEN/arcadia/3anniv/00/CMTPerData_SAIEN_arcadia_3anniv_000_168.bin	2002
reimagine	multitalk	Event/MultiTalk/BinaryData/Perform/SAIEN/arcadia/3anniv/00/CMTPerData_SAIEN_arcadia_3anniv_000_169.bin	2002
reimagine	multitalk	Event/MultiTalk/BinaryData/Perform/SAIEN/arcadia/3anniv/00/CMTPerData_SAIEN_arcadia_3anniv_000_170.bin	2002
reimagine	multitalk	Event/MultiTalk/BinaryData/Perform/SAIEN/arcadia/3anniv/00/CMTPerData_SAIEN_arcadia_3anniv_000_171.bin	2002
reimagine	multitalk	Event/MultiTalk/BinaryData/Perform/SAIEN/arcadia/3anniv/00/CMTPerData_SAIEN_arcadia_3anniv_000_172.bin	2002
reimagine	multitalk	Event/MultiTalk/BinaryData/Perform/SAIEN/arcadia/3anniv/00/CMTPerData_SAIEN_arcadia_3anniv_000_173.bin	2002
reimagine	multitalk	Event/MultiTalk/BinaryData/Perform/SAIEN/arcadia/3anniv/00/CMTPerData_SAIEN_arcadia_3anniv_000_174.bin	2002
reimagine	multitalk	Event/MultiTalk/BinaryData/Perform/SAIEN/arcadia/3anniv/00/CMTPerData_SAIEN_arcadia_3anniv_000_175.bin	2334
reimagine	multitalk	Event/MultiTalk/BinaryData/Perform/SAIEN/arcadia/3anniv/00/CMTPerData_SAIEN_arcadia_3anniv_000_176.bin	2334
reimagine	multitalk	Event/MultiTalk/BinaryData/Perform/SAIEN/arcadia/3anniv/00/CMTPerData_SAIEN_arcadia_3anniv_000_177.bin	2334
reimagine	multitalk	Event/MultiTalk/BinaryData/Perform/SAIEN/arcadia/3anniv/00/CMTPerData_SAIEN_arcadia_3anniv_000_178.bin	2334
reimagine	multitalk	Event/MultiTalk/BinaryData/Perform/SAIEN/arcadia/3anniv/00/CMTPerData_SAIEN_arcadia_3anniv_000_179.bin	2334
reimagine	multitalk	Event/MultiTalk/BinaryData/Perform/SAIEN/arcadia/3anniv/00/CMTPerData_SAIEN_arcadia_3anniv_000_180.bin	2334
reimagine	multitalk	Event/MultiTalk/BinaryData/Perform/SAIEN/arcadia/3anniv/00/CMTPerData_SAIEN_arcadia_3anniv_000_181.bin	2334
reimagine	multitalk	Event/MultiTalk/BinaryData/Perform/SAIEN/arcadia/3anniv/00/CMTPerData_SAIEN_arcadia_3anniv_000_182.bin	2334
reimagine	multitalk	Event/MultiTalk/BinaryData/Perform/SAIEN/arcadia/3anniv/00/CMTPerData_SAIEN_arcadia_3anniv_000_183.bin	2334
reimagine	multitalk	Event/MultiTalk/BinaryData/Perform/SAIEN/arcadia/3anniv/00/CMTPerData_SAIEN_arcadia_3anniv_000_184.bin	2666
reimagine	multitalk	Event/MultiTalk/BinaryData/Perform/SAIEN/arcadia/3anniv/00/CMTPerData_SAIEN_arcadia_3anniv_000_185.bin	2334
reimagine	multitalk	Event/MultiTalk/BinaryData/Perform/SAIEN/arcadia/3anniv/00/CMTPerData_SAIEN_arcadia_3anniv_000_186.bin	2334
reimagine	multitalk	Event/MultiTalk/BinaryData/Perform/SAIEN/arcadia/3anniv/00/CMTPerData_SAIEN_arcadia_3anniv_000_187.bin	2334
reimagine	multitalk	Event/MultiTalk/BinaryData/Perform/SAIEN/arcadia/3anniv/00/CMTPerData_SAIEN_arcadia_3anniv_000_188.bin	2334
reimagine	multitalk	Event/MultiTalk/BinaryData/Perform/SAIEN/arcadia/3anniv/00/CMTPerData_SAIEN_arcadia_3anniv_000_189.bin	2334
reimagine	multitalk	Event/MultiTalk/BinaryData/Perform/SAIEN/arcadia/3anniv/00/CMTPerData_SAIEN_arcadia_3anniv_000_190.bin	2334
reimagine	multitalk	Event/MultiTalk/BinaryData/Perform/SAIEN/arcadia/3anniv/00/CMTPerData_SAIEN_arcadia_3anniv_000_191.bin	2334
reimagine	multitalk	Event/MultiTalk/BinaryData/Perform/SAIEN/arcadia/3anniv/00/CMTPerData_SAIEN_arcadia_3anniv_000_192.bin	2334
reimagine	multitalk	Event/MultiTalk/BinaryData/Perform/SAIEN/arcadia/3anniv/00/CMTPerData_SAIEN_arcadia_3anniv_000_193.bin	2666
reimagine	multitalk	Event/MultiTalk/BinaryData/Perform/SAIEN/arcadia/3anniv/00/CMTPerData_SAIEN_arcadia_3anniv_000_194.bin	1338
reimagine	multitalk	Event/MultiTalk/BinaryData/Perform/SAIEN/arcadia/3anniv/00/CMTPerData_SAIEN_arcadia_3anniv_000_195.bin	1338
reimagine	multitalk	Event/MultiTalk/BinaryData/Perform/SAIEN/arcadia/3anniv/00/CMTPerData_SAIEN_arcadia_3anniv_000_196.bin	1338
reimagine	multitalk	Event/MultiTalk/BinaryData/Perform/SAIEN/arcadia/3anniv/00/CMTPerData_SAIEN_arcadia_3anniv_000_197.bin	1338
reimagine	multitalk	Event/MultiTalk/BinaryData/Perform/SAIEN/arcadia/3anniv/00/CMTPerData_SAIEN_arcadia_3anniv_000_198.bin	1338
reimagine	multitalk	Event/MultiTalk/BinaryData/Perform/SAIEN/arcadia/3anniv/00/CMTPerData_SAIEN_arcadia_3anniv_000_199.bin	1338
reimagine	multitalk	Event/MultiTalk/BinaryData/Perform/SAIEN/arcadia/3anniv/00/CMTPerData_SAIEN_arcadia_3anniv_000_200.bin	1338
reimagine	multitalk	Event/MultiTalk/BinaryData/Perform/SAIEN/arcadia/3anniv/00/CMTPerData_SAIEN_arcadia_3anniv_000_201.bin	1338
reimagine	multitalk	Event/MultiTalk/BinaryData/Perform/SAIEN/arcadia/3anniv/00/CMTPerData_SAIEN_arcadia_3anniv_000_202.bin	1338
reimagine	multitalk	Event/MultiTalk/BinaryData/Perform/SAIEN/arcadia/3anniv/00/CMTPerData_SAIEN_arcadia_3anniv_000_203.bin	1670
reimagine	multitalk	Event/MultiTalk/BinaryData/Perform/SAIEN/souhon/3anniv/00/CMTPerData_SAIEN_souhon_3anniv_000_001.bin	1338
reimagine	multitalk	Event/MultiTalk/BinaryData/Perform/SAIEN/souhon/3anniv/00/CMTPerData_SAIEN_souhon_3anniv_000_002.bin	1338
reimagine	multitalk	Event/MultiTalk/BinaryData/Perform/SAIEN/souhon/3anniv/00/CMTPerData_SAIEN_souhon_3anniv_000_003.bin	1338
reimagine	multitalk	Event/MultiTalk/BinaryData/Perform/SAIEN/souhon/3anniv/00/CMTPerData_SAIEN_souhon_3anniv_000_004.bin	1338
reimagine	multitalk	Event/MultiTalk/BinaryData/Perform/SAIEN/souhon/3anniv/00/CMTPerData_SAIEN_souhon_3anniv_000_005.bin	1338
reimagine	multitalk	Event/MultiTalk/BinaryData/Perform/SAIEN/souhon/3anniv/00/CMTPerData_SAIEN_souhon_3anniv_000_006.bin	1338
reimagine	multitalk	Event/MultiTalk/BinaryData/Perform/SAIEN/souhon/3anniv/00/CMTPerData_SAIEN_souhon_3anniv_000_007.bin	1338
reimagine	multitalk	Event/MultiTalk/BinaryData/Perform/SAIEN/souhon/3anniv/00/CMTPerData_SAIEN_souhon_3anniv_000_008.bin	1338
reimagine	multitalk	Event/MultiTalk/BinaryData/Perform/SAIEN/souhon/3anniv/00/CMTPerData_SAIEN_souhon_3anniv_000_009.bin	1338
reimagine	multitalk	Event/MultiTalk/BinaryData/Perform/SAIEN/souhon/3anniv/00/CMTPerData_SAIEN_souhon_3anniv_000_010.bin	1670
reimagine	multitalk	Event/MultiTalk/BinaryData/Perform/SAIEN/souhon/3anniv/00/CMTPerData_SAIEN_souhon_3anniv_000_011.bin	1670
reimagine	multitalk	Event/MultiTalk/BinaryData/Perform/SAIEN/souhon/3anniv/00/CMTPerData_SAIEN_souhon_3anniv_000_012.bin	1670
reimagine	multitalk	Event/MultiTalk/BinaryData/Perform/SAIEN/souhon/3anniv/00/CMTPerData_SAIEN_souhon_3anniv_000_013.bin	1670
reimagine	multitalk	Event/MultiTalk/BinaryData/Perform/SAIEN/souhon/3anniv/00/CMTPerData_SAIEN_souhon_3anniv_000_014.bin	1670
reimagine	multitalk	Event/MultiTalk/BinaryData/Perform/SAIEN/souhon/3anniv/00/CMTPerData_SAIEN_souhon_3anniv_000_015.bin	1670
reimagine	multitalk	Event/MultiTalk/BinaryData/Perform/SAIEN/souhon/3anniv/00/CMTPerData_SAIEN_souhon_3anniv_000_016.bin	1670
reimagine	multitalk	Event/MultiTalk/BinaryData/Perform/SAIEN/souhon/3anniv/00/CMTPerData_SAIEN_souhon_3anniv_000_017.bin	1670
reimagine	multitalk	Event/MultiTalk/BinaryData/Perform/SAIEN/souhon/3anniv/00/CMTPerData_SAIEN_souhon_3anniv_000_018.bin	2002
reimagine	multitalk	Event/MultiTalk/BinaryData/Perform/SAIEN/souhon/3anniv/00/CMTPerData_SAIEN_souhon_3anniv_000_019.bin	2002
reimagine	multitalk	Event/MultiTalk/BinaryData/Perform/SAIEN/souhon/3anniv/00/CMTPerData_SAIEN_souhon_3anniv_000_020.bin	2002
reimagine	multitalk	Event/MultiTalk/BinaryData/Perform/SAIEN/souhon/3anniv/00/CMTPerData_SAIEN_souhon_3anniv_000_021.bin	2002
reimagine	multitalk	Event/MultiTalk/BinaryData/Perform/SAIEN/souhon/3anniv/00/CMTPerData_SAIEN_souhon_3anniv_000_022.bin	2002
reimagine	multitalk	Event/MultiTalk/BinaryData/Perform/SAIEN/souhon/3anniv/00/CMTPerData_SAIEN_souhon_3anniv_000_023.bin	2002
reimagine	multitalk	Event/MultiTalk/BinaryData/Perform/SAIEN/souhon/3anniv/00/CMTPerData_SAIEN_souhon_3anniv_000_024.bin	2002
reimagine	multitalk	Event/MultiTalk/BinaryData/Perform/SAIEN/souhon/3anniv/00/CMTPerData_SAIEN_souhon_3anniv_000_025.bin	2002
reimagine	multitalk	Event/MultiTalk/BinaryData/Perform/SAIEN/souhon/3anniv/00/CMTPerData_SAIEN_souhon_3anniv_000_026.bin	2002
reimagine	multitalk	Event/MultiTalk/BinaryData/Perform/SAIEN/souhon/3anniv/00/CMTPerData_SAIEN_souhon_3anniv_000_027.bin	2334
reimagine	multitalk	Event/MultiTalk/BinaryData/Perform/SAIEN/souhon/3anniv/00/CMTPerData_SAIEN_souhon_3anniv_000_028.bin	2334
reimagine	multitalk	Event/MultiTalk/BinaryData/Perform/SAIEN/souhon/3anniv/00/CMTPerData_SAIEN_souhon_3anniv_000_029.bin	2334
reimagine	multitalk	Event/MultiTalk/BinaryData/Perform/SAIEN/souhon/3anniv/00/CMTPerData_SAIEN_souhon_3anniv_000_030.bin	2334
reimagine	multitalk	Event/MultiTalk/BinaryData/Perform/SAIEN/souhon/3anniv/00/CMTPerData_SAIEN_souhon_3anniv_000_031.bin	2334
reimagine	multitalk	Event/MultiTalk/BinaryData/Perform/SAIEN/souhon/3anniv/00/CMTPerData_SAIEN_souhon_3anniv_000_032.bin	2334
reimagine	multitalk	Event/MultiTalk/BinaryData/Perform/SAIEN/souhon/3anniv/00/CMTPerData_SAIEN_souhon_3anniv_000_033.bin	2334
reimagine	multitalk	Event/MultiTalk/BinaryData/Perform/SAIEN/souhon/3anniv/00/CMTPerData_SAIEN_souhon_3anniv_000_034.bin	2334
reimagine	multitalk	Event/MultiTalk/BinaryData/Perform/SAIEN/souhon/3anniv/00/CMTPerData_SAIEN_souhon_3anniv_000_035.bin	2334
reimagine	multitalk	Event/MultiTalk/BinaryData/Perform/SAIEN/souhon/3anniv/00/CMTPerData_SAIEN_souhon_3anniv_000_036.bin	2666
reimagine	multitalk	Event/MultiTalk/BinaryData/Perform/SAIEN/souhon/3anniv/00/CMTPerData_SAIEN_souhon_3anniv_000_037.bin	1670
reimagine	multitalk	Event/MultiTalk/BinaryData/Perform/SAIEN/souhon/3anniv/00/CMTPerData_SAIEN_souhon_3anniv_000_038.bin	1670
reimagine	multitalk	Event/MultiTalk/BinaryData/Perform/SAIEN/souhon/3anniv/00/CMTPerData_SAIEN_souhon_3anniv_000_039.bin	1670
reimagine	multitalk	Event/MultiTalk/BinaryData/Perform/SAIEN/souhon/3anniv/00/CMTPerData_SAIEN_souhon_3anniv_000_040.bin	1670
reimagine	multitalk	Event/MultiTalk/BinaryData/Perform/SAIEN/souhon/3anniv/00/CMTPerData_SAIEN_souhon_3anniv_000_041.bin	1670
reimagine	multitalk	Event/MultiTalk/BinaryData/Perform/SAIEN/souhon/3anniv/00/CMTPerData_SAIEN_souhon_3anniv_000_042.bin	1670
reimagine	multitalk	Event/MultiTalk/BinaryData/Perform/SAIEN/souhon/3anniv/00/CMTPerData_SAIEN_souhon_3anniv_000_043.bin	1670
reimagine	multitalk	Event/MultiTalk/BinaryData/Perform/SAIEN/souhon/3anniv/00/CMTPerData_SAIEN_souhon_3anniv_000_044.bin	1670
reimagine	multitalk	Event/MultiTalk/BinaryData/Perform/SAIEN/souhon/3anniv/00/CMTPerData_SAIEN_souhon_3anniv_000_045.bin	2002
reimagine	multitalk	Event/MultiTalk/BinaryData/Perform/SAIEN/souhon/3anniv/00/CMTPerData_SAIEN_souhon_3anniv_000_046.bin	1006
reimagine	multitalk	Event/MultiTalk/BinaryData/Perform/SAIEN/souhon/3anniv/00/CMTPerData_SAIEN_souhon_3anniv_000_047.bin	1006
reimagine	multitalk	Event/MultiTalk/BinaryData/Perform/SAIEN/souhon/3anniv/00/CMTPerData_SAIEN_souhon_3anniv_000_048.bin	1006
reimagine	multitalk	Event/MultiTalk/BinaryData/Perform/SAIEN/souhon/3anniv/00/CMTPerData_SAIEN_souhon_3anniv_000_049.bin	1006
reimagine	multitalk	Event/MultiTalk/BinaryData/Perform/SAIEN/souhon/3anniv/00/CMTPerData_SAIEN_souhon_3anniv_000_050.bin	1006
reimagine	multitalk	Event/MultiTalk/BinaryData/Perform/SAIEN/souhon/3anniv/00/CMTPerData_SAIEN_souhon_3anniv_000_051.bin	1006
reimagine	multitalk	Event/MultiTalk/BinaryData/Perform/SAIEN/souhon/3anniv/00/CMTPerData_SAIEN_souhon_3anniv_000_052.bin	1006
reimagine	multitalk	Event/MultiTalk/BinaryData/Perform/SAIEN/souhon/3anniv/00/CMTPerData_SAIEN_souhon_3anniv_000_053.bin	1006
reimagine	multitalk	Event/MultiTalk/BinaryData/Perform/SAIEN/souhon/3anniv/00/CMTPerData_SAIEN_souhon_3anniv_000_054.bin	674
reimagine	multitalk	Event/MultiTalk/BinaryData/Perform/SAIEN/souhon/3anniv/00/CMTPerData_SAIEN_souhon_3anniv_000_055.bin	1006
reimagine	multitalk	Event/MultiTalk/BinaryData/Perform/SAIEN/souhon/3anniv/00/CMTPerData_SAIEN_souhon_3anniv_000_056.bin	2002
reimagine	multitalk	Event/MultiTalk/BinaryData/Perform/SAIEN/souhon/3anniv/00/CMTPerData_SAIEN_souhon_3anniv_000_057.bin	1006
reimagine	multitalk	Event/MultiTalk/BinaryData/Perform/SAIEN/souhon/3anniv/00/CMTPerData_SAIEN_souhon_3anniv_000_058.bin	1338
reimagine	multitalk	Event/MultiTalk/BinaryData/Perform/SAIEN/souhon/3anniv/00/CMTPerData_SAIEN_souhon_3anniv_000_059.bin	4658
reimagine	multitalk	Event/MultiTalk/BinaryData/Perform/SAIEN/souhon/3anniv/00/CMTPerData_SAIEN_souhon_3anniv_000_060.bin	4658
reimagine	multitalk	Event/MultiTalk/BinaryData/Perform/SAIEN/souhon/3anniv/00/CMTPerData_SAIEN_souhon_3anniv_000_061.bin	1006
reimagine	multitalk	Event/MultiTalk/BinaryData/Perform/SAIEN/souhon/3anniv/00/CMTPerData_SAIEN_souhon_3anniv_000_062.bin	342
reimagine	multitalk	Event/MultiTalk/BinaryData/Perform/SAIEN/souhon/3anniv/00/CMTPerData_SAIEN_souhon_3anniv_000_063.bin	342
reimagine	multitalk	Event/MultiTalk/BinaryData/Perform/SAIEN/souhon/3anniv/00/CMTPerData_SAIEN_souhon_3anniv_000_064.bin	674
reimagine	multitalk	Event/MultiTalk/BinaryData/Perform/SAIEN/souhon/3anniv/00/CMTPerData_SAIEN_souhon_3anniv_000_065.bin	674
reimagine	multitalk	Event/MultiTalk/BinaryData/Perform/SAIEN/souhon/3anniv/00/CMTPerData_SAIEN_souhon_3anniv_000_066.bin	674
reimagine	multitalk	Event/MultiTalk/BinaryData/Perform/SAIEN/souhon/3anniv/00/CMTPerData_SAIEN_souhon_3anniv_000_067.bin	2334
reimagine	multitalk	Event/MultiTalk/BinaryData/Perform/SAIEN/souhon/3anniv/00/CMTPerData_SAIEN_souhon_3anniv_000_068.bin	674
reimagine	multitalk	Event/MultiTalk/BinaryData/Perform/SAIEN/souhon/3anniv/00/CMTPerData_SAIEN_souhon_3anniv_000_069.bin	674
reimagine	multitalk	Event/MultiTalk/BinaryData/Perform/SAIEN/souhon/3anniv/00/CMTPerData_SAIEN_souhon_3anniv_000_070.bin	674
reimagine	multitalk	Event/MultiTalk/BinaryData/Perform/SAIEN/souhon/3anniv/00/CMTPerData_SAIEN_souhon_3anniv_000_071.bin	4658
reimagine	multitalk	Event/MultiTalk/BinaryData/Perform/SAIEN/souhon/3anniv/00/CMTPerData_SAIEN_souhon_3anniv_000_072.bin	342
reimagine	multitalk	Event/MultiTalk/BinaryData/Perform/SAIEN/souhon/3anniv/00/CMTPerData_SAIEN_souhon_3anniv_000_073.bin	1338
reimagine	multitalk	Event/MultiTalk/BinaryData/Perform/SAIEN/souhon/3anniv/00/CMTPerData_SAIEN_souhon_3anniv_000_074.bin	674
reimagine	multitalk	Event/MultiTalk/BinaryData/Perform/SAIEN/souhon/3anniv/00/CMTPerData_SAIEN_souhon_3anniv_000_075.bin	1670
reimagine	multitalk	Event/MultiTalk/BinaryData/Perform/SAIEN/souhon/3anniv/00/CMTPerData_SAIEN_souhon_3anniv_000_076.bin	1670
reimagine	multitalk	Event/MultiTalk/BinaryData/Perform/SAIEN/souhon/3anniv/00/CMTPerData_SAIEN_souhon_3anniv_000_077.bin	6982
reimagine	multitalk	Event/MultiTalk/BinaryData/Perform/SAIEN/souhon/3anniv/00/CMTPerData_SAIEN_souhon_3anniv_000_078.bin	1006
reimagine	multitalk	Event/MultiTalk/BinaryData/Perform/SAIEN/souhon/3anniv/00/CMTPerData_SAIEN_souhon_3anniv_000_079.bin	1006
reimagine	multitalk	Event/MultiTalk/BinaryData/Perform/SAIEN/souhon/3anniv/00/CMTPerData_SAIEN_souhon_3anniv_000_080.bin	1006
reimagine	multitalk	Event/MultiTalk/BinaryData/Perform/SAIEN/souhon/3anniv/00/CMTPerData_SAIEN_souhon_3anniv_000_081.bin	1006
reimagine	multitalk	Event/MultiTalk/BinaryData/Perform/SAIEN/souhon/3anniv/00/CMTPerData_SAIEN_souhon_3anniv_000_082.bin	1006
reimagine	multitalk	Event/MultiTalk/BinaryData/Perform/SAIEN/souhon/3anniv/00/CMTPerData_SAIEN_souhon_3anniv_000_083.bin	1006
reimagine	multitalk	Event/MultiTalk/BinaryData/Perform/SAIEN/souhon/3anniv/00/CMTPerData_SAIEN_souhon_3anniv_000_084.bin	1006
reimagine	multitalk	Event/MultiTalk/BinaryData/Perform/SAIEN/souhon/3anniv/00/CMTPerData_SAIEN_souhon_3anniv_000_085.bin	1006
reimagine	multitalk	Event/MultiTalk/BinaryData/Perform/SAIEN/souhon/3anniv/00/CMTPerData_SAIEN_souhon_3anniv_000_086.bin	1006
reimagine	multitalk	Event/MultiTalk/BinaryData/Perform/SAIEN/souhon/3anniv/00/CMTPerData_SAIEN_souhon_3anniv_000_087.bin	1006
reimagine	multitalk	Event/MultiTalk/BinaryData/Perform/SAIEN/souhon/3anniv/00/CMTPerData_SAIEN_souhon_3anniv_000_088.bin	1006
reimagine	multitalk	Event/MultiTalk/BinaryData/Perform/SAIEN/souhon/3anniv/00/CMTPerData_SAIEN_souhon_3anniv_000_089.bin	1006
reimagine	multitalk	Event/MultiTalk/BinaryData/Perform/SAIEN/souhon/3anniv/00/CMTPerData_SAIEN_souhon_3anniv_000_090.bin	1006
reimagine	multitalk	Event/MultiTalk/BinaryData/Perform/SAIEN/souhon/3anniv/00/CMTPerData_SAIEN_souhon_3anniv_000_091.bin	1006
reimagine	multitalk	Event/MultiTalk/BinaryData/Perform/SAIEN/souhon/3anniv/00/CMTPerData_SAIEN_souhon_3anniv_000_092.bin	1006
reimagine	multitalk	Event/MultiTalk/BinaryData/Perform/SAIEN/souhon/3anniv/00/CMTPerData_SAIEN_souhon_3anniv_000_093.bin	1006
reimagine	multitalk	Event/MultiTalk/BinaryData/Perform/SAIEN/souhon/3anniv/00/CMTPerData_SAIEN_souhon_3anniv_000_094.bin	1006
reimagine	multitalk	Event/MultiTalk/BinaryData/Perform/SAIEN/souhon/3anniv/00/CMTPerData_SAIEN_souhon_3anniv_000_095.bin	1006
reimagine	multitalk	Event/MultiTalk/BinaryData/Perform/SAIEN/souhon/3anniv/00/CMTPerData_SAIEN_souhon_3anniv_000_096.bin	1006
reimagine	multitalk	Event/MultiTalk/BinaryData/Perform/SAIEN/souhon/3anniv/00/CMTPerData_SAIEN_souhon_3anniv_000_097.bin	1006
reimagine	multitalk	Event/MultiTalk/BinaryData/Perform/SAIEN/souhon/3anniv/00/CMTPerData_SAIEN_souhon_3anniv_000_098.bin	1006
reimagine	multitalk	Event/MultiTalk/BinaryData/Perform/SAIEN/souhon/3anniv/00/CMTPerData_SAIEN_souhon_3anniv_000_099.bin	1006
reimagine	multitalk	Event/MultiTalk/BinaryData/Perform/SAIEN/souhon/3anniv/00/CMTPerData_SAIEN_souhon_3anniv_000_100.bin	1006
reimagine	multitalk	Event/MultiTalk/BinaryData/Perform/SAIEN/souhon/3anniv/00/CMTPerData_SAIEN_souhon_3anniv_000_101.bin	1006
reimagine	multitalk	Event/MultiTalk/BinaryData/Perform/SAIEN/souhon/3anniv/00/CMTPerData_SAIEN_souhon_3anniv_000_102.bin	1006
reimagine	multitalk	Event/MultiTalk/BinaryData/Perform/SAIEN/souhon/3anniv/00/CMTPerData_SAIEN_souhon_3anniv_000_103.bin	1006
reimagine	multitalk	Event/MultiTalk/BinaryData/Perform/SAIEN/souhon/3anniv/00/CMTPerData_SAIEN_souhon_3anniv_000_104.bin	1006
reimagine	multitalk	Event/MultiTalk/BinaryData/Perform/SAIEN/souhon/3anniv/00/CMTPerData_SAIEN_souhon_3anniv_000_105.bin	1006
reimagine	multitalk	Event/MultiTalk/BinaryData/Perform/SAIEN/souhon/3anniv/00/CMTPerData_SAIEN_souhon_3anniv_000_106.bin	1006
reimagine	multitalk	Event/MultiTalk/BinaryData/Perform/SAIEN/souhon/3anniv/00/CMTPerData_SAIEN_souhon_3anniv_000_107.bin	1006
reimagine	multitalk	Event/MultiTalk/BinaryData/Perform/SAIEN/souhon/3anniv/00/CMTPerData_SAIEN_souhon_3anniv_000_108.bin	1006
reimagine	multitalk	Event/MultiTalk/BinaryData/Perform/SAIEN/souhon/3anniv/00/CMTPerData_SAIEN_souhon_3anniv_000_109.bin	674
reimagine	multitalk	Event/MultiTalk/BinaryData/Perform/SAIEN/souhon/3anniv/00/CMTPerData_SAIEN_souhon_3anniv_000_110.bin	1006
reimagine	multitalk	Event/MultiTalk/BinaryData/Perform/SAIEN/souhon/3anniv/00/CMTPerData_SAIEN_souhon_3anniv_000_111.bin	1006
reimagine	multitalk	Event/MultiTalk/BinaryData/Perform/SAIEN/souhon/3anniv/00/CMTPerData_SAIEN_souhon_3anniv_000_112.bin	1338
reimagine	multitalk	Event/MultiTalk/BinaryData/Perform/SAIEN/souhon/3anniv/00/CMTPerData_SAIEN_souhon_3anniv_000_113.bin	4990
reimagine	multitalk	Event/MultiTalk/BinaryData/Perform/SAIEN/souhon/3anniv/00/CMTPerData_SAIEN_souhon_3anniv_000_114.bin	8310
reimagine	multitalk	Event/MultiTalk/BinaryData/Perform/SAIEN/souhon/3anniv/00/CMTPerData_SAIEN_souhon_3anniv_000_115.bin	8974
reimagine	multitalk	Event/MultiTalk/BinaryData/Perform/SAIEN/souhon/3anniv/00/CMTPerData_SAIEN_souhon_3anniv_000_116.bin	8310
reimagine	multitalk	Event/MultiTalk/BinaryData/Perform/SAIEN/souhon/3anniv/00/CMTPerData_SAIEN_souhon_3anniv_000_117.bin	8310
reimagine	multitalk	Event/MultiTalk/BinaryData/Perform/SAIEN/souhon/3anniv/00/CMTPerData_SAIEN_souhon_3anniv_000_118.bin	8310
reimagine	multitalk	Event/MultiTalk/BinaryData/Perform/SAIEN/souhon/3anniv/00/CMTPerData_SAIEN_souhon_3anniv_000_119.bin	10966
reimagine	multitalk	Event/MultiTalk/BinaryData/Perform/SAIEN/souhon/3anniv/00/CMTPerData_SAIEN_souhon_3anniv_000_120.bin	8974
reimagine	multitalk	Event/MultiTalk/BinaryData/Perform/SAIEN/souhon/3anniv/00/CMTPerData_SAIEN_souhon_3anniv_000_121.bin	11962
reimagine	multitalk	Event/MultiTalk/BinaryData/Perform/SAIEN/souhon/3anniv/00/CMTPerData_SAIEN_souhon_3anniv_000_122.bin	674
reimagine	multitalk	Event/MultiTalk/BinaryData/Perform/SAIEN/souhon/3anniv/00/CMTPerData_SAIEN_souhon_3anniv_000_123.bin	1338
reimagine	multitalk	Event/MultiTalk/BinaryData/Perform/SAIEN/souhon/3anniv/00/CMTPerData_SAIEN_souhon_3anniv_000_124.bin	1338
reimagine	multitalk	Event/MultiTalk/BinaryData/Perform/SAIEN/souhon/3anniv/00/CMTPerData_SAIEN_souhon_3anniv_000_125.bin	1338
reimagine	multitalk	Event/MultiTalk/BinaryData/Perform/SAIEN/souhon/3anniv/00/CMTPerData_SAIEN_souhon_3anniv_000_126.bin	1338
reimagine	multitalk	Event/MultiTalk/BinaryData/Perform/SAIEN/souhon/3anniv/00/CMTPerData_SAIEN_souhon_3anniv_000_127.bin	1338
reimagine	multitalk	Event/MultiTalk/BinaryData/Perform/SAIEN/souhon/3anniv/00/CMTPerData_SAIEN_souhon_3anniv_000_128.bin	1338
reimagine	multitalk	Event/MultiTalk/BinaryData/Perform/SAIEN/souhon/3anniv/00/CMTPerData_SAIEN_souhon_3anniv_000_129.bin	1338
reimagine	multitalk	Event/MultiTalk/BinaryData/Perform/SAIEN/souhon/3anniv/00/CMTPerData_SAIEN_souhon_3anniv_000_130.bin	1670
reimagine	multitalk	Event/MultiTalk/BinaryData/Perform/SAIEN/souhon/3anniv/00/CMTPerData_SAIEN_souhon_3anniv_000_131.bin	2002
reimagine	multitalk	Event/MultiTalk/BinaryData/Perform/SAIEN/souhon/3anniv/00/CMTPerData_SAIEN_souhon_3anniv_000_132.bin	2002
reimagine	multitalk	Event/MultiTalk/BinaryData/Perform/SAIEN/souhon/3anniv/00/CMTPerData_SAIEN_souhon_3anniv_000_133.bin	2002
reimagine	multitalk	Event/MultiTalk/BinaryData/Perform/SAIEN/souhon/3anniv/00/CMTPerData_SAIEN_souhon_3anniv_000_134.bin	2002
reimagine	multitalk	Event/MultiTalk/BinaryData/Perform/SAIEN/souhon/3anniv/00/CMTPerData_SAIEN_souhon_3anniv_000_135.bin	2002
reimagine	multitalk	Event/MultiTalk/BinaryData/Perform/SAIEN/souhon/3anniv/00/CMTPerData_SAIEN_souhon_3anniv_000_136.bin	2002
reimagine	multitalk	Event/MultiTalk/BinaryData/Perform/SAIEN/souhon/3anniv/00/CMTPerData_SAIEN_souhon_3anniv_000_137.bin	2002
reimagine	multitalk	Event/MultiTalk/BinaryData/Perform/SAIEN/souhon/3anniv/00/CMTPerData_SAIEN_souhon_3anniv_000_138.bin	2002
reimagine	multitalk	Event/MultiTalk/BinaryData/Perform/SAIEN/souhon/3anniv/00/CMTPerData_SAIEN_souhon_3anniv_000_139.bin	2334
reimagine	multitalk	Event/MultiTalk/BinaryData/Perform/SAIEN/souhon/3anniv/00/CMTPerData_SAIEN_souhon_3anniv_000_140.bin	2002
reimagine	multitalk	Event/MultiTalk/BinaryData/Perform/SAIEN/souhon/3anniv/00/CMTPerData_SAIEN_souhon_3anniv_000_141.bin	2002
reimagine	multitalk	Event/MultiTalk/BinaryData/Perform/SAIEN/souhon/3anniv/00/CMTPerData_SAIEN_souhon_3anniv_000_142.bin	2002
reimagine	multitalk	Event/MultiTalk/BinaryData/Perform/SAIEN/souhon/3anniv/00/CMTPerData_SAIEN_souhon_3anniv_000_143.bin	2002
reimagine	multitalk	Event/MultiTalk/BinaryData/Perform/SAIEN/souhon/3anniv/00/CMTPerData_SAIEN_souhon_3anniv_000_144.bin	2002
reimagine	multitalk	Event/MultiTalk/BinaryData/Perform/SAIEN/souhon/3anniv/00/CMTPerData_SAIEN_souhon_3anniv_000_145.bin	2002
reimagine	multitalk	Event/MultiTalk/BinaryData/Perform/SAIEN/souhon/3anniv/00/CMTPerData_SAIEN_souhon_3anniv_000_146.bin	2002
reimagine	multitalk	Event/MultiTalk/BinaryData/Perform/SAIEN/souhon/3anniv/00/CMTPerData_SAIEN_souhon_3anniv_000_147.bin	2002
reimagine	multitalk	Event/MultiTalk/BinaryData/Perform/SAIEN/souhon/3anniv/00/CMTPerData_SAIEN_souhon_3anniv_000_148.bin	2334
reimagine	multitalk	Event/MultiTalk/BinaryData/Perform/SAIEN/souhon/3anniv/00/CMTPerData_SAIEN_souhon_3anniv_000_149.bin	2334
reimagine	multitalk	Event/MultiTalk/BinaryData/Perform/SAIEN/souhon/3anniv/00/CMTPerData_SAIEN_souhon_3anniv_000_150.bin	2334
reimagine	multitalk	Event/MultiTalk/BinaryData/Perform/SAIEN/souhon/3anniv/00/CMTPerData_SAIEN_souhon_3anniv_000_151.bin	2334
reimagine	multitalk	Event/MultiTalk/BinaryData/Perform/SAIEN/souhon/3anniv/00/CMTPerData_SAIEN_souhon_3anniv_000_152.bin	2334
reimagine	multitalk	Event/MultiTalk/BinaryData/Perform/SAIEN/souhon/3anniv/00/CMTPerData_SAIEN_souhon_3anniv_000_153.bin	2334
reimagine	multitalk	Event/MultiTalk/BinaryData/Perform/SAIEN/souhon/3anniv/00/CMTPerData_SAIEN_souhon_3anniv_000_154.bin	2334
reimagine	multitalk	Event/MultiTalk/BinaryData/Perform/SAIEN/souhon/3anniv/00/CMTPerData_SAIEN_souhon_3anniv_000_155.bin	2334
reimagine	multitalk	Event/MultiTalk/BinaryData/Perform/SAIEN/souhon/3anniv/00/CMTPerData_SAIEN_souhon_3anniv_000_156.bin	2334
reimagine	multitalk	Event/MultiTalk/BinaryData/Perform/SAIEN/souhon/3anniv/00/CMTPerData_SAIEN_souhon_3anniv_000_157.bin	2666
reimagine	multitalk	Event/MultiTalk/BinaryData/Perform/SAIEN/souhon/3anniv/00/CMTPerData_SAIEN_souhon_3anniv_000_158.bin	2334
reimagine	multitalk	Event/MultiTalk/BinaryData/Perform/SAIEN/souhon/3anniv/00/CMTPerData_SAIEN_souhon_3anniv_000_159.bin	2002
reimagine	multitalk	Event/MultiTalk/BinaryData/Perform/SAIEN/souhon/3anniv/00/CMTPerData_SAIEN_souhon_3anniv_000_160.bin	2002
reimagine	multitalk	Event/MultiTalk/BinaryData/Perform/SAIEN/souhon/3anniv/00/CMTPerData_SAIEN_souhon_3anniv_000_161.bin	2002
reimagine	multitalk	Event/MultiTalk/BinaryData/Perform/SAIEN/souhon/3anniv/00/CMTPerData_SAIEN_souhon_3anniv_000_162.bin	2002
reimagine	multitalk	Event/MultiTalk/BinaryData/Perform/SAIEN/souhon/3anniv/00/CMTPerData_SAIEN_souhon_3anniv_000_163.bin	2002
reimagine	multitalk	Event/MultiTalk/BinaryData/Perform/SAIEN/souhon/3anniv/00/CMTPerData_SAIEN_souhon_3anniv_000_164.bin	2002
reimagine	multitalk	Event/MultiTalk/BinaryData/Perform/SAIEN/souhon/3anniv/00/CMTPerData_SAIEN_souhon_3anniv_000_165.bin	2002
reimagine	multitalk	Event/MultiTalk/BinaryData/Perform/SAIEN/souhon/3anniv/00/CMTPerData_SAIEN_souhon_3anniv_000_166.bin	2334
reimagine	multitalk	Event/MultiTalk/BinaryData/Perform/SAIEN/souhon/3anniv/00/CMTPerData_SAIEN_souhon_3anniv_000_167.bin	2002
reimagine	multitalk	Event/MultiTalk/BinaryData/Perform/SAIEN/souhon/3anniv/00/CMTPerData_SAIEN_souhon_3anniv_000_168.bin	2002
reimagine	multitalk	Event/MultiTalk/BinaryData/Perform/SAIEN/souhon/3anniv/00/CMTPerData_SAIEN_souhon_3anniv_000_169.bin	2002
reimagine	multitalk	Event/MultiTalk/BinaryData/Perform/SAIEN/souhon/3anniv/00/CMTPerData_SAIEN_souhon_3anniv_000_170.bin	2002
reimagine	multitalk	Event/MultiTalk/BinaryData/Perform/SAIEN/souhon/3anniv/00/CMTPerData_SAIEN_souhon_3anniv_000_171.bin	2002
reimagine	multitalk	Event/MultiTalk/BinaryData/Perform/SAIEN/souhon/3anniv/00/CMTPerData_SAIEN_souhon_3anniv_000_172.bin	2002
reimagine	multitalk	Event/MultiTalk/BinaryData/Perform/SAIEN/souhon/3anniv/00/CMTPerData_SAIEN_souhon_3anniv_000_173.bin	2002
reimagine	multitalk	Event/MultiTalk/BinaryData/Perform/SAIEN/souhon/3anniv/00/CMTPerData_SAIEN_souhon_3anniv_000_174.bin	2002
reimagine	multitalk	Event/MultiTalk/BinaryData/Perform/SAIEN/souhon/3anniv/00/CMTPerData_SAIEN_souhon_3anniv_000_175.bin	2334
reimagine	multitalk	Event/MultiTalk/BinaryData/Perform/SAIEN/souhon/3anniv/00/CMTPerData_SAIEN_souhon_3anniv_000_176.bin	2334
reimagine	multitalk	Event/MultiTalk/BinaryData/Perform/SAIEN/souhon/3anniv/00/CMTPerData_SAIEN_souhon_3anniv_000_177.bin	2334
reimagine	multitalk	Event/MultiTalk/BinaryData/Perform/SAIEN/souhon/3anniv/00/CMTPerData_SAIEN_souhon_3anniv_000_178.bin	2334
reimagine	multitalk	Event/MultiTalk/BinaryData/Perform/SAIEN/souhon/3anniv/00/CMTPerData_SAIEN_souhon_3anniv_000_179.bin	2334
reimagine	multitalk	Event/MultiTalk/BinaryData/Perform/SAIEN/souhon/3anniv/00/CMTPerData_SAIEN_souhon_3anniv_000_180.bin	2334
reimagine	multitalk	Event/MultiTalk/BinaryData/Perform/SAIEN/souhon/3anniv/00/CMTPerData_SAIEN_souhon_3anniv_000_181.bin	2334
reimagine	multitalk	Event/MultiTalk/BinaryData/Perform/SAIEN/souhon/3anniv/00/CMTPerData_SAIEN_souhon_3anniv_000_182.bin	2334
reimagine	multitalk	Event/MultiTalk/BinaryData/Perform/SAIEN/souhon/3anniv/00/CMTPerData_SAIEN_souhon_3anniv_000_183.bin	2334
reimagine	multitalk	Event/MultiTalk/BinaryData/Perform/SAIEN/souhon/3anniv/00/CMTPerData_SAIEN_souhon_3anniv_000_184.bin	2666
reimagine	multitalk	Event/MultiTalk/BinaryData/Perform/SAIEN/souhon/3anniv/00/CMTPerData_SAIEN_souhon_3anniv_000_185.bin	2334
reimagine	multitalk	Event/MultiTalk/BinaryData/Perform/SAIEN/souhon/3anniv/00/CMTPerData_SAIEN_souhon_3anniv_000_186.bin	2334
reimagine	multitalk	Event/MultiTalk/BinaryData/Perform/SAIEN/souhon/3anniv/00/CMTPerData_SAIEN_souhon_3anniv_000_187.bin	2334
reimagine	multitalk	Event/MultiTalk/BinaryData/Perform/SAIEN/souhon/3anniv/00/CMTPerData_SAIEN_souhon_3anniv_000_188.bin	2334
reimagine	multitalk	Event/MultiTalk/BinaryData/Perform/SAIEN/souhon/3anniv/00/CMTPerData_SAIEN_souhon_3anniv_000_189.bin	2334
reimagine	multitalk	Event/MultiTalk/BinaryData/Perform/SAIEN/souhon/3anniv/00/CMTPerData_SAIEN_souhon_3anniv_000_190.bin	2334
reimagine	multitalk	Event/MultiTalk/BinaryData/Perform/SAIEN/souhon/3anniv/00/CMTPerData_SAIEN_souhon_3anniv_000_191.bin	2334
reimagine	multitalk	Event/MultiTalk/BinaryData/Perform/SAIEN/souhon/3anniv/00/CMTPerData_SAIEN_souhon_3anniv_000_192.bin	2334
reimagine	multitalk	Event/MultiTalk/BinaryData/Perform/SAIEN/souhon/3anniv/00/CMTPerData_SAIEN_souhon_3anniv_000_193.bin	2666
reimagine	multitalk	Event/MultiTalk/BinaryData/Perform/SAIEN/souhon/3anniv/00/CMTPerData_SAIEN_souhon_3anniv_000_194.bin	1338
reimagine	multitalk	Event/MultiTalk/BinaryData/Perform/SAIEN/souhon/3anniv/00/CMTPerData_SAIEN_souhon_3anniv_000_195.bin	1338
reimagine	multitalk	Event/MultiTalk/BinaryData/Perform/SAIEN/souhon/3anniv/00/CMTPerData_SAIEN_souhon_3anniv_000_196.bin	1338
reimagine	multitalk	Event/MultiTalk/BinaryData/Perform/SAIEN/souhon/3anniv/00/CMTPerData_SAIEN_souhon_3anniv_000_197.bin	1338
reimagine	multitalk	Event/MultiTalk/BinaryData/Perform/SAIEN/souhon/3anniv/00/CMTPerData_SAIEN_souhon_3anniv_000_198.bin	1338
reimagine	multitalk	Event/MultiTalk/BinaryData/Perform/SAIEN/souhon/3anniv/00/CMTPerData_SAIEN_souhon_3anniv_000_199.bin	1338
reimagine	multitalk	Event/MultiTalk/BinaryData/Perform/SAIEN/souhon/3anniv/00/CMTPerData_SAIEN_souhon_3anniv_000_200.bin	1338
reimagine	multitalk	Event/MultiTalk/BinaryData/Perform/SAIEN/souhon/3anniv/00/CMTPerData_SAIEN_souhon_3anniv_000_201.bin	1338
reimagine	multitalk	Event/MultiTalk/BinaryData/Perform/SAIEN/souhon/3anniv/00/CMTPerData_SAIEN_souhon_3anniv_000_202.bin	1338
reimagine	multitalk	Event/MultiTalk/BinaryData/Perform/SAIEN/souhon/3anniv/00/CMTPerData_SAIEN_souhon_3anniv_000_203.bin	1670
reimagine	multitalk	Event/MultiTalk/BinaryData/Perform/SAIKA/ikebukuro/Durarara/00/CMTPerData_SAIKA_ikebukuro_Durarara_000_001.bin	674
reimagine	multitalk	Event/MultiTalk/BinaryData/Perform/SAIKA/ikebukuro/Durarara/00/CMTPerData_SAIKA_ikebukuro_Durarara_000_002.bin	674
reimagine	multitalk	Event/MultiTalk/BinaryData/Perform/SAIKA/ikebukuro/Durarara/00/CMTPerData_SAIKA_ikebukuro_Durarara_000_003.bin	674
reimagine	multitalk	Event/MultiTalk/BinaryData/Perform/SAIKA/ikebukuro/Durarara/00/CMTPerData_SAIKA_ikebukuro_Durarara_000_004.bin	674
reimagine	multitalk	Event/MultiTalk/BinaryData/Perform/SAIKA/ikebukuro/Durarara/00/CMTPerData_SAIKA_ikebukuro_Durarara_000_005.bin	674
reimagine	multitalk	Event/MultiTalk/BinaryData/Perform/SAIKA/ikebukuro/Durarara/00/CMTPerData_SAIKA_ikebukuro_Durarara_000_006.bin	674
reimagine	multitalk	Event/MultiTalk/BinaryData/Perform/SAIKA/ikebukuro/Durarara/00/CMTPerData_SAIKA_ikebukuro_Durarara_000_007.bin	10
reimagine	multitalk	Event/MultiTalk/BinaryData/Perform/SAKAM/souhon/COC01/00/CMTPerData_SAKAM_souhon_COC01_000_001.bin	674
reimagine	multitalk	Event/MultiTalk/BinaryData/Perform/SAKAM/souhon/COC01/00/CMTPerData_SAKAM_souhon_COC01_000_002.bin	1338
reimagine	multitalk	Event/MultiTalk/BinaryData/Perform/SAKAM/souhon/COC01/00/CMTPerData_SAKAM_souhon_COC01_000_003.bin	342
reimagine	multitalk	Event/MultiTalk/BinaryData/Perform/SAKAM/souhon/COC01/00/CMTPerData_SAKAM_souhon_COC01_000_004.bin	2334
reimagine	multitalk	Event/MultiTalk/BinaryData/Perform/SAKAM/souhon/COC02/00/CMTPerData_SAKAM_souhon_COC02_000_001.bin	674
reimagine	multitalk	Event/MultiTalk/BinaryData/Perform/SAKAM/souhon/COC02/00/CMTPerData_SAKAM_souhon_COC02_000_002.bin	342
reimagine	multitalk	Event/MultiTalk/BinaryData/Perform/SAKAM/souhon/COC02/00/CMTPerData_SAKAM_souhon_COC02_000_003.bin	674
reimagine	multitalk	Event/MultiTalk/BinaryData/Perform/SAKAM/souhon/COC02/00/CMTPerData_SAKAM_souhon_COC02_000_004.bin	674
reimagine	multitalk	Event/MultiTalk/BinaryData/Perform/SAKAM/souhon/COC04/00/CMTPerData_SAKAM_souhon_COC04_000_001.bin	2998
reimagine	multitalk	Event/MultiTalk/BinaryData/Perform/SAKAM/souhon/COC04/00/CMTPerData_SAKAM_souhon_COC04_000_002.bin	342
reimagine	multitalk	Event/MultiTalk/BinaryData/Perform/SAKAM/souhon/COC04/00/CMTPerData_SAKAM_souhon_COC04_000_003.bin	674
reimagine	multitalk	Event/MultiTalk/BinaryData/Perform/SAKAM/souhon/COC04/00/CMTPerData_SAKAM_souhon_COC04_000_004.bin	674
reimagine	multitalk	Event/MultiTalk/BinaryData/Perform/SAKAM/souhon/COC04/00/CMTPerData_SAKAM_souhon_COC04_000_005.bin	2998
reimagine	multitalk	Event/MultiTalk/BinaryData/Perform/SAKAM/souhon/COC04/00/CMTPerData_SAKAM_souhon_COC04_000_006.bin	342
reimagine	multitalk	Event/MultiTalk/BinaryData/Perform/SAKAM/souhon/COC04/00/CMTPerData_SAKAM_souhon_COC04_000_007.bin	1006
reimagine	multitalk	Event/MultiTalk/BinaryData/Perform/SAKAM/souhon/COC05/00/CMTPerData_SAKAM_souhon_COC05_000_001.bin	1006
reimagine	multitalk	Event/MultiTalk/BinaryData/Perform/SAKAM/souhon/COC06/00/CMTPerData_SAKAM_souhon_COC06_000_001.bin	1670
reimagine	multitalk	Event/MultiTalk/BinaryData/Perform/SANJE/babel/PET/00/CMTPerData_SANJE_babel_Pet_000_001.bin	2998
reimagine	multitalk	Event/MultiTalk/BinaryData/Perform/SANJE/babel/PET/00/CMTPerData_SANJE_babel_Pet_000_002.bin	2334
reimagine	multitalk	Event/MultiTalk/BinaryData/Perform/SANJE/babel/PET/00/CMTPerData_SANJE_babel_Pet_000_003.bin	5322
reimagine	multitalk	Event/MultiTalk/BinaryData/Perform/SANJE/babel/PET/00/CMTPerData_SANJE_babel_Pet_000_004.bin	7314
reimagine	multitalk	Event/MultiTalk/BinaryData/Perform/SANJE/babel/PET/00/CMTPerData_SANJE_babel_Pet_000_005.bin	4658
reimagine	multitalk	Event/MultiTalk/BinaryData/Perform/SANJE/babel/PET/00/CMTPerData_SANJE_babel_Pet_000_006.bin	2334
reimagine	multitalk	Event/MultiTalk/BinaryData/Perform/SANJE/babel/PET/00/CMTPerData_SANJE_babel_Pet_000_007.bin	2334
reimagine	multitalk	Event/MultiTalk/BinaryData/Perform/SANJE/babel/PET/00/CMTPerData_SANJE_babel_Pet_000_008.bin	2334
reimagine	multitalk	Event/MultiTalk/BinaryData/Perform/SANJE/babel/PET/00/CMTPerData_SANJE_babel_Pet_000_009.bin	3662
reimagine	multitalk	Event/MultiTalk/BinaryData/Perform/SANJE/babel/PET/00/CMTPerData_SANJE_babel_Pet_000_010.bin	2334
reimagine	multitalk	Event/MultiTalk/BinaryData/Perform/SANJE/babel/PET/00/CMTPerData_SANJE_babel_Pet_000_011.bin	4658
reimagine	multitalk	Event/MultiTalk/BinaryData/Perform/SANJE/babel/PET/00/CMTPerData_SANJE_babel_Pet_000_012.bin	7646
reimagine	multitalk	Event/MultiTalk/BinaryData/Perform/SANJE/babel/PET/00/CMTPerData_SANJE_babel_Pet_000_013.bin	4990
reimagine	multitalk	Event/MultiTalk/BinaryData/Perform/SANJE/babel/PET/00/CMTPerData_SANJE_babel_Pet_000_014.bin	3330
reimagine	multitalk	Event/MultiTalk/BinaryData/Perform/SANJE/babel/PET/00/CMTPerData_SANJE_babel_Pet_000_015.bin	674
reimagine	multitalk	Event/MultiTalk/BinaryData/Perform/SANJE/babel/PET/00/CMTPerData_SANJE_babel_Pet_000_016.bin	7978
reimagine	multitalk	Event/MultiTalk/BinaryData/Perform/SANJE/babel/PET/00/CMTPerData_SANJE_babel_Pet_000_017.bin	2666
reimagine	multitalk	Event/MultiTalk/BinaryData/Perform/SANJE/babel/PET/00/CMTPerData_SANJE_babel_Pet_000_018.bin	5654
reimagine	multitalk	Event/MultiTalk/BinaryData/Perform/SANJE/babel/PET/00/CMTPerData_SANJE_babel_Pet_000_019.bin	8974
reimagine	multitalk	Event/MultiTalk/BinaryData/Perform/SANJE/babel/PET/00/CMTPerData_SANJE_babel_Pet_000_020.bin	2334
reimagine	multitalk	Event/MultiTalk/BinaryData/Perform/SANJE/babel/PET/00/CMTPerData_SANJE_babel_Pet_000_021.bin	2666
reimagine	multitalk	Event/MultiTalk/BinaryData/Perform/SANJE/babel/PET/00/CMTPerData_SANJE_babel_Pet_000_022.bin	1670
reimagine	multitalk	Event/MultiTalk/BinaryData/Perform/SANJE/babel/PET/00/CMTPerData_SANJE_babel_Pet_000_023.bin	5322
reimagine	multitalk	Event/MultiTalk/BinaryData/Perform/SANJE/babel/PET/00/CMTPerData_SANJE_babel_Pet_000_024.bin	17606
reimagine	multitalk	Event/MultiTalk/BinaryData/Perform/SANJE/babel/PET/00/CMTPerData_SANJE_babel_Pet_000_025.bin	6650
reimagine	multitalk	Event/MultiTalk/BinaryData/Perform/SANJE/babel/PET/00/CMTPerData_SANJE_babel_Pet_000_026.bin	20262
reimagine	multitalk	Event/MultiTalk/BinaryData/Perform/SANJE/babel/PET/00/CMTPerData_SANJE_babel_Pet_000_027.bin	17938
reimagine	multitalk	Event/MultiTalk/BinaryData/Perform/SANJE/babel/PET/00/CMTPerData_SANJE_babel_Pet_000_028.bin	19598
reimagine	multitalk	Event/MultiTalk/BinaryData/Perform/SANJE/babel/PET/00/CMTPerData_SANJE_babel_Pet_000_029.bin	17938
reimagine	multitalk	Event/MultiTalk/BinaryData/Perform/SANJE/babel/PET/00/CMTPerData_SANJE_babel_Pet_000_030.bin	19598
reimagine	multitalk	Event/MultiTalk/BinaryData/Perform/SANJE/babel/PET/00/CMTPerData_SANJE_babel_Pet_000_031.bin	17938
reimagine	multitalk	Event/MultiTalk/BinaryData/Perform/SANJE/babel/PET/00/CMTPerData_SANJE_babel_Pet_000_032.bin	19598
reimagine	multitalk	Event/MultiTalk/BinaryData/Perform/SANJE/babel/PET/00/CMTPerData_SANJE_babel_Pet_000_033.bin	2666
reimagine	multitalk	Event/MultiTalk/BinaryData/Perform/SANJE/babel/PET/00/CMTPerData_SANJE_babel_Pet_000_034.bin	4658
reimagine	multitalk	Event/MultiTalk/BinaryData/Perform/SANJE/babel/PET/00/CMTPerData_SANJE_babel_Pet_000_035.bin	674
reimagine	multitalk	Event/MultiTalk/BinaryData/Perform/SANJE/babel/PET/00/CMTPerData_SANJE_babel_Pet_000_036.bin	2998
reimagine	multitalk	Event/MultiTalk/BinaryData/Perform/SANJE/babel/PET/00/CMTPerData_SANJE_babel_Pet_000_037.bin	4658
reimagine	multitalk	Event/MultiTalk/BinaryData/Perform/SANJE/babel/PET/00/CMTPerData_SANJE_babel_Pet_000_038.bin	5654
reimagine	multitalk	Event/MultiTalk/BinaryData/Perform/SANJE/babel/PET/00/CMTPerData_SANJE_babel_Pet_000_039.bin	3662
reimagine	multitalk	Event/MultiTalk/BinaryData/Perform/SANJE/babel/PET/00/CMTPerData_SANJE_babel_Pet_000_040.bin	5654
reimagine	multitalk	Event/MultiTalk/BinaryData/Perform/SANJE/babel/PET/00/CMTPerData_SANJE_babel_Pet_000_041.bin	2666
reimagine	multitalk	Event/MultiTalk/BinaryData/Perform/SANJE/babel/PET/00/CMTPerData_SANJE_babel_Pet_000_042.bin	5654
reimagine	multitalk	Event/MultiTalk/BinaryData/Perform/SANJE/babel/PET/00/CMTPerData_SANJE_babel_Pet_000_043.bin	3330
reimagine	multitalk	Event/MultiTalk/BinaryData/Perform/SCATHACH/nakanoF/2012KAKIEV/00/CMTPerData_SCATHACH_nakanoF_2012KAKIEV_000_001.bin	3330
reimagine	multitalk	Event/MultiTalk/BinaryData/Perform/SCATHACH/nakanoF/2012KAKIEV/00/CMTPerData_SCATHACH_nakanoF_2012KAKIEV_000_002.bin	1670
reimagine	multitalk	Event/MultiTalk/BinaryData/Perform/SCATHACH/nakanoF/2012KAKIEV/00/CMTPerData_SCATHACH_nakanoF_2012KAKIEV_000_003.bin	4326
reimagine	multitalk	Event/MultiTalk/BinaryData/Perform/SCATHACH/nakanoF/2012KAKIEV/00/CMTPerData_SCATHACH_nakanoF_2012KAKIEV_000_004.bin	2334
reimagine	multitalk	Event/MultiTalk/BinaryData/Perform/SCATHACH/nakanoF/2012KAKIEV/00/CMTPerData_SCATHACH_nakanoF_2012KAKIEV_000_005.bin	3330
reimagine	multitalk	Event/MultiTalk/BinaryData/Perform/SCATHACH/nakanoF/2012KAKIEV/00/CMTPerData_SCATHACH_nakanoF_2012KAKIEV_000_006.bin	3330
reimagine	multitalk	Event/MultiTalk/BinaryData/Perform/SCATHACH/nakanoF/2012KAKIEV/00/CMTPerData_SCATHACH_nakanoF_2012KAKIEV_000_007.bin	3662
reimagine	multitalk	Event/MultiTalk/BinaryData/Perform/SCATHACH/nakanoF/2012KAKIEV/00/CMTPerData_SCATHACH_nakanoF_2012KAKIEV_000_008.bin	2002
reimagine	multitalk	Event/MultiTalk/BinaryData/Perform/SCATHACH/nakanoF/2012KAKIEV/00/CMTPerData_SCATHACH_nakanoF_2012KAKIEV_000_009.bin	2002
reimagine	multitalk	Event/MultiTalk/BinaryData/Perform/SCATHACH/nakanoF/2012KAKIEV/00/CMTPerData_SCATHACH_nakanoF_2012KAKIEV_000_010.bin	16610
reimagine	multitalk	Event/MultiTalk/BinaryData/Perform/SCATHACH/nakanoF/2012KAKIEV/00/CMTPerData_SCATHACH_nakanoF_2012KAKIEV_000_011.bin	7978
reimagine	multitalk	Event/MultiTalk/BinaryData/Perform/SCATHACH/nakanoF/2012KAKIEV/00/CMTPerData_SCATHACH_nakanoF_2012KAKIEV_000_012.bin	4326
reimagine	multitalk	Event/MultiTalk/BinaryData/Perform/SCATHACH/nakanoF/2012KAKIEV/00/CMTPerData_SCATHACH_nakanoF_2012KAKIEV_000_013.bin	4326
reimagine	multitalk	Event/MultiTalk/BinaryData/Perform/SCATHACH/nakanoF/2012KAKIEV/00/CMTPerData_SCATHACH_nakanoF_2012KAKIEV_000_014.bin	4326
reimagine	multitalk	Event/MultiTalk/BinaryData/Perform/SCATHACH/nakanoF/2012KAKIEV/00/CMTPerData_SCATHACH_nakanoF_2012KAKIEV_000_015.bin	2002
reimagine	multitalk	Event/MultiTalk/BinaryData/Perform/SCATHACH/nakanoF/2012KAKIEV/00/CMTPerData_SCATHACH_nakanoF_2012KAKIEV_000_016.bin	3994
reimagine	multitalk	Event/MultiTalk/BinaryData/Perform/SCATHACH/nakanoF/2012KAKIEV/00/CMTPerData_SCATHACH_nakanoF_2012KAKIEV_000_017.bin	4326
reimagine	multitalk	Event/MultiTalk/BinaryData/Perform/SCATHACH/nakanoF/2012KAKIEV/00/CMTPerData_SCATHACH_nakanoF_2012KAKIEV_000_018.bin	2998
reimagine	multitalk	Event/MultiTalk/BinaryData/Perform/SCATHACH/nakanoF/2012KAKIEV/00/CMTPerData_SCATHACH_nakanoF_2012KAKIEV_000_019.bin	1670
reimagine	multitalk	Event/MultiTalk/BinaryData/Perform/SCATHACH/nakanoF/2012KAKIEV/00/CMTPerData_SCATHACH_nakanoF_2012KAKIEV_000_020.bin	1670
reimagine	multitalk	Event/MultiTalk/BinaryData/Perform/SCATHACH/nakanoF/2012KAKIEV/00/CMTPerData_SCATHACH_nakanoF_2012KAKIEV_000_021.bin	1670
reimagine	multitalk	Event/MultiTalk/BinaryData/Perform/SCATHACH/nakanoF/2012KAKIEV/00/CMTPerData_SCATHACH_nakanoF_2012KAKIEV_000_022.bin	1006
reimagine	multitalk	Event/MultiTalk/BinaryData/Perform/SCATHACH/nakanoF/2012KAKIEV/00/CMTPerData_SCATHACH_nakanoF_2012KAKIEV_000_023.bin	1670
reimagine	multitalk	Event/MultiTalk/BinaryData/Perform/SCATHACH/nakanoF/2012KAKIEV/00/CMTPerData_SCATHACH_nakanoF_2012KAKIEV_000_024.bin	1670
reimagine	multitalk	Event/MultiTalk/BinaryData/Perform/SCATHACH/nakanoF/2012KAKIEV/00/CMTPerData_SCATHACH_nakanoF_2012KAKIEV_000_025.bin	1006
reimagine	multitalk	Event/MultiTalk/BinaryData/Perform/SCATHACH/nakanoF/2012KAKIEV/00/CMTPerData_SCATHACH_nakanoF_2012KAKIEV_000_026.bin	2002
reimagine	multitalk	Event/MultiTalk/BinaryData/Perform/SCATHACH/nakanoF/2012KAKIEV/00/CMTPerData_SCATHACH_nakanoF_2012KAKIEV_000_027.bin	1670
reimagine	multitalk	Event/MultiTalk/BinaryData/Perform/SCATHACH/nakanoF/2012KAKIEV/01/CMTPerData_SCATHACH_nakanoF_2012KAKIEV_001_001.bin	1670
reimagine	multitalk	Event/MultiTalk/BinaryData/Perform/SCATHACH/nakanoF/2012KAKIEV/01/CMTPerData_SCATHACH_nakanoF_2012KAKIEV_001_002.bin	1670
reimagine	multitalk	Event/MultiTalk/BinaryData/Perform/SCATHACH/nakanoF/2012KAKIEV/01/CMTPerData_SCATHACH_nakanoF_2012KAKIEV_001_003.bin	1670
reimagine	multitalk	Event/MultiTalk/BinaryData/Perform/SCATHACH/nakanoF/2012KAKIEV/01/CMTPerData_SCATHACH_nakanoF_2012KAKIEV_001_004.bin	1670
reimagine	multitalk	Event/MultiTalk/BinaryData/Perform/SCATHACH/nakanoF/2012KAKIEV/01/CMTPerData_SCATHACH_nakanoF_2012KAKIEV_001_005.bin	1670
reimagine	multitalk	Event/MultiTalk/BinaryData/Perform/SCATHACH/nakanoF/2012KAKIEV/01/CMTPerData_SCATHACH_nakanoF_2012KAKIEV_001_006.bin	1670
reimagine	multitalk	Event/MultiTalk/BinaryData/Perform/SCATHACH/nakanoF/2012KAKIEV/01/CMTPerData_SCATHACH_nakanoF_2012KAKIEV_001_007.bin	2002
reimagine	multitalk	Event/MultiTalk/BinaryData/Perform/SCATHACH/nakanoF/2012KAKIEV/01/CMTPerData_SCATHACH_nakanoF_2012KAKIEV_001_008.bin	5322
reimagine	multitalk	Event/MultiTalk/BinaryData/Perform/SCATHACH/nakanoF/2012KAKIEV/01/CMTPerData_SCATHACH_nakanoF_2012KAKIEV_001_009.bin	1338
reimagine	multitalk	Event/MultiTalk/BinaryData/Perform/SCATHACH/nakanoF/2012KAKIEV/01/CMTPerData_SCATHACH_nakanoF_2012KAKIEV_001_010.bin	7314
reimagine	multitalk	Event/MultiTalk/BinaryData/Perform/SCATHACH/nakanoF/2012KAKIEV/01/CMTPerData_SCATHACH_nakanoF_2012KAKIEV_001_011.bin	5654
reimagine	multitalk	Event/MultiTalk/BinaryData/Perform/SCATHACH/nakanoF/2012KAKIEV/01/CMTPerData_SCATHACH_nakanoF_2012KAKIEV_001_012.bin	4658
reimagine	multitalk	Event/MultiTalk/BinaryData/Perform/SCATHACH/nakanoF/2012KAKIEV/01/CMTPerData_SCATHACH_nakanoF_2012KAKIEV_001_013.bin	4658
reimagine	multitalk	Event/MultiTalk/BinaryData/Perform/SCATHACH/nakanoF/2012KAKIEV/01/CMTPerData_SCATHACH_nakanoF_2012KAKIEV_001_014.bin	4658
reimagine	multitalk	Event/MultiTalk/BinaryData/Perform/SCATHACH/nakanoF/2012KAKIEV/01/CMTPerData_SCATHACH_nakanoF_2012KAKIEV_001_015.bin	2998
reimagine	multitalk	Event/MultiTalk/BinaryData/Perform/SCATHACH/nakanoF/2012KAKIEV/01/CMTPerData_SCATHACH_nakanoF_2012KAKIEV_001_016.bin	1006
reimagine	multitalk	Event/MultiTalk/BinaryData/Perform/SCATHACH/nakanoF/2012KAKIEV/01/CMTPerData_SCATHACH_nakanoF_2012KAKIEV_001_017.bin	8974
reimagine	multitalk	Event/MultiTalk/BinaryData/Perform/SCATHACH/nakanoF/2012KAKIEV/01/CMTPerData_SCATHACH_nakanoF_2012KAKIEV_001_018.bin	3662
reimagine	multitalk	Event/MultiTalk/BinaryData/Perform/SCATHACH/nakanoF/2012KAKIEV/01/CMTPerData_SCATHACH_nakanoF_2012KAKIEV_001_019.bin	2666
reimagine	multitalk	Event/MultiTalk/BinaryData/Perform/SCATHACH/nakanoF/2012KAKIEV/01/CMTPerData_SCATHACH_nakanoF_2012KAKIEV_001_020.bin	1006
reimagine	multitalk	Event/MultiTalk/BinaryData/Perform/SCATHACH/nakanoF/2012KAKIEV/01/CMTPerData_SCATHACH_nakanoF_2012KAKIEV_001_021.bin	1338
reimagine	multitalk	Event/MultiTalk/BinaryData/Perform/SCATHACH/nakanoF/2012KAKIEV/02/CMTPerData_SCATHACH_nakanoF_2012KAKIEV_002_001.bin	4326
reimagine	multitalk	Event/MultiTalk/BinaryData/Perform/SCATHACH/nakanoF/2012KAKIEV/02/CMTPerData_SCATHACH_nakanoF_2012KAKIEV_002_002.bin	5986
reimagine	multitalk	Event/MultiTalk/BinaryData/Perform/SCATHACH/nakanoF/2012KAKIEV/02/CMTPerData_SCATHACH_nakanoF_2012KAKIEV_002_003.bin	5986
reimagine	multitalk	Event/MultiTalk/BinaryData/Perform/SCATHACH/nakanoF/2012KAKIEV/02/CMTPerData_SCATHACH_nakanoF_2012KAKIEV_002_004.bin	5986
reimagine	multitalk	Event/MultiTalk/BinaryData/Perform/SCATHACH/nakanoF/2012KAKIEV/02/CMTPerData_SCATHACH_nakanoF_2012KAKIEV_002_005.bin	1006
reimagine	multitalk	Event/MultiTalk/BinaryData/Perform/SCATHACH/nakanoF/2012KAKIEV/02/CMTPerData_SCATHACH_nakanoF_2012KAKIEV_002_006.bin	2998
reimagine	multitalk	Event/MultiTalk/BinaryData/Perform/SCATHACH/nakanoF/2012KAKIEV/02/CMTPerData_SCATHACH_nakanoF_2012KAKIEV_002_007.bin	6982
reimagine	multitalk	Event/MultiTalk/BinaryData/Perform/SCATHACH/nakanoF/2012KAKIEV/02/CMTPerData_SCATHACH_nakanoF_2012KAKIEV_002_008.bin	2998
reimagine	multitalk	Event/MultiTalk/BinaryData/Perform/SCATHACH/nakanoF/2012KAKIEV/02/CMTPerData_SCATHACH_nakanoF_2012KAKIEV_002_009.bin	23582
reimagine	multitalk	Event/MultiTalk/BinaryData/Perform/SCATHACH/nakanoF/2012KAKIEV/02/CMTPerData_SCATHACH_nakanoF_2012KAKIEV_002_010.bin	7646
reimagine	multitalk	Event/MultiTalk/BinaryData/Perform/SCATHACH/nakanoF/2012KAKIEV/02/CMTPerData_SCATHACH_nakanoF_2012KAKIEV_002_011.bin	2002
reimagine	multitalk	Event/MultiTalk/BinaryData/Perform/SETANTA/nakanoF/2012KAKIEV/00/CMTPerData_SETANTA_nakanoF_2012KAKIEV_000_001.bin	7314
reimagine	multitalk	Event/MultiTalk/BinaryData/Perform/SETSU/baberu/EP165/00/CMTPerData_SETSU_baberu_EP165_000_001.bin	5322
reimagine	multitalk	Event/MultiTalk/BinaryData/Perform/SETSU/baberu/EP165/00/CMTPerData_SETSU_baberu_EP165_000_002.bin	4658
reimagine	multitalk	Event/MultiTalk/BinaryData/Perform/SETSU/baberu/EP165/00/CMTPerData_SETSU_baberu_EP165_000_003.bin	4326
reimagine	multitalk	Event/MultiTalk/BinaryData/Perform/SETSU/baberu/EP165/00/CMTPerData_SETSU_baberu_EP165_000_004.bin	4326
reimagine	multitalk	Event/MultiTalk/BinaryData/Perform/SETSU/baberu/EP165/00/CMTPerData_SETSU_baberu_EP165_000_005.bin	3994
reimagine	multitalk	Event/MultiTalk/BinaryData/Perform/SETSU/baberu/EP165/00/CMTPerData_SETSU_baberu_EP165_000_006.bin	2002
reimagine	multitalk	Event/MultiTalk/BinaryData/Perform/SETSU/create/EP19/00/CMTPerData_SETSU_create_EP19_000_001.bin	57778
reimagine	multitalk	Event/MultiTalk/BinaryData/Perform/SHINSE/sugiF/EP01/00/CMTPerData_SHINSE_sugiF_EP01_000_001.bin	5654
reimagine	multitalk	Event/MultiTalk/BinaryData/Perform/SHINSE/sugiF/EP01/00/CMTPerData_SHINSE_sugiF_EP01_000_002.bin	1338
reimagine	multitalk	Event/MultiTalk/BinaryData/Perform/SHINSE/sugiF/EP01/00/CMTPerData_SHINSE_sugiF_EP01_000_003.bin	342
reimagine	multitalk	Event/MultiTalk/BinaryData/Perform/SHINSE/sugiF/EP01/00/CMTPerData_SHINSE_sugiF_EP01_000_004.bin	5986
reimagine	multitalk	Event/MultiTalk/BinaryData/Perform/SHINSE/sugiF/EP01/00/CMTPerData_SHINSE_sugiF_EP01_000_005.bin	5986
reimagine	multitalk	Event/MultiTalk/BinaryData/Perform/SHINSE/sugiF/EP01/00/CMTPerData_SHINSE_sugiF_EP01_000_006.bin	6650
reimagine	multitalk	Event/MultiTalk/BinaryData/Perform/SHINSE/sugiF/EP01/00/CMTPerData_SHINSE_sugiF_EP01_000_007.bin	3330
reimagine	multitalk	Event/MultiTalk/BinaryData/Perform/SHITOU/ichiMO/COC06/00/CMTPerData_SHITOU_ichiMO_COC06_000_001.bin	1338
reimagine	multitalk	Event/MultiTalk/BinaryData/Perform/SHITOU/ichiMO/COC06/00/CMTPerData_SHITOU_ichiMO_COC06_000_002.bin	2998
reimagine	multitalk	Event/MultiTalk/BinaryData/Perform/SHITOU/ichiMO/COC06/00/CMTPerData_SHITOU_ichiMO_COC06_000_003.bin	3994
reimagine	multitalk	Event/MultiTalk/BinaryData/Perform/SHITOU/ichiMO/COC06/00/CMTPerData_SHITOU_ichiMO_COC06_000_004.bin	2334
reimagine	multitalk	Event/MultiTalk/BinaryData/Perform/SHITOU/ichiMO/COC06/00/CMTPerData_SHITOU_ichiMO_COC06_000_005.bin	1670
reimagine	multitalk	Event/MultiTalk/BinaryData/Perform/SHITOU/ichiMO/COC06/00/CMTPerData_SHITOU_ichiMO_COC06_000_006.bin	5322
reimagine	multitalk	Event/MultiTalk/BinaryData/Perform/SHITOU/ichiMO/COC06/00/CMTPerData_SHITOU_ichiMO_COC06_000_007.bin	4326
reimagine	multitalk	Event/MultiTalk/BinaryData/Perform/SHITOU/ichiMO/COC06/00/CMTPerData_SHITOU_ichiMO_COC06_000_008.bin	2334
reimagine	multitalk	Event/MultiTalk/BinaryData/Perform/SHITOU/ichiMO/COC06/00/CMTPerData_SHITOU_ichiMO_COC06_000_009.bin	2002
reimagine	multitalk	Event/MultiTalk/BinaryData/Perform/SHITOU/ichiMO/COC06/00/CMTPerData_SHITOU_ichiMO_COC06_000_010.bin	2666
reimagine	multitalk	Event/MultiTalk/BinaryData/Perform/SHITOU/ichiMO/COC06/00/CMTPerData_SHITOU_ichiMO_COC06_000_011.bin	2998
reimagine	multitalk	Event/MultiTalk/BinaryData/Perform/SHITOU/ichiMO/COC06/00/CMTPerData_SHITOU_ichiMO_COC06_000_012.bin	2666
reimagine	multitalk	Event/MultiTalk/BinaryData/Perform/SHITOU/ichiMO/COC06/00/CMTPerData_SHITOU_ichiMO_COC06_000_013.bin	1338
reimagine	multitalk	Event/MultiTalk/BinaryData/Perform/SHITOU/ichiMO/COC06/00/CMTPerData_SHITOU_ichiMO_COC06_000_014.bin	1670
reimagine	multitalk	Event/MultiTalk/BinaryData/Perform/SHITOU/ichiMO/COC06/00/CMTPerData_SHITOU_ichiMO_COC06_000_015.bin	2666
reimagine	multitalk	Event/MultiTalk/BinaryData/Perform/SHITOU/kaguraMO/COC06/00/CMTPerData_SHITOU_kaguraMO_COC06_000_001.bin	1338
reimagine	multitalk	Event/MultiTalk/BinaryData/Perform/SHITOU/kaguraMO/COC06/00/CMTPerData_SHITOU_kaguraMO_COC06_000_002.bin	1670
reimagine	multitalk	Event/MultiTalk/BinaryData/Perform/SHITOU/kaguraMO/COC06/00/CMTPerData_SHITOU_kaguraMO_COC06_000_003.bin	1670
reimagine	multitalk	Event/MultiTalk/BinaryData/Perform/SHITOU/kaguraMO/COC06/00/CMTPerData_SHITOU_kaguraMO_COC06_000_004.bin	1670
reimagine	multitalk	Event/MultiTalk/BinaryData/Perform/SHITOU/kaguraMO/COC06/00/CMTPerData_SHITOU_kaguraMO_COC06_000_005.bin	1670
reimagine	multitalk	Event/MultiTalk/BinaryData/Perform/SHITOU/quartzMO/COC06/00/CMTPerData_SHITOU_quartzMO_COC06_000_001.bin	1006
reimagine	multitalk	Event/MultiTalk/BinaryData/Perform/SHITOU/quartzMO/COC06/00/CMTPerData_SHITOU_quartzMO_COC06_000_002.bin	1670
reimagine	multitalk	Event/MultiTalk/BinaryData/Perform/SHITOU/quartzMO/COC06/00/CMTPerData_SHITOU_quartzMO_COC06_000_003.bin	1670
reimagine	multitalk	Event/MultiTalk/BinaryData/Perform/SHITOU/quartzMO/COC06/00/CMTPerData_SHITOU_quartzMO_COC06_000_004.bin	1670
reimagine	multitalk	Event/MultiTalk/BinaryData/Perform/SHITOU/quartzMO/COC06/00/CMTPerData_SHITOU_quartzMO_COC06_000_005.bin	1670
reimagine	multitalk	Event/MultiTalk/BinaryData/Perform/SHITOU/seruMO/COC06/00/CMTPerData_SHITOU_seruMO_COC06_000_001.bin	1006
reimagine	multitalk	Event/MultiTalk/BinaryData/Perform/SHITOU/seruMO/COC06/00/CMTPerData_SHITOU_seruMO_COC06_000_002.bin	2666
reimagine	multitalk	Event/MultiTalk/BinaryData/Perform/SHITOU/seruMO/COC06/00/CMTPerData_SHITOU_seruMO_COC06_000_003.bin	3662
reimagine	multitalk	Event/MultiTalk/BinaryData/Perform/SHITOU/seruMO/COC06/00/CMTPerData_SHITOU_seruMO_COC06_000_004.bin	4326
reimagine	multitalk	Event/MultiTalk/BinaryData/Perform/SHITOU/sinaMO/COC06/00/CMTPerData_SHITOU_sinaMO_COC06_000_001.bin	1006
reimagine	multitalk	Event/MultiTalk/BinaryData/Perform/SHITOU/sinaMO/COC06/00/CMTPerData_SHITOU_sinaMO_COC06_000_002.bin	1670
reimagine	multitalk	Event/MultiTalk/BinaryData/Perform/SHITOU/sinaMO/COC06/00/CMTPerData_SHITOU_sinaMO_COC06_000_003.bin	1670
reimagine	multitalk	Event/MultiTalk/BinaryData/Perform/SHITOU/sinaMO/COC06/00/CMTPerData_SHITOU_sinaMO_COC06_000_004.bin	1670
reimagine	multitalk	Event/MultiTalk/BinaryData/Perform/SHITOU/sinaMO/COC06/00/CMTPerData_SHITOU_sinaMO_COC06_000_005.bin	1670
reimagine	multitalk	Event/MultiTalk/BinaryData/Perform/SHITOU/sugiMO/COC06/00/CMTPerData_SHITOU_sugiMO_COC06_000_001.bin	1006
reimagine	multitalk	Event/MultiTalk/BinaryData/Perform/SHITOU/sugiMO/COC06/00/CMTPerData_SHITOU_sugiMO_COC06_000_002.bin	1670
reimagine	multitalk	Event/MultiTalk/BinaryData/Perform/SHITOU/sugiMO/COC06/00/CMTPerData_SHITOU_sugiMO_COC06_000_003.bin	1670
reimagine	multitalk	Event/MultiTalk/BinaryData/Perform/SHITOU/sugiMO/COC06/00/CMTPerData_SHITOU_sugiMO_COC06_000_004.bin	1670
reimagine	multitalk	Event/MultiTalk/BinaryData/Perform/SHITOU/sugiMO/COC06/00/CMTPerData_SHITOU_sugiMO_COC06_000_005.bin	1670
reimagine	multitalk	Event/MultiTalk/BinaryData/Perform/SHIZUO/ikebukuro/Durarara/00/CMTPerData_SHIZUO_ikebukuro_Durarara_000_001.bin	674
reimagine	multitalk	Event/MultiTalk/BinaryData/Perform/SHIZUO/ikebukuro/Durarara/00/CMTPerData_SHIZUO_ikebukuro_Durarara_000_002.bin	674
reimagine	multitalk	Event/MultiTalk/BinaryData/Perform/SHIZUO/ikebukuro/Durarara/00/CMTPerData_SHIZUO_ikebukuro_Durarara_000_003.bin	10
reimagine	multitalk	Event/MultiTalk/BinaryData/Perform/SNACK/3home/WhiteB/00/CMTPerData_SNACK_3home_WhiteB_000_001.bin	26238
reimagine	multitalk	Event/MultiTalk/BinaryData/Perform/SNACK/3home/WhiteB/00/CMTPerData_SNACK_3home_WhiteB_000_002.bin	25906
reimagine	multitalk	Event/MultiTalk/BinaryData/Perform/SNACK/3home/WhiteB/00/CMTPerData_SNACK_3home_WhiteB_000_003.bin	21258
reimagine	multitalk	Event/MultiTalk/BinaryData/Perform/SNACK/3home/WhiteB/00/CMTPerData_SNACK_3home_WhiteB_000_004.bin	13290
reimagine	multitalk	Event/MultiTalk/BinaryData/Perform/SNACK/3home/WhiteB/00/CMTPerData_SNACK_3home_WhiteB_000_005.bin	1338
reimagine	multitalk	Event/MultiTalk/BinaryData/Perform/SNAKE/3Hannyu/COC11/00/CMTPerData_SNAKE_3Hannyu_COC11_000_001.bin	10302
reimagine	multitalk	Event/MultiTalk/BinaryData/Perform/SNAKE/3Hannyu/COC11/00/CMTPerData_SNAKE_3Hannyu_COC11_000_002.bin	43170
reimagine	multitalk	Event/MultiTalk/BinaryData/Perform/SNAKE/virtual/COC01/00/CMTPerData_SNAKE_virtualr_COC01_000_001.bin	674
reimagine	multitalk	Event/MultiTalk/BinaryData/Perform/SNAKE/virtual/COC01/00/CMTPerData_SNAKE_virtualr_COC01_000_002.bin	4990
reimagine	multitalk	Event/MultiTalk/BinaryData/Perform/SNAKE/virtual/COC01/00/CMTPerData_SNAKE_virtualr_COC01_000_003.bin	1006
reimagine	multitalk	Event/MultiTalk/BinaryData/Perform/SNAKE/virtual/COC01/00/CMTPerData_SNAKE_virtualr_COC01_000_004.bin	1006
reimagine	multitalk	Event/MultiTalk/BinaryData/Perform/SNAKE/virtual/COC01/00/CMTPerData_SNAKE_virtualr_COC01_000_005.bin	6318
reimagine	multitalk	Event/MultiTalk/BinaryData/Perform/SNAKE/virtual/COC01/00/CMTPerData_SNAKE_virtualr_COC01_000_006.bin	1006
reimagine	multitalk	Event/MultiTalk/BinaryData/Perform/SNAKE/virtual/COC01/00/CMTPerData_SNAKE_virtualr_COC01_000_007.bin	3330
reimagine	multitalk	Event/MultiTalk/BinaryData/Perform/SNAKE/virtual/COC01/00/CMTPerData_SNAKE_virtualr_COC01_000_008.bin	342
reimagine	multitalk	Event/MultiTalk/BinaryData/Perform/SNAKE/virtual/COC01/00/CMTPerData_SNAKE_virtualr_COC01_000_009.bin	342
reimagine	multitalk	Event/MultiTalk/BinaryData/Perform/SNAKE/virtual/COC01/00/CMTPerData_SNAKE_virtualr_COC01_000_010.bin	342
reimagine	multitalk	Event/MultiTalk/BinaryData/Perform/SNAKE/virtual/COC02/00/CMTPerData_SNAKE_virtualr_COC02_000_001.bin	674
reimagine	multitalk	Event/MultiTalk/BinaryData/Perform/SNAKE/virtual/COC02/00/CMTPerData_SNAKE_virtualr_COC02_000_002.bin	5654
reimagine	multitalk	Event/MultiTalk/BinaryData/Perform/SNAKE/virtual/COC02/00/CMTPerData_SNAKE_virtualr_COC02_000_003.bin	342
reimagine	multitalk	Event/MultiTalk/BinaryData/Perform/SNAKE/virtual/COC02/00/CMTPerData_SNAKE_virtualr_COC02_000_004.bin	674
reimagine	multitalk	Event/MultiTalk/BinaryData/Perform/SNAKE/virtual/COC02/00/CMTPerData_SNAKE_virtualr_COC02_000_005.bin	1006
reimagine	multitalk	Event/MultiTalk/BinaryData/Perform/SNAKE/virtual/COC02/00/CMTPerData_SNAKE_virtualr_COC02_000_006.bin	674
reimagine	multitalk	Event/MultiTalk/BinaryData/Perform/SNAKE/virtual/COC03/00/CMTPerData_SNAKE_virtualr_COC03_000_001.bin	674
reimagine	multitalk	Event/MultiTalk/BinaryData/Perform/SNAKE/virtual/COC03/00/CMTPerData_SNAKE_virtualr_COC03_000_002.bin	342
reimagine	multitalk	Event/MultiTalk/BinaryData/Perform/SNAKE/virtual/COC03/00/CMTPerData_SNAKE_virtualr_COC03_000_003.bin	674
reimagine	multitalk	Event/MultiTalk/BinaryData/Perform/SNAKE/virtual/COC03/00/CMTPerData_SNAKE_virtualr_COC03_000_004.bin	342
reimagine	multitalk	Event/MultiTalk/BinaryData/Perform/SNAKE/virtual/COC03/00/CMTPerData_SNAKE_virtualr_COC03_000_005.bin	674
reimagine	multitalk	Event/MultiTalk/BinaryData/Perform/SNAKE/virtual/COC03/00/CMTPerData_SNAKE_virtualr_COC03_000_006.bin	674
reimagine	multitalk	Event/MultiTalk/BinaryData/Perform/SNAKE/virtual/COC03/00/CMTPerData_SNAKE_virtualr_COC03_000_007.bin	674
reimagine	multitalk	Event/MultiTalk/BinaryData/Perform/SNAKE/virtual/COC05/00/CMTPerData_SNAKE_virtualr_COC05_000_001.bin	674
reimagine	multitalk	Event/MultiTalk/BinaryData/Perform/SNAKE/virtual/COC05/00/CMTPerData_SNAKE_virtualr_COC05_000_002.bin	6650
reimagine	multitalk	Event/MultiTalk/BinaryData/Perform/SNAKE/virtual/COC05/00/CMTPerData_SNAKE_virtualr_COC05_000_003.bin	1006
reimagine	multitalk	Event/MultiTalk/BinaryData/Perform/SNAKE/virtual/COC06/00/CMTPerData_SNAKE_virtualr_COC06_000_001.bin	674
reimagine	multitalk	Event/MultiTalk/BinaryData/Perform/SNAKE/virtual/COC06/00/CMTPerData_SNAKE_virtualr_COC06_000_002.bin	674
reimagine	multitalk	Event/MultiTalk/BinaryData/Perform/SNAKE/virtual/COC06/00/CMTPerData_SNAKE_virtualr_COC06_000_003.bin	1006
reimagine	multitalk	Event/MultiTalk/BinaryData/Perform/SNAKE/virtual/COC06/00/CMTPerData_SNAKE_virtualr_COC06_000_004.bin	674
reimagine	multitalk	Event/MultiTalk/BinaryData/Perform/SNAKE/virtual/COC07/00/CMTPerData_SNAKE_virtualr_COC07_000_001.bin	3662
reimagine	multitalk	Event/MultiTalk/BinaryData/Perform/SNAKE/virtual/COC07/00/CMTPerData_SNAKE_virtualr_COC07_000_002.bin	2002
reimagine	multitalk	Event/MultiTalk/BinaryData/Perform/SNAKE/virtual/COC07/00/CMTPerData_SNAKE_virtualr_COC07_000_003.bin	2002
reimagine	multitalk	Event/MultiTalk/BinaryData/Perform/SNAKE/virtual/COC07/00/CMTPerData_SNAKE_virtualr_COC07_000_004.bin	12626
reimagine	multitalk	Event/MultiTalk/BinaryData/Perform/SNAKE/virtual/COC07/00/CMTPerData_SNAKE_virtualr_COC07_000_005.bin	1670
reimagine	multitalk	Event/MultiTalk/BinaryData/Perform/SNAKE/virtual/COC07/00/CMTPerData_SNAKE_virtualr_COC07_000_006.bin	1670
reimagine	multitalk	Event/MultiTalk/BinaryData/Perform/SNAKE/virtual/COC08/00/CMTPerData_SNAKE_virtualr_COC08_000_001.bin	2002
reimagine	multitalk	Event/MultiTalk/BinaryData/Perform/SNAKE/virtual/COC08/00/CMTPerData_SNAKE_virtualr_COC08_000_002.bin	2002
reimagine	multitalk	Event/MultiTalk/BinaryData/Perform/SNAKE/virtual/COC08/00/CMTPerData_SNAKE_virtualr_COC08_000_003.bin	2002
reimagine	multitalk	Event/MultiTalk/BinaryData/Perform/SNAKE/virtual/COC08/00/CMTPerData_SNAKE_virtualr_COC08_000_004.bin	2334
reimagine	multitalk	Event/MultiTalk/BinaryData/Perform/SNAKE/virtual/COC09/00/CMTPerData_SNAKE_virtualr_COC09_000_001.bin	2334
reimagine	multitalk	Event/MultiTalk/BinaryData/Perform/SNAKE/virtual/COC09/00/CMTPerData_SNAKE_virtualr_COC09_000_002.bin	1670
reimagine	multitalk	Event/MultiTalk/BinaryData/Perform/SNAKE/virtual/COC09/00/CMTPerData_SNAKE_virtualr_COC09_000_003.bin	1338
reimagine	multitalk	Event/MultiTalk/BinaryData/Perform/SNAKE/virtual/COC09/00/CMTPerData_SNAKE_virtualr_COC09_000_004.bin	2002
reimagine	multitalk	Event/MultiTalk/BinaryData/Perform/SNAKE/virtual/COC09/00/CMTPerData_SNAKE_virtualr_COC09_000_005.bin	1670
reimagine	multitalk	Event/MultiTalk/BinaryData/Perform/SNAKE/virtual/COC09/00/CMTPerData_SNAKE_virtualr_COC09_000_006.bin	2002
reimagine	multitalk	Event/MultiTalk/BinaryData/Perform/SNAKE/virtual/COC09/00/CMTPerData_SNAKE_virtualr_COC09_000_007.bin	1670
reimagine	multitalk	Event/MultiTalk/BinaryData/Perform/SNAKE/virtual/COC09/00/CMTPerData_SNAKE_virtualr_COC09_000_008.bin	1338
reimagine	multitalk	Event/MultiTalk/BinaryData/Perform/SNAKE/virtual/COC09/00/CMTPerData_SNAKE_virtualr_COC09_000_009.bin	1670
reimagine	multitalk	Event/MultiTalk/BinaryData/Perform/SNAKE/virtual/COC09/00/CMTPerData_SNAKE_virtualr_COC09_000_010.bin	1670
reimagine	multitalk	Event/MultiTalk/BinaryData/Perform/SNAKE/virtual/COC09/00/CMTPerData_SNAKE_virtualr_COC09_000_011.bin	1006
reimagine	multitalk	Event/MultiTalk/BinaryData/Perform/SNAKE/virtual/COC09/00/CMTPerData_SNAKE_virtualr_COC09_000_012.bin	1338
reimagine	multitalk	Event/MultiTalk/BinaryData/Perform/SNAKE/virtual/COC09/00/CMTPerData_SNAKE_virtualr_COC09_000_013.bin	1338
reimagine	multitalk	Event/MultiTalk/BinaryData/Perform/SNAKE/virtual/COC09/00/CMTPerData_SNAKE_virtualr_COC09_000_014.bin	7978
reimagine	multitalk	Event/MultiTalk/BinaryData/Perform/SNAKE/virtual/COC09/00/CMTPerData_SNAKE_virtualr_COC09_000_015.bin	1670
reimagine	multitalk	Event/MultiTalk/BinaryData/Perform/SNAKE/virtual/COC09/00/CMTPerData_SNAKE_virtualr_COC09_000_016.bin	1670
reimagine	multitalk	Event/MultiTalk/BinaryData/Perform/SNAKE/virtual/COC09/00/CMTPerData_SNAKE_virtualr_COC09_000_017.bin	4658
reimagine	multitalk	Event/MultiTalk/BinaryData/Perform/SNAKE/virtual/COC09/00/CMTPerData_SNAKE_virtualr_COC09_000_018.bin	2334
reimagine	multitalk	Event/MultiTalk/BinaryData/Perform/SNAKE/virtual/COC10/00/CMTPerData_SNAKE_virtualr_COC10_000_001.bin	3662
reimagine	multitalk	Event/MultiTalk/BinaryData/Perform/SNAKE/virtual/COC10/00/CMTPerData_SNAKE_virtualr_COC10_000_002.bin	1338
reimagine	multitalk	Event/MultiTalk/BinaryData/Perform/SNAKE/virtual/COC10/00/CMTPerData_SNAKE_virtualr_COC10_000_003.bin	4658
reimagine	multitalk	Event/MultiTalk/BinaryData/Perform/SNAKE/virtual/COC10/00/CMTPerData_SNAKE_virtualr_COC10_000_004.bin	4658
reimagine	multitalk	Event/MultiTalk/BinaryData/Perform/SNAKE/virtual/COC10/00/CMTPerData_SNAKE_virtualr_COC10_000_005.bin	13290
reimagine	multitalk	Event/MultiTalk/BinaryData/Perform/SNAKE/virtual/COC10/00/CMTPerData_SNAKE_virtualr_COC10_000_006.bin	10966
reimagine	multitalk	Event/MultiTalk/BinaryData/Perform/SNAKE/virtual/COC10/00/CMTPerData_SNAKE_virtualr_COC10_000_007.bin	2334
reimagine	multitalk	Event/MultiTalk/BinaryData/Perform/SNAKE/virtual/COC10/00/CMTPerData_SNAKE_virtualr_COC10_000_008.bin	11962
reimagine	multitalk	Event/MultiTalk/BinaryData/Perform/SNAKE/virtual/COC11/00/CMTPerData_SNAKE_virtualr_COC11_000_001.bin	11630
reimagine	multitalk	Event/MultiTalk/BinaryData/Perform/SNAKE/virtual/COC11/00/CMTPerData_SNAKE_virtualr_COC11_000_002.bin	2002
reimagine	multitalk	Event/MultiTalk/BinaryData/Perform/SNAKE/virtual/COC11/00/CMTPerData_SNAKE_virtualr_COC11_000_003.bin	3330
reimagine	multitalk	Event/MultiTalk/BinaryData/Perform/SNAKE/virtual/COC11/00/CMTPerData_SNAKE_virtualr_COC11_000_004.bin	1670
reimagine	multitalk	Event/MultiTalk/BinaryData/Perform/SNAKE/virtual/COC11/00/CMTPerData_SNAKE_virtualr_COC11_000_005.bin	4990
reimagine	multitalk	Event/MultiTalk/BinaryData/Perform/SNAKE/virtual/COC11/00/CMTPerData_SNAKE_virtualr_COC11_000_006.bin	1670
reimagine	multitalk	Event/MultiTalk/BinaryData/Perform/SNAKE/virtual/EPXX/00/CMTPerData_SNAKE_virtualr_EPXX_000_001.bin	11630
reimagine	multitalk	Event/MultiTalk/BinaryData/Perform/SUKNA/baberu/COC05/00/CMTPerData_SUKNA_baberu_COC05_000_001.bin	1670
reimagine	multitalk	Event/MultiTalk/BinaryData/Perform/SUKNA/baberu/COC05/00/CMTPerData_SUKNA_baberu_COC05_000_002.bin	1006
reimagine	multitalk	Event/MultiTalk/BinaryData/Perform/SUKNA/baberu/COC05/00/CMTPerData_SUKNA_baberu_COC05_000_003.bin	2666
reimagine	multitalk	Event/MultiTalk/BinaryData/Perform/SUKNA/baberu/COC05/00/CMTPerData_SUKNA_baberu_COC05_000_004.bin	1670
reimagine	multitalk	Event/MultiTalk/BinaryData/Perform/SUKNA/baberu/COC05/00/CMTPerData_SUKNA_baberu_COC05_000_005.bin	3662
reimagine	multitalk	Event/MultiTalk/BinaryData/Perform/SUKNA/baberu/COC05/00/CMTPerData_SUKNA_baberu_COC05_000_006.bin	3330
reimagine	multitalk	Event/MultiTalk/BinaryData/Perform/SUKNA/baberu/COC07/00/CMTPerData_SUKNA_baberu_COC07_000_001.bin	3994
reimagine	multitalk	Event/MultiTalk/BinaryData/Perform/SUKNA/baberu/COC07/00/CMTPerData_SUKNA_baberu_COC07_000_002.bin	3994
reimagine	multitalk	Event/MultiTalk/BinaryData/Perform/SUKNA/baberu/COC07/00/CMTPerData_SUKNA_baberu_COC07_000_003.bin	4990
reimagine	multitalk	Event/MultiTalk/BinaryData/Perform/SUKNA/baberu/COC07/00/CMTPerData_SUKNA_baberu_COC07_000_004.bin	7314
reimagine	multitalk	Event/MultiTalk/BinaryData/Perform/SUKNA/baberu/COC07/00/CMTPerData_SUKNA_baberu_COC07_000_005.bin	3330
reimagine	multitalk	Event/MultiTalk/BinaryData/Perform/SUKNA/baberu/COC07/00/CMTPerData_SUKNA_baberu_COC07_000_006.bin	4326
reimagine	multitalk	Event/MultiTalk/BinaryData/Perform/SUKNA/baberu/COC07/00/CMTPerData_SUKNA_baberu_COC07_000_007.bin	3330
reimagine	multitalk	Event/MultiTalk/BinaryData/Perform/SUKNA/baberu/COC07/00/CMTPerData_SUKNA_baberu_COC07_000_008.bin	6318
reimagine	multitalk	Event/MultiTalk/BinaryData/Perform/SUKNA/baberu/COC07/00/CMTPerData_SUKNA_baberu_COC07_000_009.bin	6318
reimagine	multitalk	Event/MultiTalk/BinaryData/Perform/SUKNA/baberu/COC07/00/CMTPerData_SUKNA_baberu_COC07_000_010.bin	9638
reimagine	multitalk	Event/MultiTalk/BinaryData/Perform/SUKNA/baberu/COC08/00/CMTPerData_SUKNA_baberu_COC08_000_001.bin	7314
reimagine	multitalk	Event/MultiTalk/BinaryData/Perform/SUKNA/sibucika/COC06/00/CMTPerData_SUKNA_sibucika_COC06_000_001.bin	2998
reimagine	multitalk	Event/MultiTalk/BinaryData/Perform/SUKNA/sibucika/COC06/00/CMTPerData_SUKNA_sibucika_COC06_000_002.bin	4990
reimagine	multitalk	Event/MultiTalk/BinaryData/Perform/SUKNA/sibucika/COC06/01/CMTPerData_SUKNA_sibucika_COC06_001_001.bin	3662
reimagine	multitalk	Event/MultiTalk/BinaryData/Perform/SUKNA/sibucika/COC06/01/CMTPerData_SUKNA_sibucika_COC06_001_002.bin	2334
reimagine	multitalk	Event/MultiTalk/BinaryData/Perform/SUKNA/sibucika/COC06/01/CMTPerData_SUKNA_sibucika_COC06_001_003.bin	1006
reimagine	multitalk	Event/MultiTalk/BinaryData/Perform/SUKNA/sibucika/COC06/01/CMTPerData_SUKNA_sibucika_COC06_001_004.bin	1338
reimagine	multitalk	Event/MultiTalk/BinaryData/Perform/SUKNA/sibucika/COC06/01/CMTPerData_SUKNA_sibucika_COC06_001_005.bin	2666
reimagine	multitalk	Event/MultiTalk/BinaryData/Perform/SUKNA/sibucika/COC06/01/CMTPerData_SUKNA_sibucika_COC06_001_006.bin	3662
reimagine	multitalk	Event/MultiTalk/BinaryData/Perform/SUKNA/sibucika/COC06/01/CMTPerData_SUKNA_sibucika_COC06_001_007.bin	2998
reimagine	multitalk	Event/MultiTalk/BinaryData/Perform/SUKNA/sibucika/COC06/02/CMTPerData_SUKNA_sibucika_COC06_002_001.bin	2666
reimagine	multitalk	Event/MultiTalk/BinaryData/Perform/SUKNA/sibucika/COC06/02/CMTPerData_SUKNA_sibucika_COC06_002_002.bin	1006
reimagine	multitalk	Event/MultiTalk/BinaryData/Perform/SUKNA/sibucika/COC06/02/CMTPerData_SUKNA_sibucika_COC06_002_003.bin	2002
reimagine	multitalk	Event/MultiTalk/BinaryData/Perform/SUKNA/sibucika/COC06/02/CMTPerData_SUKNA_sibucika_COC06_002_004.bin	2334
reimagine	multitalk	Event/MultiTalk/BinaryData/Perform/SUKNA/sibucika/COC06/02/CMTPerData_SUKNA_sibucika_COC06_002_005.bin	1338
reimagine	multitalk	Event/MultiTalk/BinaryData/Perform/SUKNA/sibucika/COC06/02/CMTPerData_SUKNA_sibucika_COC06_002_006.bin	1006
reimagine	multitalk	Event/MultiTalk/BinaryData/Perform/SUKNA/sibucika/COC06/02/CMTPerData_SUKNA_sibucika_COC06_002_007.bin	1006
reimagine	multitalk	Event/MultiTalk/BinaryData/Perform/SUKNA/sibucika/COC06/02/CMTPerData_SUKNA_sibucika_COC06_002_008.bin	2334
reimagine	multitalk	Event/MultiTalk/BinaryData/Perform/SUKNA/sibucika/COC06/02/CMTPerData_SUKNA_sibucika_COC06_002_009.bin	5322
reimagine	multitalk	Event/MultiTalk/BinaryData/Perform/SUKNA/sibucika/COC06/02/CMTPerData_SUKNA_sibucika_COC06_002_010.bin	17938
reimagine	multitalk	Event/MultiTalk/BinaryData/Perform/SUKNA/sibucika/COC06/02/CMTPerData_SUKNA_sibucika_COC06_002_011.bin	3662
reimagine	multitalk	Event/MultiTalk/BinaryData/Perform/SUKNA/sibucika/COC06/02/CMTPerData_SUKNA_sibucika_COC06_002_012.bin	3330
reimagine	multitalk	Event/MultiTalk/BinaryData/Perform/SUKNA/sibucika/COC06/02/CMTPerData_SUKNA_sibucika_COC06_002_013.bin	4326
reimagine	multitalk	Event/MultiTalk/BinaryData/Perform/SUKNA/sibucika/COC06/02/CMTPerData_SUKNA_sibucika_COC06_002_014.bin	2666
reimagine	multitalk	Event/MultiTalk/BinaryData/Perform/SUKNA/sibuyaF/COC05/00/CMTPerData_SUKNA_sibuyaF_COC05_000_001.bin	2334
reimagine	multitalk	Event/MultiTalk/BinaryData/Perform/SUKNA/sibuyaF/COC05/00/CMTPerData_SUKNA_sibuyaF_COC05_000_002.bin	1338
reimagine	multitalk	Event/MultiTalk/BinaryData/Perform/SUKNA/sibuyaF/COC05/00/CMTPerData_SUKNA_sibuyaF_COC05_000_003.bin	2334
reimagine	multitalk	Event/MultiTalk/BinaryData/Perform/SUKNA/souhon/COC04/00/CMTPerData_SUKNA_souhon_COC04_000_001.bin	14286
reimagine	multitalk	Event/MultiTalk/BinaryData/Perform/SUKNA/souhon/COC04/00/CMTPerData_SUKNA_souhon_COC04_000_002.bin	1006
reimagine	multitalk	Event/MultiTalk/BinaryData/Perform/SUKNA/souhon/COC04/00/CMTPerData_SUKNA_souhon_COC04_000_003.bin	1006
reimagine	multitalk	Event/MultiTalk/BinaryData/Perform/SUKNA/souhon/COC04/00/CMTPerData_SUKNA_souhon_COC04_000_004.bin	2666
reimagine	multitalk	Event/MultiTalk/BinaryData/Perform/SUKNA/souhon/COC04/00/CMTPerData_SUKNA_souhon_COC04_000_005.bin	1006
reimagine	multitalk	Event/MultiTalk/BinaryData/Perform/SUKNA/souhon/COC04/00/CMTPerData_SUKNA_souhon_COC04_000_006.bin	1006
reimagine	multitalk	Event/MultiTalk/BinaryData/Perform/SUKNA/souhon/COC04/00/CMTPerData_SUKNA_souhon_COC04_000_007.bin	1006
reimagine	multitalk	Event/MultiTalk/BinaryData/Perform/SUKNA/souhon/COC04/00/CMTPerData_SUKNA_souhon_COC04_000_008.bin	17274
reimagine	multitalk	Event/MultiTalk/BinaryData/Perform/SUKNA/souhon/COC04/00/CMTPerData_SUKNA_souhon_COC04_000_009.bin	1006
reimagine	multitalk	Event/MultiTalk/BinaryData/Perform/SUKNA/souhon/COC04/00/CMTPerData_SUKNA_souhon_COC04_000_010.bin	1006
reimagine	multitalk	Event/MultiTalk/BinaryData/Perform/SUKNA/souhon/COC04/00/CMTPerData_SUKNA_souhon_COC04_000_011.bin	1006
reimagine	multitalk	Event/MultiTalk/BinaryData/Perform/SUKNA/souhon/COC04/00/CMTPerData_SUKNA_souhon_COC04_000_012.bin	1338
reimagine	multitalk	Event/MultiTalk/BinaryData/Perform/SUKNA/souhon/COC04/00/CMTPerData_SUKNA_souhon_COC04_000_013.bin	1338
reimagine	multitalk	Event/MultiTalk/BinaryData/Perform/SUKNA/souhon/COC04/00/CMTPerData_SUKNA_souhon_COC04_000_014.bin	4990
reimagine	multitalk	Event/MultiTalk/BinaryData/Perform/SUKNA/souhon/COC04/00/CMTPerData_SUKNA_souhon_COC04_000_015.bin	2666
reimagine	multitalk	Event/MultiTalk/BinaryData/Perform/SUKNA/souhon/COC04/00/CMTPerData_SUKNA_souhon_COC04_000_016.bin	2666
reimagine	multitalk	Event/MultiTalk/BinaryData/Perform/SUKNA/souhon/COC04/00/CMTPerData_SUKNA_souhon_COC04_000_017.bin	1006
reimagine	multitalk	Event/MultiTalk/BinaryData/Perform/SUKNA/souhon/COC07/00/CMTPerData_SUKNA_souhon_COC07_000_001.bin	8974
reimagine	multitalk	Event/MultiTalk/BinaryData/Perform/SUKNA/souhon/COC07/00/CMTPerData_SUKNA_souhon_COC07_000_002.bin	9638
reimagine	multitalk	Event/MultiTalk/BinaryData/Perform/SUTE/3home/SUPPORT/00/CMTPerData_SUTE_3home_Support_000_001.bin	11298
reimagine	multitalk	Event/MultiTalk/BinaryData/Perform/SUTE/3home/SUPPORT/00/CMTPerData_SUTE_3home_Support_000_002.bin	2666
reimagine	multitalk	Event/MultiTalk/BinaryData/Perform/SUTE/3home/SUPPORT/00/CMTPerData_SUTE_3home_Support_000_003.bin	9970
reimagine	multitalk	Event/MultiTalk/BinaryData/Perform/SUTE/3home/SUPPORT/00/CMTPerData_SUTE_3home_Support_000_004.bin	3994
reimagine	multitalk	Event/MultiTalk/BinaryData/Perform/SUTE/3home/SUPPORT/00/CMTPerData_SUTE_3home_Support_000_005.bin	3662
reimagine	multitalk	Event/MultiTalk/BinaryData/Perform/SUTE/3home/SUPPORT/00/CMTPerData_SUTE_3home_Support_000_006.bin	3662
reimagine	multitalk	Event/MultiTalk/BinaryData/Perform/SUTE/3home/SUPPORT/00/CMTPerData_SUTE_3home_Support_000_007.bin	4326
reimagine	multitalk	Event/MultiTalk/BinaryData/Perform/SUTE/3home/SUPPORT/00/CMTPerData_SUTE_3home_Support_000_008.bin	10302
reimagine	multitalk	Event/MultiTalk/BinaryData/Perform/SUTE/3home/SUPPORT/00/CMTPerData_SUTE_3home_Support_000_009.bin	3662
reimagine	multitalk	Event/MultiTalk/BinaryData/Perform/SUTE/3home/SUPPORT/00/CMTPerData_SUTE_3home_Support_000_010.bin	1670
reimagine	multitalk	Event/MultiTalk/BinaryData/Perform/SUTE/3home/SUPPORT/00/CMTPerData_SUTE_3home_Support_000_011.bin	2998
reimagine	multitalk	Event/MultiTalk/BinaryData/Perform/SUTE/3home/SUPPORT/00/CMTPerData_SUTE_3home_Support_000_012.bin	2998
reimagine	multitalk	Event/MultiTalk/BinaryData/Perform/SUTE/3home/SUPPORT/00/CMTPerData_SUTE_3home_Support_000_013.bin	3662
reimagine	multitalk	Event/MultiTalk/BinaryData/Perform/SUTE/3home/SUPPORT/00/CMTPerData_SUTE_3home_Support_000_014.bin	14286
reimagine	multitalk	Event/MultiTalk/BinaryData/Perform/SUTE/3home/SUPPORT/00/CMTPerData_SUTE_3home_Support_000_015.bin	10302
reimagine	multitalk	Event/MultiTalk/BinaryData/Perform/SUTE/3home/SUPPORT/00/CMTPerData_SUTE_3home_Support_000_016.bin	10302
reimagine	multitalk	Event/MultiTalk/BinaryData/Perform/SUTE/3home/SUPPORT/00/CMTPerData_SUTE_3home_Support_000_017.bin	10302
reimagine	multitalk	Event/MultiTalk/BinaryData/Perform/SUTE/3home/SUPPORT/00/CMTPerData_SUTE_3home_Support_000_018.bin	10302
reimagine	multitalk	Event/MultiTalk/BinaryData/Perform/SUTE/3home/SUPPORT/00/CMTPerData_SUTE_3home_Support_000_019.bin	10302
reimagine	multitalk	Event/MultiTalk/BinaryData/Perform/SUTE/3home/SUPPORT/00/CMTPerData_SUTE_3home_Support_000_020.bin	10634
reimagine	multitalk	Event/MultiTalk/BinaryData/Perform/SUTE/3home/SUPPORT/00/CMTPerData_SUTE_3home_Support_000_021.bin	10634
reimagine	multitalk	Event/MultiTalk/BinaryData/Perform/SUTE/3home/SUPPORT/00/CMTPerData_SUTE_3home_Support_000_022.bin	10634
reimagine	multitalk	Event/MultiTalk/BinaryData/Perform/SUTE/3home/SUPPORT/00/CMTPerData_SUTE_3home_Support_000_023.bin	10634
reimagine	multitalk	Event/MultiTalk/BinaryData/Perform/SUTE/3home/SUPPORT/00/CMTPerData_SUTE_3home_Support_000_024.bin	10634
reimagine	multitalk	Event/MultiTalk/BinaryData/Perform/SUTE/3home/SUPPORT/00/CMTPerData_SUTE_3home_Support_000_025.bin	10634
reimagine	multitalk	Event/MultiTalk/BinaryData/Perform/SUTE/3home/SUPPORT/00/CMTPerData_SUTE_3home_Support_000_026.bin	7646
reimagine	multitalk	Event/MultiTalk/BinaryData/Perform/SUTE/3home/SUPPORT/00/CMTPerData_SUTE_3home_Support_000_027.bin	10966
reimagine	multitalk	Event/MultiTalk/BinaryData/Perform/SUTE/3home/SUPPORT/00/CMTPerData_SUTE_3home_Support_000_028.bin	9306
reimagine	multitalk	Event/MultiTalk/BinaryData/Perform/SUTE/3home/SUPPORT/00/CMTPerData_SUTE_3home_Support_000_029.bin	10966
reimagine	multitalk	Event/MultiTalk/BinaryData/Perform/SUTE/3home/SUPPORT/00/CMTPerData_SUTE_3home_Support_000_030.bin	10634
reimagine	multitalk	Event/MultiTalk/BinaryData/Perform/SUTE/3home/SUPPORT/00/CMTPerData_SUTE_3home_Support_000_031.bin	10634
reimagine	multitalk	Event/MultiTalk/BinaryData/Perform/SUTE/3home/SUPPORT/00/CMTPerData_SUTE_3home_Support_000_032.bin	10634
reimagine	multitalk	Event/MultiTalk/BinaryData/Perform/SUTE/3home/SUPPORT/00/CMTPerData_SUTE_3home_Support_000_033.bin	10634
reimagine	multitalk	Event/MultiTalk/BinaryData/Perform/SUTE/3home/SUPPORT/00/CMTPerData_SUTE_3home_Support_000_034.bin	10634
reimagine	multitalk	Event/MultiTalk/BinaryData/Perform/SUTE/3home/SUPPORT/00/CMTPerData_SUTE_3home_Support_000_035.bin	10634
reimagine	multitalk	Event/MultiTalk/BinaryData/Perform/SUTE/3home/SUPPORT/00/CMTPerData_SUTE_3home_Support_000_036.bin	4326
reimagine	multitalk	Event/MultiTalk/BinaryData/Perform/SUTE/3home/SUPPORT/00/CMTPerData_SUTE_3home_Support_000_037.bin	8974
reimagine	multitalk	Event/MultiTalk/BinaryData/Perform/SUTE/3home/SUPPORT/00/CMTPerData_SUTE_3home_Support_000_038.bin	4326
reimagine	multitalk	Event/MultiTalk/BinaryData/Perform/SUTE/3home/SUPPORT/00/CMTPerData_SUTE_3home_Support_000_039.bin	4326
reimagine	multitalk	Event/MultiTalk/BinaryData/Perform/SUTE/3home/SUPPORT/00/CMTPerData_SUTE_3home_Support_000_040.bin	4326
reimagine	multitalk	Event/MultiTalk/BinaryData/Perform/SUTE/3home/SUPPORT/00/CMTPerData_SUTE_3home_Support_000_041.bin	11630
reimagine	multitalk	Event/MultiTalk/BinaryData/Perform/SUTE/3home/SUPPORT/00/CMTPerData_SUTE_3home_Support_000_042.bin	12294
reimagine	multitalk	Event/MultiTalk/BinaryData/Perform/SUTE/3home/SUPPORT/00/CMTPerData_SUTE_3home_Support_000_043.bin	9638
reimagine	multitalk	Event/MultiTalk/BinaryData/Perform/SUTE/3home/SUPPORT/00/CMTPerData_SUTE_3home_Support_000_044.bin	7314
reimagine	multitalk	Event/MultiTalk/BinaryData/Perform/SUTE/3home/SUPPORT/00/CMTPerData_SUTE_3home_Support_000_045.bin	3994
reimagine	multitalk	Event/MultiTalk/BinaryData/Perform/SUTE/3home/SUPPORT/00/CMTPerData_SUTE_3home_Support_000_046.bin	10634
reimagine	multitalk	Event/MultiTalk/BinaryData/Perform/SUTE/3home/SUPPORT/00/CMTPerData_SUTE_3home_Support_000_047.bin	8642
reimagine	multitalk	Event/MultiTalk/BinaryData/Perform/SUTE/3home/SUPPORT/00/CMTPerData_SUTE_3home_Support_000_048.bin	9970
reimagine	multitalk	Event/MultiTalk/BinaryData/Perform/SYU/3home/Guilty/00/CMTPerData_SYU_3home_Guilty_000_001.bin	674
reimagine	multitalk	Event/MultiTalk/BinaryData/Perform/TAIJI/universe/EP20/00/CMTPerData_TAIJI_universe_EP20_000_001.bin	11630
reimagine	multitalk	Event/MultiTalk/BinaryData/Perform/TAIJI/universe/EP20/00/CMTPerData_TAIJI_universe_EP20_000_002.bin	3662
reimagine	multitalk	Event/MultiTalk/BinaryData/Perform/TAIJI/universe/EP20/00/CMTPerData_TAIJI_universe_EP20_000_003.bin	2334
reimagine	multitalk	Event/MultiTalk/BinaryData/Perform/TAIJI/yume/EPXX/00/CMTPerData_TAIJI_yume_EPXX_000_001.bin	102598
reimagine	multitalk	Event/MultiTalk/BinaryData/Perform/TANI/babel/PET/00/CMTPerData_TANI_babel_Pet_000_001.bin	9638
reimagine	multitalk	Event/MultiTalk/BinaryData/Perform/TANI/babel/PET/00/CMTPerData_TANI_babel_Pet_000_002.bin	1338
reimagine	multitalk	Event/MultiTalk/BinaryData/Perform/TANI/babel/PET/00/CMTPerData_TANI_babel_Pet_000_003.bin	3662
reimagine	multitalk	Event/MultiTalk/BinaryData/Perform/TANI/babel/PET/00/CMTPerData_TANI_babel_Pet_000_004.bin	2002
reimagine	multitalk	Event/MultiTalk/BinaryData/Perform/TANI/babel/PET/00/CMTPerData_TANI_babel_Pet_000_005.bin	3662
reimagine	multitalk	Event/MultiTalk/BinaryData/Perform/TANI/babel/PET/00/CMTPerData_TANI_babel_Pet_000_006.bin	2334
reimagine	multitalk	Event/MultiTalk/BinaryData/Perform/TANI/babel/PET/00/CMTPerData_TANI_babel_Pet_000_007.bin	3330
reimagine	multitalk	Event/MultiTalk/BinaryData/Perform/TANI/babel/PET/00/CMTPerData_TANI_babel_Pet_000_008.bin	2998
reimagine	multitalk	Event/MultiTalk/BinaryData/Perform/TANI/babel/PET/00/CMTPerData_TANI_babel_Pet_000_009.bin	3330
reimagine	multitalk	Event/MultiTalk/BinaryData/Perform/TANI/babel/PET/00/CMTPerData_TANI_babel_Pet_000_010.bin	1670
reimagine	multitalk	Event/MultiTalk/BinaryData/Perform/TANI/babel/PET/00/CMTPerData_TANI_babel_Pet_000_011.bin	1670
reimagine	multitalk	Event/MultiTalk/BinaryData/Perform/TANI/babel/PET/00/CMTPerData_TANI_babel_Pet_000_012.bin	4990
reimagine	multitalk	Event/MultiTalk/BinaryData/Perform/TANI/babel/PET/00/CMTPerData_TANI_babel_Pet_000_013.bin	2002
reimagine	multitalk	Event/MultiTalk/BinaryData/Perform/TANI/babel/PET/00/CMTPerData_TANI_babel_Pet_000_014.bin	4326
reimagine	multitalk	Event/MultiTalk/BinaryData/Perform/TANI/babel/PET/00/CMTPerData_TANI_babel_Pet_000_015.bin	18934
reimagine	multitalk	Event/MultiTalk/BinaryData/Perform/TANI/babel/PET/00/CMTPerData_TANI_babel_Pet_000_016.bin	18934
reimagine	multitalk	Event/MultiTalk/BinaryData/Perform/TANI/babel/PET/00/CMTPerData_TANI_babel_Pet_000_017.bin	18934
reimagine	multitalk	Event/MultiTalk/BinaryData/Perform/TOBAKUSHI/kakyozyo/AVENGE2nd/00/CMTPerData_TOBAKUSH_kakyozyo_Avenge2nd_000_001.bin	31550
reimagine	multitalk	Event/MultiTalk/BinaryData/Perform/TOBAKUSHI/kakyozyo/AVENGE2nd/00/CMTPerData_TOBAKUSH_kakyozyo_Avenge2nd_000_002.bin	7314
reimagine	multitalk	Event/MultiTalk/BinaryData/Perform/TOBAKUSHI/kakyozyo/AVENGE2nd/00/CMTPerData_TOBAKUSH_kakyozyo_Avenge2nd_000_003.bin	10302
reimagine	multitalk	Event/MultiTalk/BinaryData/Perform/TOBAKUSHI/kakyozyo/AVENGE2nd/00/CMTPerData_TOBAKUSH_kakyozyo_Avenge2nd_000_004.bin	2998
reimagine	multitalk	Event/MultiTalk/BinaryData/Perform/TOBAKUSHI/kakyozyo/AVENGE2nd/00/CMTPerData_TOBAKUSH_kakyozyo_Avenge2nd_000_005.bin	2998
reimagine	multitalk	Event/MultiTalk/BinaryData/Perform/TOBAKUSHI/kakyozyo/AVENGE2nd/00/CMTPerData_TOBAKUSH_kakyozyo_Avenge2nd_000_006.bin	2998
reimagine	multitalk	Event/MultiTalk/BinaryData/Perform/TOBAKUSHI/kakyozyo/AVENGE2nd/00/CMTPerData_TOBAKUSH_kakyozyo_Avenge2nd_000_007.bin	3662
reimagine	multitalk	Event/MultiTalk/BinaryData/Perform/TOBAKUSHI/kakyozyo/AVENGE2nd/00/CMTPerData_TOBAKUSH_kakyozyo_Avenge2nd_000_008.bin	11630
reimagine	multitalk	Event/MultiTalk/BinaryData/Perform/TOBAKUSHI/kakyozyo/AVENGE2nd/00/CMTPerData_TOBAKUSH_kakyozyo_Avenge2nd_000_009.bin	13290
reimagine	multitalk	Event/MultiTalk/BinaryData/Perform/YAMAC/baberu/COC05/00/CMTPerData_YAMAC_baberu_COC05_000_001.bin	1006
reimagine	multitalk	Event/MultiTalk/BinaryData/Perform/YAMAC/baberu/COC05/00/CMTPerData_YAMAC_baberu_COC05_000_002.bin	1006
reimagine	multitalk	Event/MultiTalk/BinaryData/Perform/YAMAC/baberu/COC05/00/CMTPerData_YAMAC_baberu_COC05_000_003.bin	1006
reimagine	multitalk	Event/MultiTalk/BinaryData/Perform/YAMAC/baberu/COC05/00/CMTPerData_YAMAC_baberu_COC05_000_004.bin	2334
reimagine	multitalk	Event/MultiTalk/BinaryData/Perform/YAMAC/baberu/COC05/00/CMTPerData_YAMAC_baberu_COC05_000_005.bin	1006
reimagine	multitalk	Event/MultiTalk/BinaryData/Perform/YAMAC/baberu/COC05/00/CMTPerData_YAMAC_baberu_COC05_000_006.bin	1006
reimagine	multitalk	Event/MultiTalk/BinaryData/Perform/YAMAC/baberu/COC05/00/CMTPerData_YAMAC_baberu_COC05_000_007.bin	1006
reimagine	multitalk	Event/MultiTalk/BinaryData/Perform/YAMAC/baberu/COC05/00/CMTPerData_YAMAC_baberu_COC05_000_008.bin	1338
reimagine	multitalk	Event/MultiTalk/BinaryData/Perform/YAMAC/baberu/COC05/00/CMTPerData_YAMAC_baberu_COC05_000_009.bin	1670
reimagine	multitalk	Event/MultiTalk/BinaryData/Perform/YAMAC/baberu/COC05/00/CMTPerData_YAMAC_baberu_COC05_000_010.bin	1338
reimagine	multitalk	Event/MultiTalk/BinaryData/Perform/YAMAC/baberu/COC05/00/CMTPerData_YAMAC_baberu_COC05_000_011.bin	5322
reimagine	multitalk	Event/MultiTalk/BinaryData/Perform/YAMAC/baberu/COC05/00/CMTPerData_YAMAC_baberu_COC05_000_012.bin	3662
reimagine	multitalk	Event/MultiTalk/BinaryData/Perform/YAMAC/baberu/COC05/00/CMTPerData_YAMAC_baberu_COC05_000_013.bin	3994
reimagine	multitalk	Event/MultiTalk/BinaryData/Perform/YAMAC/baberu/COC05/00/CMTPerData_YAMAC_baberu_COC05_000_014.bin	4990
reimagine	multitalk	Event/MultiTalk/BinaryData/Perform/YAMAC/baberu/COC05/00/CMTPerData_YAMAC_baberu_COC05_000_015.bin	1006
reimagine	multitalk	Event/MultiTalk/BinaryData/Perform/YAMAC/baberu/COC05/00/CMTPerData_YAMAC_baberu_COC05_000_016.bin	1006
reimagine	multitalk	Event/MultiTalk/BinaryData/Perform/YAMAC/baberu/COC07/00/CMTPerData_YAMAC_baberu_COC07_000_001.bin	2334
reimagine	multitalk	Event/MultiTalk/BinaryData/Perform/YAMAC/baberu/COC07/00/CMTPerData_YAMAC_baberu_COC07_000_002.bin	2334
reimagine	multitalk	Event/MultiTalk/BinaryData/Perform/YAMAC/baberu/COC07/00/CMTPerData_YAMAC_baberu_COC07_000_003.bin	2666
reimagine	multitalk	Event/MultiTalk/BinaryData/Perform/YAMAC/baberu/COC07/00/CMTPerData_YAMAC_baberu_COC07_000_004.bin	1338
reimagine	multitalk	Event/MultiTalk/BinaryData/Perform/YAMAC/baberu/COC07/00/CMTPerData_YAMAC_baberu_COC07_000_005.bin	1006
reimagine	multitalk	Event/MultiTalk/BinaryData/Perform/YAMAC/baberu/COC07/00/CMTPerData_YAMAC_baberu_COC07_000_006.bin	3662
reimagine	multitalk	Event/MultiTalk/BinaryData/Perform/YAMAC/baberu/COC07/00/CMTPerData_YAMAC_baberu_COC07_000_007.bin	1006
reimagine	multitalk	Event/MultiTalk/BinaryData/Perform/YAMAC/baberu/COC08/00/CMTPerData_YAMAC_baberu_COC08_000_001.bin	1670
reimagine	multitalk	Event/MultiTalk/BinaryData/Perform/YAMAC/baberu/COC08/00/CMTPerData_YAMAC_baberu_COC08_000_002.bin	2334
reimagine	multitalk	Event/MultiTalk/BinaryData/Perform/YAMAC/baberu/COC08/00/CMTPerData_YAMAC_baberu_COC08_000_003.bin	2334
reimagine	multitalk	Event/MultiTalk/BinaryData/Perform/YAMAC/baberu/COC08/00/CMTPerData_YAMAC_baberu_COC08_000_004.bin	1006
reimagine	multitalk	Event/MultiTalk/BinaryData/Perform/YAMAC/baberu/COC08/00/CMTPerData_YAMAC_baberu_COC08_000_005.bin	2334
reimagine	multitalk	Event/MultiTalk/BinaryData/Perform/YAMAC/baberu/COC08/00/CMTPerData_YAMAC_baberu_COC08_000_006.bin	1670
reimagine	multitalk	Event/MultiTalk/BinaryData/Perform/YAMAC/baberu/EP18/00/CMTPerData_YAMAC_baberu_EP18_000_001.bin	10634
reimagine	multitalk	Event/MultiTalk/BinaryData/Perform/YAMAC/baberu/EP18/00/CMTPerData_YAMAC_baberu_EP18_000_002.bin	8642
reimagine	multitalk	Event/MultiTalk/BinaryData/Perform/YAMAC/baberu/EP18/00/CMTPerData_YAMAC_baberu_EP18_000_003.bin	35866
reimagine	multitalk	Event/MultiTalk/BinaryData/Perform/YAMAC/baberu/EPXX/00/CMTPerData_YAMAC_baberu_EPXX_000_001.bin	61098
reimagine	multitalk	Event/MultiTalk/BinaryData/Perform/YUDA/catedral/EP17/00/CMTPerData_YUDA_catedral_EP17_000_001.bin	31218
reimagine	multitalk	Event/MultiTalk/BinaryData/Perform/YUDA/catedral/EP17/00/CMTPerData_YUDA_catedral_EP17_000_002.bin	2334
reimagine	multitalk	Event/MultiTalk/BinaryData/Perform/YUDA/catedral/EP19/00/CMTPerData_YUDA_catedral_EP19_000_001.bin	2666
reimagine	multitalk	Event/MultiTalk/BinaryData/Perform/YUDA/catedral/EP19/00/CMTPerData_YUDA_catedral_EP19_000_002.bin	2998
reimagine	multitalk	Event/MultiTalk/BinaryData/Perform/YUDA/catedral/EP19/00/CMTPerData_YUDA_catedral_EP19_000_003.bin	3330
reimagine	multitalk	Event/MultiTalk/BinaryData/Perform/YUDA/catedral/EP19/00/CMTPerData_YUDA_catedral_EP19_000_004.bin	1338
reimagine	multitalk	Event/MultiTalk/BinaryData/Perform/YUDA/catedral/EP19/00/CMTPerData_YUDA_catedral_EP19_000_005.bin	2002
reimagine	multitalk	Event/MultiTalk/BinaryData/Perform/YUDA/catedral/EP19/00/CMTPerData_YUDA_catedral_EP19_000_006.bin	5654
reimagine	multitalk	Event/MultiTalk/BinaryData/Perform/YUDA/catedral/EP19/00/CMTPerData_YUDA_catedral_EP19_000_007.bin	2002
reimagine	multitalk	Event/MultiTalk/BinaryData/Perform/YUDA/catedral/EP20/00/CMTPerData_YUDA_catedral_EP20_000_001.bin	8642
reimagine	multitalk	Event/MultiTalk/BinaryData/Perform/YUDA/catedral/EP20/00/CMTPerData_YUDA_catedral_EP20_000_002.bin	3662
reimagine	multitalk	Event/MultiTalk/BinaryData/Perform/YUDA/catedral/EP20/00/CMTPerData_YUDA_catedral_EP20_000_003.bin	9970
reimagine	multitalk	Event/MultiTalk/BinaryData/Perform/YUKARI/ClubHorai/Horai/00/CMTPerData_Yukari_ClubHorai_Horai_000_001.bin	674
reimagine	multitalk	Event/MultiTalk/BinaryData/Perform/YUKARI/ClubHorai/Horai/00/CMTPerData_Yukari_ClubHorai_Horai_000_002.bin	674
reimagine	multitalk	Event/MultiTalk/BinaryData/Perform/YUKARI/ClubHorai/Horai/00/CMTPerData_Yukari_ClubHorai_Horai_000_003.bin	674
reimagine	multitalk	Event/MultiTalk/BinaryData/Perform/YUKARI/ClubHorai/Horai/00/CMTPerData_Yukari_ClubHorai_Horai_000_004.bin	674
reimagine	multitalk	Event/MultiTalk/BinaryData/Perform/YUKARI/ClubHorai/Horai/00/CMTPerData_Yukari_ClubHorai_Horai_000_005.bin	674
reimagine	multitalk	Event/MultiTalk/BinaryData/Perform/YUKARI/ClubHorai/Horai/00/CMTPerData_Yukari_ClubHorai_Horai_000_006.bin	1670
reimagine	multitalk	Event/MultiTalk/BinaryData/Perform/YUKARI/ClubHorai/Horai/00/CMTPerData_Yukari_ClubHorai_Horai_000_007.bin	1670
reimagine	multitalk	Event/MultiTalk/BinaryData/Perform/YUKARI/ClubHorai/Horai/00/CMTPerData_Yukari_ClubHorai_Horai_000_008.bin	674
reimagine	multitalk	Event/MultiTalk/BinaryData/Perform/YUKARI/ClubHorai/Horai/00/CMTPerData_Yukari_ClubHorai_Horai_000_009.bin	674
reimagine	multitalk	Event/MultiTalk/BinaryData/Perform/YUKARI/ClubHorai/Horai/00/CMTPerData_Yukari_ClubHorai_Horai_000_010.bin	674
reimagine	multitalk	Event/MultiTalk/BinaryData/Perform/YUKARI/ClubHorai/Horai/00/CMTPerData_Yukari_ClubHorai_Horai_000_011.bin	674
reimagine	multitalk	Event/MultiTalk/BinaryData/Perform/YUKARI/ClubHorai/Horai/00/CMTPerData_Yukari_ClubHorai_Horai_000_012.bin	674
reimagine	multitalk	Event/MultiTalk/BinaryData/Perform/YUKARI/ClubHorai/Horai/00/CMTPerData_Yukari_ClubHorai_Horai_000_013.bin	674
reimagine	multitalk	Event/MultiTalk/BinaryData/Perform/YUKARI/ClubHorai/Horai/00/CMTPerData_Yukari_ClubHorai_Horai_000_014.bin	674
reimagine	multitalk	Event/MultiTalk/BinaryData/Perform/YUKARI/ClubHorai/Horai/00/CMTPerData_Yukari_ClubHorai_Horai_000_015.bin	1670
reimagine	multitalk	Event/MultiTalk/BinaryData/Perform/YUKARI/ClubHorai/Horai/00/CMTPerData_Yukari_ClubHorai_Horai_000_016.bin	1670
reimagine	multitalk	Event/MultiTalk/BinaryData/Perform/YUKARI/ClubHorai/Horai/00/CMTPerData_Yukari_ClubHorai_Horai_000_017.bin	674
reimagine	multitalk	Event/MultiTalk/BinaryData/Perform/YUKARI/ClubHorai/Horai/00/CMTPerData_Yukari_ClubHorai_Horai_000_018.bin	674
reimagine	multitalk	Event/MultiTalk/BinaryData/Perform/YUKARI/ClubHorai/Horai/00/CMTPerData_Yukari_ClubHorai_Horai_000_019.bin	674
reimagine	multitalk	Event/MultiTalk/BinaryData/Perform/YUKARI/ClubHorai/Horai/00/CMTPerData_Yukari_ClubHorai_Horai_000_020.bin	674
reimagine	multitalk	Event/MultiTalk/BinaryData/Perform/YUKARI/ClubHorai/Horai/00/CMTPerData_Yukari_ClubHorai_Horai_000_021.bin	674
reimagine	multitalk	Event/MultiTalk/BinaryData/Perform/YUKARI/ClubHorai/Horai/00/CMTPerData_Yukari_ClubHorai_Horai_000_022.bin	674
reimagine	multitalk	Event/MultiTalk/BinaryData/Perform/YUKARI/ClubHorai/Horai/00/CMTPerData_Yukari_ClubHorai_Horai_000_023.bin	674
reimagine	multitalk	Event/MultiTalk/BinaryData/Perform/YUKARI/ClubHorai/Horai/00/CMTPerData_Yukari_ClubHorai_Horai_000_024.bin	1670
reimagine	multitalk	Event/MultiTalk/BinaryData/Perform/YUKARI/ClubHorai/Horai/00/CMTPerData_Yukari_ClubHorai_Horai_000_025.bin	1670
reimagine	multitalk	Event/MultiTalk/BinaryData/Perform/YUKARI/ClubHorai/Horai/00/CMTPerData_Yukari_ClubHorai_Horai_000_026.bin	674
reimagine	multitalk	Event/MultiTalk/BinaryData/Perform/YUKARI/ClubHorai/Horai/00/CMTPerData_Yukari_ClubHorai_Horai_000_027.bin	674
reimagine	multitalk	Event/MultiTalk/BinaryData/Perform/YUKARI/ClubHorai/Horai/00/CMTPerData_Yukari_ClubHorai_Horai_000_028.bin	674
reimagine	multitalk	Event/MultiTalk/BinaryData/Perform/YUKARI/ClubHorai/Horai/00/CMTPerData_Yukari_ClubHorai_Horai_000_029.bin	674
reimagine	multitalk	Event/MultiTalk/BinaryData/Perform/YUKARI/ClubHorai/Horai/00/CMTPerData_Yukari_ClubHorai_Horai_000_030.bin	8310
reimagine	multitalk	Event/MultiTalk/BinaryData/Perform/YUKARI/ClubHorai/Horai/00/CMTPerData_Yukari_ClubHorai_Horai_000_031.bin	674
reimagine	multitalk	Event/MultiTalk/BinaryData/Perform/YUKARI/ClubHorai/Horai/00/CMTPerData_Yukari_ClubHorai_Horai_000_032.bin	674
reimagine	multitalk	Event/MultiTalk/BinaryData/Pop/1000000000_Event/CMPopData_20140513_leed_001.bin	576
reimagine	multitalk	Event/MultiTalk/BinaryData/Pop/100107_cathedral/CMTPopData_653_001.bin	508
reimagine	multitalk	Event/MultiTalk/BinaryData/Pop/1100000_2ndhomeMO/CMTPopData_11000507_001.bin	700
reimagine	multitalk	Event/MultiTalk/BinaryData/Pop/1110000_SetoMO/CMTPopData_1110000_001.bin	700
reimagine	multitalk	Event/MultiTalk/BinaryData/Pop/1110000_SetoMO/CMTPopData_1110000_002.bin	704
reimagine	multitalk	Event/MultiTalk/BinaryData/Pop/1170000_7Anniversary/CMPopData_1170101_001.bin	2244
reimagine	multitalk	Event/MultiTalk/BinaryData/Pop/1190000_MaraMO/CMPopData_1190000_001.bin	996
reimagine	multitalk	Event/MultiTalk/BinaryData/Pop/1190000_MaraMO/CMPopData_1190000_002.bin	2072
reimagine	multitalk	Event/MultiTalk/BinaryData/Pop/1190000_MaraMO/CMPopData_1190000_003.bin	1160
reimagine	multitalk	Event/MultiTalk/BinaryData/Pop/1190000_MaraMO/CMPopData_1190000_004.bin	996
reimagine	multitalk	Event/MultiTalk/BinaryData/Pop/1190000_MaraMO/CMPopData_1190000_005.bin	1816
reimagine	multitalk	Event/MultiTalk/BinaryData/Pop/1190000_MaraMO/CMPopData_1190000_006.bin	668
reimagine	multitalk	Event/MultiTalk/BinaryData/Pop/150101_shinF/CMTPopData_80113_001.bin	412
reimagine	multitalk	Event/MultiTalk/BinaryData/Pop/260000_Catedral/CMTPopData_260000_001.bin	704
reimagine	multitalk	Event/MultiTalk/BinaryData/Pop/260000_Catedral/CMTPopData_260000_002.bin	768
reimagine	multitalk	Event/MultiTalk/BinaryData/Pop/260000_Catedral/CMTPopData_260000_003.bin	704
reimagine	multitalk	Event/MultiTalk/BinaryData/Pop/260000_Catedral/CMTPopData_260000_004.bin	1260
reimagine	multitalk	Event/MultiTalk/BinaryData/Pop/2home/CMTPopData_GURD01_2home_001.bin	408
reimagine	multitalk	Event/MultiTalk/BinaryData/Pop/3Hannyu/CMTPopData_ARUKO_3Hannyu_001.bin	1720
reimagine	multitalk	Event/MultiTalk/BinaryData/Pop/3Hannyu/CMTPopData_ARUMA_3Hannyu_001.bin	1720
reimagine	multitalk	Event/MultiTalk/BinaryData/Pop/3Hannyu/CMTPopData_GURD03_3Hannyu_001.bin	444
reimagine	multitalk	Event/MultiTalk/BinaryData/Pop/3Hannyu/CMTPopData_HARITO_3Hannyu_001.bin	1720
reimagine	multitalk	Event/MultiTalk/BinaryData/Pop/3Hannyu/CMTPopData_MIRWA_3Hannyu_001.bin	1720
reimagine	multitalk	Event/MultiTalk/BinaryData/Pop/3Hannyu/CMTPopData_SNAKE_3Hannyu_001.bin	4128
reimagine	multitalk	Event/MultiTalk/BinaryData/Pop/3home/CMTPopData_KANO_3home_001.bin	444
reimagine	multitalk	Event/MultiTalk/BinaryData/Pop/3home/CMTPopData_KANO_3home_002.bin	444
reimagine	multitalk	Event/MultiTalk/BinaryData/Pop/3home/CMTPopData_KODAMA_3home_001.bin	1640
reimagine	multitalk	Event/MultiTalk/BinaryData/Pop/3home/CMTPopData_OBORO_3home_001.bin	504
reimagine	multitalk	Event/MultiTalk/BinaryData/Pop/3home/CMTPopData_RIN_3home_001.bin	608
reimagine	multitalk	Event/MultiTalk/BinaryData/Pop/3home/CMTPopData_ROBA_3home_001.bin	572
reimagine	multitalk	Event/MultiTalk/BinaryData/Pop/3home/CMTPopData_SNACK_3home_001.bin	2808
reimagine	multitalk	Event/MultiTalk/BinaryData/Pop/3home/CMTPopData_SUTE_3home_001.bin	1720
reimagine	multitalk	Event/MultiTalk/BinaryData/Pop/3home/CMTPopData_SYU_3home_001.bin	84
reimagine	multitalk	Event/MultiTalk/BinaryData/Pop/50107_chuou/CMTPopData_50107_001.bin	1812
reimagine	multitalk	Event/MultiTalk/BinaryData/Pop/50107_chuou/CMTPopData_50107_002.bin	1780
reimagine	multitalk	Event/MultiTalk/BinaryData/Pop/50107_chuou/CMTPopData_50107_003.bin	1812
reimagine	multitalk	Event/MultiTalk/BinaryData/Pop/640005_Event2014/CMTPopData_640005_001.bin	996
reimagine	multitalk	Event/MultiTalk/BinaryData/Pop/640005_Event2014/CMTPopData_640005_002.bin	1320
reimagine	multitalk	Event/MultiTalk/BinaryData/Pop/640005_Event2014/CMTPopData_640005_003.bin	1128
reimagine	multitalk	Event/MultiTalk/BinaryData/Pop/640005_Event2014/CMTPopData_640005_004.bin	1648
reimagine	multitalk	Event/MultiTalk/BinaryData/Pop/640005_Event2014/CMTPopData_640005_005.bin	412
reimagine	multitalk	Event/MultiTalk/BinaryData/Pop/640005_Event2014/CMTPopData_640005_006.bin	2364
reimagine	multitalk	Event/MultiTalk/BinaryData/Pop/640005_Event2014/CMTPopData_640005_007.bin	2332
reimagine	multitalk	Event/MultiTalk/BinaryData/Pop/640005_Event2014/CMTPopData_640005_008.bin	1052
reimagine	multitalk	Event/MultiTalk/BinaryData/Pop/640005_Event2014/CMTPopData_640005_009.bin	1164
reimagine	multitalk	Event/MultiTalk/BinaryData/Pop/640005_Event2014/CMTPopData_640005_010.bin	1000
reimagine	multitalk	Event/MultiTalk/BinaryData/Pop/640005_Event2014/CMTPopData_640005_011.bin	1164
reimagine	multitalk	Event/MultiTalk/BinaryData/Pop/640005_Event2014/CMTPopData_640005_012.bin	1328
reimagine	multitalk	Event/MultiTalk/BinaryData/Pop/640005_Event2014/CMTPopData_640005_013.bin	1492
reimagine	multitalk	Event/MultiTalk/BinaryData/Pop/640005_Event2014/CMTPopData_640005_014.bin	2112
reimagine	multitalk	Event/MultiTalk/BinaryData/Pop/arcadia/CMTPopData_GAI_arcadia_001.bin	84
reimagine	multitalk	Event/MultiTalk/BinaryData/Pop/arcadia/CMTPopData_MORRIGHAN_arcadia_001.bin	668
reimagine	multitalk	Event/MultiTalk/BinaryData/Pop/arcadia/CMTPopData_SAIEN_arcadia_001.bin	2756
reimagine	multitalk	Event/MultiTalk/BinaryData/Pop/baberu/CMTPopData_CHIZ_baberu_001.bin	700
reimagine	multitalk	Event/MultiTalk/BinaryData/Pop/baberu/CMTPopData_CHIZ_baberu_002.bin	700
reimagine	multitalk	Event/MultiTalk/BinaryData/Pop/baberu/CMTPopData_CHIZ_baberu_003.bin	700
reimagine	multitalk	Event/MultiTalk/BinaryData/Pop/baberu/CMTPopData_CHIZ_baberu_004.bin	1536
reimagine	multitalk	Event/MultiTalk/BinaryData/Pop/baberu/CMTPopData_ELEVATOR_baberu_001.bin	640
reimagine	multitalk	Event/MultiTalk/BinaryData/Pop/baberu/CMTPopData_GON_baberu_001.bin	476
reimagine	multitalk	Event/MultiTalk/BinaryData/Pop/baberu/CMTPopData_HORIGUCHI_baberu_001.bin	412
reimagine	multitalk	Event/MultiTalk/BinaryData/Pop/baberu/CMTPopData_IZO_baberu_001.bin	572
reimagine	multitalk	Event/MultiTalk/BinaryData/Pop/baberu/CMTPopData_IZO_baberu_002.bin	604
reimagine	multitalk	Event/MultiTalk/BinaryData/Pop/baberu/CMTPopData_IZO_baberu_003.bin	604
reimagine	multitalk	Event/MultiTalk/BinaryData/Pop/baberu/CMTPopData_JAKYO_baberu_001.bin	1288
reimagine	multitalk	Event/MultiTalk/BinaryData/Pop/baberu/CMTPopData_KAKO_baberu_001.bin	2112
reimagine	multitalk	Event/MultiTalk/BinaryData/Pop/baberu/CMTPopData_KAKO_baberu_002.bin	2112
reimagine	multitalk	Event/MultiTalk/BinaryData/Pop/baberu/CMTPopData_KIARA_baberu_001.bin	1260
reimagine	multitalk	Event/MultiTalk/BinaryData/Pop/baberu/CMTPopData_KIARA_baberu_002.bin	1324
reimagine	multitalk	Event/MultiTalk/BinaryData/Pop/baberu/CMTPopData_KIARA_baberu_003.bin	1324
reimagine	multitalk	Event/MultiTalk/BinaryData/Pop/baberu/CMTPopData_KIARA_baberu_004.bin	1520
reimagine	multitalk	Event/MultiTalk/BinaryData/Pop/baberu/CMTPopData_KINA_baberu_001.bin	736
reimagine	multitalk	Event/MultiTalk/BinaryData/Pop/baberu/CMTPopData_KINA_baberu_002.bin	1392
reimagine	multitalk	Event/MultiTalk/BinaryData/Pop/baberu/CMTPopData_KINA_baberu_003.bin	1392
reimagine	multitalk	Event/MultiTalk/BinaryData/Pop/baberu/CMTPopData_KINA_baberu_004.bin	1128
reimagine	multitalk	Event/MultiTalk/BinaryData/Pop/baberu/CMTPopData_KINA_baberu_005.bin	836
reimagine	multitalk	Event/MultiTalk/BinaryData/Pop/baberu/CMTPopData_LORIE_baberu_001.bin	476
reimagine	multitalk	Event/MultiTalk/BinaryData/Pop/baberu/CMTPopData_LORIE_baberu_002.bin	604
reimagine	multitalk	Event/MultiTalk/BinaryData/Pop/baberu/CMTPopData_LORIE_baberu_003.bin	636
reimagine	multitalk	Event/MultiTalk/BinaryData/Pop/baberu/CMTPopData_LORIE_baberu_004.bin	832
reimagine	multitalk	Event/MultiTalk/BinaryData/Pop/baberu/CMTPopData_MIRWA_baberu_001.bin	608
reimagine	multitalk	Event/MultiTalk/BinaryData/Pop/baberu/CMTPopData_MIRWA_baberu_002.bin	608
reimagine	multitalk	Event/MultiTalk/BinaryData/Pop/baberu/CMTPopData_NAGASHIMA_baberu_001.bin	508
reimagine	multitalk	Event/MultiTalk/BinaryData/Pop/baberu/CMTPopData_NORA_baberu_001.bin	736
reimagine	multitalk	Event/MultiTalk/BinaryData/Pop/baberu/CMTPopData_NORA_baberu_002.bin	2104
reimagine	multitalk	Event/MultiTalk/BinaryData/Pop/baberu/CMTPopData_NORA_baberu_003.bin	736
reimagine	multitalk	Event/MultiTalk/BinaryData/Pop/baberu/CMTPopData_OBABA_baberu_001.bin	412
reimagine	multitalk	Event/MultiTalk/BinaryData/Pop/baberu/CMTPopData_OBABA_baberu_002.bin	572
reimagine	multitalk	Event/MultiTalk/BinaryData/Pop/baberu/CMTPopData_OBABA_baberu_003.bin	736
reimagine	multitalk	Event/MultiTalk/BinaryData/Pop/baberu/CMTPopData_OBABA_baberu_004.bin	736
reimagine	multitalk	Event/MultiTalk/BinaryData/Pop/baberu/CMTPopData_OKANE_baberu_001.bin	476
reimagine	multitalk	Event/MultiTalk/BinaryData/Pop/baberu/CMTPopData_QUEENMAB_baberu_001.bin	668
reimagine	multitalk	Event/MultiTalk/BinaryData/Pop/baberu/CMTPopData_RIN_baberu_001.bin	476
reimagine	multitalk	Event/MultiTalk/BinaryData/Pop/baberu/CMTPopData_RIN_baberu_002.bin	1092
reimagine	multitalk	Event/MultiTalk/BinaryData/Pop/baberu/CMTPopData_RIN_baberu_003.bin	1288
reimagine	multitalk	Event/MultiTalk/BinaryData/Pop/baberu/CMTPopData_RIN_baberu_004.bin	1252
reimagine	multitalk	Event/MultiTalk/BinaryData/Pop/baberu/CMTPopData_SANJE_baberu_001.bin	1056
reimagine	multitalk	Event/MultiTalk/BinaryData/Pop/baberu/CMTPopData_SETSU_baberu_001.bin	700
reimagine	multitalk	Event/MultiTalk/BinaryData/Pop/baberu/CMTPopData_SUKNA_baberu_001.bin	508
reimagine	multitalk	Event/MultiTalk/BinaryData/Pop/baberu/CMTPopData_SUKNA_baberu_002.bin	964
reimagine	multitalk	Event/MultiTalk/BinaryData/Pop/baberu/CMTPopData_SUKNA_baberu_003.bin	900
reimagine	multitalk	Event/MultiTalk/BinaryData/Pop/baberu/CMTPopData_SUKNA_baberu_004.bin	964
reimagine	multitalk	Event/MultiTalk/BinaryData/Pop/baberu/CMTPopData_TANI_baberu_001.bin	860
reimagine	multitalk	Event/MultiTalk/BinaryData/Pop/baberu/CMTPopData_YAMAC_baberu_001.bin	476
reimagine	multitalk	Event/MultiTalk/BinaryData/Pop/baberu/CMTPopData_YAMAC_baberu_002.bin	1964
reimagine	multitalk	Event/MultiTalk/BinaryData/Pop/baberu/CMTPopData_YAMAC_baberu_003.bin	2572
reimagine	multitalk	Event/MultiTalk/BinaryData/Pop/baberu/CMTPopData_YAMAC_baberu_004.bin	1916
reimagine	multitalk	Event/MultiTalk/BinaryData/Pop/baberu/CMTPopData_YAMAC_baberu_005.bin	1916
reimagine	multitalk	Event/MultiTalk/BinaryData/Pop/catedral/CMTPopData_YUDA_catedral_001.bin	700
reimagine	multitalk	Event/MultiTalk/BinaryData/Pop/catedral/CMTPopData_YUDA_catedral_002.bin	700
reimagine	multitalk	Event/MultiTalk/BinaryData/Pop/catedral/CMTPopData_YUDA_catedral_003.bin	796
reimagine	multitalk	Event/MultiTalk/BinaryData/Pop/ClubHorai/CMTPopData_Aoi_ClubHorai_001.bin	504
reimagine	multitalk	Event/MultiTalk/BinaryData/Pop/ClubHorai/CMTPopData_Dominion_ClubHorai_001.bin	600
reimagine	multitalk	Event/MultiTalk/BinaryData/Pop/ClubHorai/CMTPopData_Oboro_ClubHorai_001.bin	2388
reimagine	multitalk	Event/MultiTalk/BinaryData/Pop/ClubHorai/CMTPopData_Pixie_ClubHorai_001.bin	600
reimagine	multitalk	Event/MultiTalk/BinaryData/Pop/ClubHorai/CMTPopData_Yukari_ClubHorai_001.bin	504
reimagine	multitalk	Event/MultiTalk/BinaryData/Pop/create/CMTPopData_SETSU_create_001.bin	2648
reimagine	multitalk	Event/MultiTalk/BinaryData/Pop/hongoMo/CMTPopData_ARUKO_hongoMo_001.bin	1328
reimagine	multitalk	Event/MultiTalk/BinaryData/Pop/hongoMo/CMTPopData_ARUMA_hongoMo_001.bin	1328
reimagine	multitalk	Event/MultiTalk/BinaryData/Pop/hongoMo/CMTPopData_HARITO_hongoMo_001.bin	1328
reimagine	multitalk	Event/MultiTalk/BinaryData/Pop/hongoMo/CMTPopData_KINA_hongoMo_001.bin	736
reimagine	multitalk	Event/MultiTalk/BinaryData/Pop/hongoMo/CMTPopData_MIRWA_hongoMo_001.bin	1456
reimagine	multitalk	Event/MultiTalk/BinaryData/Pop/hongoMo/CMTPopData_MIRWA_hongoMo_002.bin	1648
reimagine	multitalk	Event/MultiTalk/BinaryData/Pop/hongoMo/CMTPopData_POLYDEMO_hongoMo_001.bin	2108
reimagine	multitalk	Event/MultiTalk/BinaryData/Pop/hongoMo/CMTPopData_POLYDEMO_hongoMo_002.bin	1492
reimagine	multitalk	Event/MultiTalk/BinaryData/Pop/huuun/CMTPopData_DOUKAN_huuun_001.bin	700
reimagine	multitalk	Event/MultiTalk/BinaryData/Pop/huuun/CMTPopData_DOUKAN_huuun_002.bin	764
reimagine	multitalk	Event/MultiTalk/BinaryData/Pop/huuun/CMTPopData_DOUKAN_huuun_003.bin	892
reimagine	multitalk	Event/MultiTalk/BinaryData/Pop/ichiF/CMTPopData_MIRWA_ichiF_001.bin	444
reimagine	multitalk	Event/MultiTalk/BinaryData/Pop/ichiMO/CMTPopData_ISIS_ichiMO_001.bin	3744
reimagine	multitalk	Event/MultiTalk/BinaryData/Pop/ichiMO/CMTPopData_SHITOU_ichiMO_001.bin	280
reimagine	multitalk	Event/MultiTalk/BinaryData/Pop/ichiMO/CMTPopData_SHITOU_ichiMO_002.bin	1128
reimagine	multitalk	Event/MultiTalk/BinaryData/Pop/ikebukuro/CMTPopData_CELTY_ikebukuro_001.bin	84
reimagine	multitalk	Event/MultiTalk/BinaryData/Pop/ikebukuro/CMTPopData_CHIBANA_ikebukuro_001.bin	2032
reimagine	multitalk	Event/MultiTalk/BinaryData/Pop/ikebukuro/CMTPopData_CUCHULAINN_ikebukuro_001.bin	928
reimagine	multitalk	Event/MultiTalk/BinaryData/Pop/ikebukuro/CMTPopData_FEI_ikebukuro_001.bin	672
reimagine	multitalk	Event/MultiTalk/BinaryData/Pop/ikebukuro/CMTPopData_INORI_ikebukuro_001.bin	84
reimagine	multitalk	Event/MultiTalk/BinaryData/Pop/ikebukuro/CMTPopData_IZAYA_ikebukuro_001.bin	84
reimagine	multitalk	Event/MultiTalk/BinaryData/Pop/ikebukuro/CMTPopData_SAIKA_ikebukuro_001.bin	84
reimagine	multitalk	Event/MultiTalk/BinaryData/Pop/ikebukuro/CMTPopData_SHIZUO_ikebukuro_001.bin	84
reimagine	multitalk	Event/MultiTalk/BinaryData/Pop/kaguraMO/CMTPopData_CUCHULAINN_kaguraMO_001.bin	768
reimagine	multitalk	Event/MultiTalk/BinaryData/Pop/kaguraMO/CMTPopData_KINKI_kaguraMO_001.bin	996
reimagine	multitalk	Event/MultiTalk/BinaryData/Pop/kaguraMO/CMTPopData_ONGYOKI_kaguraMO_001.bin	508
reimagine	multitalk	Event/MultiTalk/BinaryData/Pop/kaguraMO/CMTPopData_SHITOU_kaguraMO_001.bin	344
reimagine	multitalk	Event/MultiTalk/BinaryData/Pop/kakyozyo/CMTPopData_CUCHULAINN_kakyozyo_001.bin	508
reimagine	multitalk	Event/MultiTalk/BinaryData/Pop/kakyozyo/CMTPopData_CUCHULAINN_kakyozyo_002.bin	1184
reimagine	multitalk	Event/MultiTalk/BinaryData/Pop/kakyozyo/CMTPopData_TOBAKUSHI_kakyozyo_001.bin	1384
reimagine	multitalk	Event/MultiTalk/BinaryData/Pop/Kernel/CMTPopData_KERU_Kernel_001.bin	828
reimagine	multitalk	Event/MultiTalk/BinaryData/Pop/MeijiMO/CMTPopData_LILY_MeijiMO_001.bin	3900
reimagine	multitalk	Event/MultiTalk/BinaryData/Pop/MeijiMO/CMTPopData_LILY_MeijiMO_099.bin	672
reimagine	multitalk	Event/MultiTalk/BinaryData/Pop/nakanoF/CMTPopData_ALICE_nakanoF_001.bin	476
reimagine	multitalk	Event/MultiTalk/BinaryData/Pop/nakanoF/CMTPopData_ALICE_nakanoF_002.bin	1180
reimagine	multitalk	Event/MultiTalk/BinaryData/Pop/nakanoF/CMTPopData_DWARF_nakanoF_001.bin	768
reimagine	multitalk	Event/MultiTalk/BinaryData/Pop/nakanoF/CMTPopData_SCATHACH_nakanoF_001.bin	1416
reimagine	multitalk	Event/MultiTalk/BinaryData/Pop/nakanoF/CMTPopData_SCATHACH_nakanoF_002.bin	1436
reimagine	multitalk	Event/MultiTalk/BinaryData/Pop/nakanoF/CMTPopData_SETANTA_nakanoF_001.bin	572
reimagine	multitalk	Event/MultiTalk/BinaryData/Pop/protophia/CMTPopData_ALFRED_protophia_001.bin	1704
reimagine	multitalk	Event/MultiTalk/BinaryData/Pop/protophia/CMTPopData_ALFRED_protophia_002.bin	2024
reimagine	multitalk	Event/MultiTalk/BinaryData/Pop/protophia/CMTPopData_HACCHAN_protophia_001.bin	768
reimagine	multitalk	Event/MultiTalk/BinaryData/Pop/protophia/CMTPopData_KERU_protophia_001.bin	928
reimagine	multitalk	Event/MultiTalk/BinaryData/Pop/protophia/CMTPopData_KERU_protophia_002.bin	1512
reimagine	multitalk	Event/MultiTalk/BinaryData/Pop/protophia/CMTPopData_KERU_protophia_003.bin	860
reimagine	multitalk	Event/MultiTalk/BinaryData/Pop/protophia/CMTPopData_MADAME_protophia_001.bin	1416
reimagine	multitalk	Event/MultiTalk/BinaryData/Pop/protophia/CMTPopData_MADAME_protophia_002.bin	1448
reimagine	multitalk	Event/MultiTalk/BinaryData/Pop/quartzMO/CMTPopData_CUCHULAINN_quartzMO_001.bin	768
reimagine	multitalk	Event/MultiTalk/BinaryData/Pop/quartzMO/CMTPopData_KERU_quartzMO_001.bin	900
reimagine	multitalk	Event/MultiTalk/BinaryData/Pop/quartzMO/CMTPopData_KERU_quartzMO_002.bin	540
reimagine	multitalk	Event/MultiTalk/BinaryData/Pop/quartzMO/CMTPopData_KERU_quartzMO_003.bin	2004
reimagine	multitalk	Event/MultiTalk/BinaryData/Pop/quartzMO/CMTPopData_KERU_quartzMO_004.bin	2004
reimagine	multitalk	Event/MultiTalk/BinaryData/Pop/quartzMO/CMTPopData_MACHA_quartzMO_001.bin	768
reimagine	multitalk	Event/MultiTalk/BinaryData/Pop/quartzMO/CMTPopData_MORRIGHAN_quartzMO_001.bin	508
reimagine	multitalk	Event/MultiTalk/BinaryData/Pop/quartzMO/CMTPopData_SHITOU_quartzMO_001.bin	312
reimagine	multitalk	Event/MultiTalk/BinaryData/Pop/seruMO/CMTPopData_GABRIEL_seruMO_001.bin	988
reimagine	multitalk	Event/MultiTalk/BinaryData/Pop/seruMO/CMTPopData_SHITOU_seruMO_001.bin	376
reimagine	multitalk	Event/MultiTalk/BinaryData/Pop/seruMO/CMTPopData_SHITOU_seruMO_002.bin	640
reimagine	multitalk	Event/MultiTalk/BinaryData/Pop/shindog/CMTPopData_KINA_shindog_001.bin	996
reimagine	multitalk	Event/MultiTalk/BinaryData/Pop/shindog/CMTPopData_MIRWA_shindog_001.bin	960
reimagine	multitalk	Event/MultiTalk/BinaryData/Pop/ShinF/CMTPopData_CUCHULAINN_ShinF_001.bin	768
reimagine	multitalk	Event/MultiTalk/BinaryData/Pop/ShinF/CMTPopData_KAKO_ShinF_001.bin	508
reimagine	multitalk	Event/MultiTalk/BinaryData/Pop/ShinF/CMTPopData_OBERON_ShinF_001.bin	768
reimagine	multitalk	Event/MultiTalk/BinaryData/Pop/ShinF/CMTPopData_QUEENMAB_ShinF_001.bin	508
reimagine	multitalk	Event/MultiTalk/BinaryData/Pop/sibucika/CMTPopData_SUKNA_sibucika_001.bin	476
reimagine	multitalk	Event/MultiTalk/BinaryData/Pop/sibucika/CMTPopData_SUKNA_sibucika_002.bin	476
reimagine	multitalk	Event/MultiTalk/BinaryData/Pop/sibucika/CMTPopData_SUKNA_sibucika_003.bin	1680
reimagine	multitalk	Event/MultiTalk/BinaryData/Pop/sibuyaF/CMTPopData_FEI_sibuyaF_001.bin	672
reimagine	multitalk	Event/MultiTalk/BinaryData/Pop/sibuyaF/CMTPopData_GURD02_sibuyaF_001.bin	412
reimagine	multitalk	Event/MultiTalk/BinaryData/Pop/sibuyaF/CMTPopData_SUKNA_sibuyaF_001.bin	540
reimagine	multitalk	Event/MultiTalk/BinaryData/Pop/sinaMO/CMTPopData_SHITOU_sinaMO_001.bin	312
reimagine	multitalk	Event/MultiTalk/BinaryData/Pop/souhon/CMTPopData_ENKEI_souhon_001.bin	572
reimagine	multitalk	Event/MultiTalk/BinaryData/Pop/souhon/CMTPopData_ENKEI_souhon_002.bin	572
reimagine	multitalk	Event/MultiTalk/BinaryData/Pop/souhon/CMTPopData_ENKEI_souhon_003.bin	572
reimagine	multitalk	Event/MultiTalk/BinaryData/Pop/souhon/CMTPopData_INKYO_souhon_001.bin	1128
reimagine	multitalk	Event/MultiTalk/BinaryData/Pop/souhon/CMTPopData_INKYO_souhon_002.bin	1224
reimagine	multitalk	Event/MultiTalk/BinaryData/Pop/souhon/CMTPopData_INKYO_souhon_003.bin	1224
reimagine	multitalk	Event/MultiTalk/BinaryData/Pop/souhon/CMTPopData_KUREHA_souhon_001.bin	640
reimagine	multitalk	Event/MultiTalk/BinaryData/Pop/souhon/CMTPopData_MICCHI_souhon_001.bin	604
reimagine	multitalk	Event/MultiTalk/BinaryData/Pop/souhon/CMTPopData_ONGYOKI_souhon_001.bin	668
reimagine	multitalk	Event/MultiTalk/BinaryData/Pop/souhon/CMTPopData_SAIEN_souhon_001.bin	2724
reimagine	multitalk	Event/MultiTalk/BinaryData/Pop/souhon/CMTPopData_SAKAM_souhon_001.bin	540
reimagine	multitalk	Event/MultiTalk/BinaryData/Pop/souhon/CMTPopData_SUKNA_souhon_001.bin	1476
reimagine	multitalk	Event/MultiTalk/BinaryData/Pop/souhon/CMTPopData_SUKNA_souhon_002.bin	964
reimagine	multitalk	Event/MultiTalk/BinaryData/Pop/Spiritual/CMTPopData_ASTAROTH_Spiritual_001.bin	1180
reimagine	multitalk	Event/MultiTalk/BinaryData/Pop/Spiritual/CMTPopData_METATRON_Spiritual_001.bin	1084
reimagine	multitalk	Event/MultiTalk/BinaryData/Pop/sugiF/CMTPopData_ALICE_sugiF_001.bin	956
reimagine	multitalk	Event/MultiTalk/BinaryData/Pop/sugiF/CMTPopData_IZO_sugiF_001.bin	1676
reimagine	multitalk	Event/MultiTalk/BinaryData/Pop/sugiF/CMTPopData_SHINSE_sugiF_001.bin	804
reimagine	multitalk	Event/MultiTalk/BinaryData/Pop/sugiF/CMTPopData_SHINSE_sugiF_002.bin	836
reimagine	multitalk	Event/MultiTalk/BinaryData/Pop/sugiMO/CMTPopData_SHITOU_sugiMO_001.bin	376
reimagine	multitalk	Event/MultiTalk/BinaryData/Pop/tocho/CMTPopData_AZURA_tocho_001.bin	1740
reimagine	multitalk	Event/MultiTalk/BinaryData/Pop/tocho/CMTPopData_AZURA_tocho_002.bin	1616
reimagine	multitalk	Event/MultiTalk/BinaryData/Pop/tocho/CMTPopData_KISGI_tocho_001.bin	932
reimagine	multitalk	Event/MultiTalk/BinaryData/Pop/universe/CMTPopData_TAIJI_universe_001.bin	696
reimagine	multitalk	Event/MultiTalk/BinaryData/Pop/virtual/CMTPopData_SNAKE_virtualr_001.bin	800
reimagine	multitalk	Event/MultiTalk/BinaryData/Pop/virtual/CMTPopData_SNAKE_virtualr_002.bin	1152
reimagine	multitalk	Event/MultiTalk/BinaryData/Pop/virtual/CMTPopData_SNAKE_virtualr_003.bin	1608
reimagine	multitalk	Event/MultiTalk/BinaryData/Pop/virtual/CMTPopData_SNAKE_virtualr_004.bin	1608
reimagine	multitalk	Event/MultiTalk/BinaryData/Pop/virtual/CMTPopData_SNAKE_virtualr_005.bin	2416
reimagine	multitalk	Event/MultiTalk/BinaryData/Pop/yume/CMTPopData_TAIJI_yume_001.bin	3012
reimagine	multitalk	Event/MultiTalk/BinaryData/Pop/zoshigaya/CMTPopData_CUCHULAINN_zoshigaya_001.bin	2724
reimagine	multitalk	Event/MultiTalk/BinaryData/Pop/zoshigaya/CMTPopData_GUEDE_zoshigaya_001.bin	604
reimagine	polygonmovie	Event/PolygonMovie/BinaryData/CEventData.bin	424642
reimagine	polygonmovie	Event/PolygonMovie/BinaryData/CMovieData_0000A_01.bin	1450
reimagine	polygonmovie	Event/PolygonMovie/BinaryData/CMovieData_0000A_02.bin	2270
reimagine	polygonmovie	Event/PolygonMovie/BinaryData/CMovieData_0000B_01.bin	5906
reimagine	polygonmovie	Event/PolygonMovie/BinaryData/CMovieData_0001tsa_01.bin	790
reimagine	polygonmovie	Event/PolygonMovie/BinaryData/CMovieData_0002tsa_01.bin	1178
reimagine	polygonmovie	Event/PolygonMovie/BinaryData/CMovieData_0003tsa_01.bin	862
reimagine	polygonmovie	Event/PolygonMovie/BinaryData/CMovieData_0004tsa_01.bin	1282
reimagine	polygonmovie	Event/PolygonMovie/BinaryData/CMovieData_0005tsa_01.bin	1938
reimagine	polygonmovie	Event/PolygonMovie/BinaryData/CMovieData_0006tsa_01.bin	4742
reimagine	polygonmovie	Event/PolygonMovie/BinaryData/CMovieData_0007tsa_01.bin	1378
reimagine	polygonmovie	Event/PolygonMovie/BinaryData/CMovieData_0007tsa_02.bin	3782
reimagine	polygonmovie	Event/PolygonMovie/BinaryData/CMovieData_0007tsa_03.bin	1986
reimagine	polygonmovie	Event/PolygonMovie/BinaryData/CMovieData_0007tsa_04.bin	458
reimagine	polygonmovie	Event/PolygonMovie/BinaryData/CMovieData_0007tsa_05.bin	3430
reimagine	polygonmovie	Event/PolygonMovie/BinaryData/CMovieData_0011A.bin	1842
reimagine	polygonmovie	Event/PolygonMovie/BinaryData/CMovieData_0011B.bin	2086
reimagine	polygonmovie	Event/PolygonMovie/BinaryData/CMovieData_0011C.bin	9434
reimagine	polygonmovie	Event/PolygonMovie/BinaryData/CMovieData_0011D.bin	3942
reimagine	polygonmovie	Event/PolygonMovie/BinaryData/CMovieData_0011E.bin	674
reimagine	polygonmovie	Event/PolygonMovie/BinaryData/CMovieData_0011F.bin	7866
reimagine	polygonmovie	Event/PolygonMovie/BinaryData/CMovieData_0011G.bin	4634
reimagine	polygonmovie	Event/PolygonMovie/BinaryData/CMovieData_0012A.bin	5330
reimagine	polygonmovie	Event/PolygonMovie/BinaryData/CMovieData_0012B.bin	2082
reimagine	polygonmovie	Event/PolygonMovie/BinaryData/CMovieData_0012C.bin	1118
reimagine	polygonmovie	Event/PolygonMovie/BinaryData/CMovieData_0012D.bin	6826
reimagine	polygonmovie	Event/PolygonMovie/BinaryData/CMovieData_0013A_01.bin	1758
reimagine	polygonmovie	Event/PolygonMovie/BinaryData/CMovieData_0013B_01.bin	1590
reimagine	polygonmovie	Event/PolygonMovie/BinaryData/CMovieData_0013C_01.bin	1282
reimagine	polygonmovie	Event/PolygonMovie/BinaryData/CMovieData_0013D_01.bin	1926
reimagine	polygonmovie	Event/PolygonMovie/BinaryData/CMovieData_0013E_01.bin	1290
reimagine	polygonmovie	Event/PolygonMovie/BinaryData/CMovieData_0013F_01.bin	1146
reimagine	polygonmovie	Event/PolygonMovie/BinaryData/CMovieData_0013F_02.bin	5266
reimagine	polygonmovie	Event/PolygonMovie/BinaryData/CMovieData_0014A_01.bin	2578
reimagine	polygonmovie	Event/PolygonMovie/BinaryData/CMovieData_0014B_01.bin	1850
reimagine	polygonmovie	Event/PolygonMovie/BinaryData/CMovieData_0014C_01.bin	2462
reimagine	polygonmovie	Event/PolygonMovie/BinaryData/CMovieData_0014D_01.bin	1094
reimagine	polygonmovie	Event/PolygonMovie/BinaryData/CMovieData_0014E_01.bin	1862
reimagine	polygonmovie	Event/PolygonMovie/BinaryData/CMovieData_0014F_01.bin	2954
reimagine	polygonmovie	Event/PolygonMovie/BinaryData/CMovieData_0014G_01.bin	1462
reimagine	polygonmovie	Event/PolygonMovie/BinaryData/CMovieData_0014H_01.bin	6398
reimagine	polygonmovie	Event/PolygonMovie/BinaryData/CMovieData_0014I_01.bin	634
reimagine	polygonmovie	Event/PolygonMovie/BinaryData/CMovieData_0015A_01.bin	2738
reimagine	polygonmovie	Event/PolygonMovie/BinaryData/CMovieData_0015B_01.bin	1774
reimagine	polygonmovie	Event/PolygonMovie/BinaryData/CMovieData_0015C_01.bin	4322
reimagine	polygonmovie	Event/PolygonMovie/BinaryData/CMovieData_0016A_01.bin	1134
reimagine	polygonmovie	Event/PolygonMovie/BinaryData/CMovieData_0016A_02.bin	406
reimagine	polygonmovie	Event/PolygonMovie/BinaryData/CMovieData_0016A_03.bin	506
reimagine	polygonmovie	Event/PolygonMovie/BinaryData/CMovieData_0016B_01.bin	1154
reimagine	polygonmovie	Event/PolygonMovie/BinaryData/CMovieData_0016C_01.bin	4082
reimagine	polygonmovie	Event/PolygonMovie/BinaryData/CMovieData_0016C_02.bin	2966
reimagine	polygonmovie	Event/PolygonMovie/BinaryData/CMovieData_0016D_01.bin	2778
reimagine	polygonmovie	Event/PolygonMovie/BinaryData/CMovieData_0016E_01.bin	3534
reimagine	polygonmovie	Event/PolygonMovie/BinaryData/CMovieData_0016F_01.bin	3794
reimagine	polygonmovie	Event/PolygonMovie/BinaryData/CMovieData_003A_030.bin	3946
reimagine	polygonmovie	Event/PolygonMovie/BinaryData/CMovieData_003C_001.bin	2046
reimagine	polygonmovie	Event/PolygonMovie/BinaryData/CMovieData_004A_040.bin	714
reimagine	polygonmovie	Event/PolygonMovie/BinaryData/CMovieData_004B_004.bin	3582
reimagine	polygonmovie	Event/PolygonMovie/BinaryData/CMovieData_004C_000.bin	1834
reimagine	polygonmovie	Event/PolygonMovie/BinaryData/CMovieData_004D_002.bin	3618
reimagine	polygonmovie	Event/PolygonMovie/BinaryData/CMovieData_006A.bin	6850
reimagine	polygonmovie	Event/PolygonMovie/BinaryData/CMovieData_007A_01.bin	3934
reimagine	polygonmovie	Event/PolygonMovie/BinaryData/CMovieData_007B_03.bin	3462
reimagine	polygonmovie	Event/PolygonMovie/BinaryData/CMovieData_007C_03.bin	2150
reimagine	polygonmovie	Event/PolygonMovie/BinaryData/CMovieData_007C.bin	942
reimagine	polygonmovie	Event/PolygonMovie/BinaryData/CMovieData_007D_03.bin	2006
reimagine	polygonmovie	Event/PolygonMovie/BinaryData/CMovieData_007E_01_000.bin	2058
reimagine	polygonmovie	Event/PolygonMovie/BinaryData/CMovieData_007E_02_000.bin	3362
reimagine	polygonmovie	Event/PolygonMovie/BinaryData/CMovieData_007E_03_000.bin	1478
reimagine	polygonmovie	Event/PolygonMovie/BinaryData/CMovieData_007F_01.bin	4414
reimagine	polygonmovie	Event/PolygonMovie/BinaryData/CMovieData_007G_002.bin	2190
reimagine	polygonmovie	Event/PolygonMovie/BinaryData/CMovieData_007H_000.bin	4122
reimagine	polygonmovie	Event/PolygonMovie/BinaryData/CMovieData_008A_004.bin	2110
reimagine	polygonmovie	Event/PolygonMovie/BinaryData/CMovieData_008B_01_000.bin	750
reimagine	polygonmovie	Event/PolygonMovie/BinaryData/CMovieData_008B_02_000.bin	958
reimagine	polygonmovie	Event/PolygonMovie/BinaryData/CMovieData_008B_03_000.bin	750
reimagine	polygonmovie	Event/PolygonMovie/BinaryData/CMovieData_008c.bin	3402
reimagine	polygonmovie	Event/PolygonMovie/BinaryData/CMovieData_009A_01_000.bin	1022
reimagine	polygonmovie	Event/PolygonMovie/BinaryData/CMovieData_009A_02_000.bin	1910
reimagine	polygonmovie	Event/PolygonMovie/BinaryData/CMovieData_009A_03_000.bin	750
reimagine	polygonmovie	Event/PolygonMovie/BinaryData/CMovieData_009B.bin	2790
reimagine	polygonmovie	Event/PolygonMovie/BinaryData/CMovieData_012A_01.bin	1702
reimagine	polygonmovie	Event/PolygonMovie/BinaryData/CMovieData_012A_02.bin	1298
reimagine	polygonmovie	Event/PolygonMovie/BinaryData/CMovieData_012A_03.bin	1090
reimagine	polygonmovie	Event/PolygonMovie/BinaryData/CMovieData_012B.bin	1294
reimagine	polygonmovie	Event/PolygonMovie/BinaryData/CMovieData_012C.bin	2478
reimagine	polygonmovie	Event/PolygonMovie/BinaryData/CMovieData_012D.bin	2406
reimagine	polygonmovie	Event/PolygonMovie/BinaryData/CMovieData_012E.bin	1250
reimagine	polygonmovie	Event/PolygonMovie/BinaryData/CMovieData_012F.bin	1678
reimagine	polygonmovie	Event/PolygonMovie/BinaryData/CMovieData_014A_01_002.bin	1974
reimagine	polygonmovie	Event/PolygonMovie/BinaryData/CMovieData_014A_02_006.bin	3418
reimagine	polygonmovie	Event/PolygonMovie/BinaryData/CMovieData_014B_01_000.bin	706
reimagine	polygonmovie	Event/PolygonMovie/BinaryData/CMovieData_014B_02_001.bin	2782
reimagine	polygonmovie	Event/PolygonMovie/BinaryData/CMovieData_014C_000.bin	1390
reimagine	polygonmovie	Event/PolygonMovie/BinaryData/CMovieData_014C_02_000.bin	1110
reimagine	polygonmovie	Event/PolygonMovie/BinaryData/CMovieData_014D_01_001.bin	1698
reimagine	polygonmovie	Event/PolygonMovie/BinaryData/CMovieData_014D_02_001.bin	2362
reimagine	polygonmovie	Event/PolygonMovie/BinaryData/CMovieData_014X.bin	1502
reimagine	polygonmovie	Event/PolygonMovie/BinaryData/CMovieData_3-unioon.bin	926
reimagine	polygonmovie	Event/PolygonMovie/BinaryData/CMovieData_8thanniv01.bin	4462
reimagine	polygonmovie	Event/PolygonMovie/BinaryData/CMovieData_8thanniv02.bin	5850
reimagine	polygonmovie	Event/PolygonMovie/BinaryData/CMovieData_8thanniv03.bin	9146
reimagine	polygonmovie	Event/PolygonMovie/BinaryData/CMovieData_8thanniv04.bin	2354
reimagine	polygonmovie	Event/PolygonMovie/BinaryData/CMovieData_8thanniv05.bin	13662
reimagine	polygonmovie	Event/PolygonMovie/BinaryData/CMovieData_8thanniv06.bin	14186
reimagine	polygonmovie	Event/PolygonMovie/BinaryData/CMovieData_8thanniv07.bin	4526
reimagine	polygonmovie	Event/PolygonMovie/BinaryData/CMovieData_8thanniv08.bin	5550
reimagine	polygonmovie	Event/PolygonMovie/BinaryData/CMovieData_8thanniv09.bin	4606
reimagine	polygonmovie	Event/PolygonMovie/BinaryData/CMovieData_8thanniv10a.bin	4610
reimagine	polygonmovie	Event/PolygonMovie/BinaryData/CMovieData_8thanniv10b.bin	1586
reimagine	polygonmovie	Event/PolygonMovie/BinaryData/CMovieData_8thanniv11a.bin	8798
reimagine	polygonmovie	Event/PolygonMovie/BinaryData/CMovieData_8thanniv11b.bin	1850
reimagine	polygonmovie	Event/PolygonMovie/BinaryData/CMovieData_8thanniv12a.bin	766
reimagine	polygonmovie	Event/PolygonMovie/BinaryData/CMovieData_8thanniv12b.bin	6942
reimagine	polygonmovie	Event/PolygonMovie/BinaryData/CMovieData_8thanniv12c.bin	1446
reimagine	polygonmovie	Event/PolygonMovie/BinaryData/CMovieData_8thanniv12d.bin	2778
reimagine	polygonmovie	Event/PolygonMovie/BinaryData/CMovieData_8thanniv12e.bin	1850
reimagine	polygonmovie	Event/PolygonMovie/BinaryData/CMovieData_8thanniv12f.bin	15210
reimagine	polygonmovie	Event/PolygonMovie/BinaryData/CMovieData_ActXX_azu.bin	818
reimagine	polygonmovie	Event/PolygonMovie/BinaryData/CMovieData_ActXX_luc.bin	818
reimagine	polygonmovie	Event/PolygonMovie/BinaryData/CMovieData_Archbishop02_a.bin	3326
reimagine	polygonmovie	Event/PolygonMovie/BinaryData/CMovieData_Archbishop02_b.bin	3070
reimagine	polygonmovie	Event/PolygonMovie/BinaryData/CMovieData_Archbishop02_c.bin	3326
reimagine	polygonmovie	Event/PolygonMovie/BinaryData/CMovieData_Archbishop03_a.bin	6162
reimagine	polygonmovie	Event/PolygonMovie/BinaryData/CMovieData_Archbishop03_b.bin	4866
reimagine	polygonmovie	Event/PolygonMovie/BinaryData/CMovieData_Archbishop_OP.bin	1142
reimagine	polygonmovie	Event/PolygonMovie/BinaryData/CMovieData_CE_01.bin	1562
reimagine	polygonmovie	Event/PolygonMovie/BinaryData/CMovieData_CE_02_A.bin	12510
reimagine	polygonmovie	Event/PolygonMovie/BinaryData/CMovieData_CE_02_B.bin	12510
reimagine	polygonmovie	Event/PolygonMovie/BinaryData/CMovieData_CE_02_C.bin	12510
reimagine	polygonmovie	Event/PolygonMovie/BinaryData/CMovieData_CE_02_S.bin	12510
reimagine	polygonmovie	Event/PolygonMovie/BinaryData/CMovieData_CE_03.bin	1502
reimagine	polygonmovie	Event/PolygonMovie/BinaryData/CMovieData_Episode_018.bin	15250
reimagine	polygonmovie	Event/PolygonMovie/BinaryData/CMovieData_Episode_019a.bin	14034
reimagine	polygonmovie	Event/PolygonMovie/BinaryData/CMovieData_Episode_021a.bin	4498
reimagine	polygonmovie	Event/PolygonMovie/BinaryData/CMovieData_Episode_021b.bin	1710
reimagine	polygonmovie	Event/PolygonMovie/BinaryData/CMovieData_jyakyo.bin	798
reimagine	polygonmovie	Event/PolygonMovie/BinaryData/CMovieData_Merry_Christmas_01.bin	3454
reimagine	polygonmovie	Event/PolygonMovie/BinaryData/CMovieData_Merry_Christmas_02.bin	6594
reimagine	polygonmovie	Event/PolygonMovie/BinaryData/CMovieData_MOBoss_0001.bin	6118
reimagine	polygonmovie	Event/PolygonMovie/BinaryData/CMovieData_MOBoss_0002.bin	8570
reimagine	polygonmovie	Event/PolygonMovie/BinaryData/CMovieData_MOBoss_0003.bin	7438
reimagine	polygonmovie	Event/PolygonMovie/BinaryData/CMovieData_MOBoss_0004.bin	3922
reimagine	polygonmovie	Event/PolygonMovie/BinaryData/CMovieData_MOBoss_0005.bin	3766
reimagine	polygonmovie	Event/PolygonMovie/BinaryData/CMovieData_MOBoss_0006.bin	2266
reimagine	polygonmovie	Event/PolygonMovie/BinaryData/CMovieData_MOBoss_0007.bin	1862
reimagine	polygonmovie	Event/PolygonMovie/BinaryData/CMovieData_MOBoss_0008.bin	1754
reimagine	polygonmovie	Event/PolygonMovie/BinaryData/CMovieData_MOBoss_0009.bin	1702
reimagine	polygonmovie	Event/PolygonMovie/BinaryData/CMovieData_MOBoss_0010.bin	5350
reimagine	polygonmovie	Event/PolygonMovie/BinaryData/CMovieData_MOBoss_0011a.bin	1970
reimagine	polygonmovie	Event/PolygonMovie/BinaryData/CMovieData_MOBoss_0011b.bin	2138
reimagine	polygonmovie	Event/PolygonMovie/BinaryData/CMovieData_MOBoss_0011c.bin	1970
reimagine	polygonmovie	Event/PolygonMovie/BinaryData/CMovieData_MOBoss_0011d.bin	1970
reimagine	polygonmovie	Event/PolygonMovie/BinaryData/CMovieData_MOBoss_0011e.bin	1970
reimagine	polygonmovie	Event/PolygonMovie/BinaryData/CMovieData_MOBoss_0012.bin	1022
reimagine	polygonmovie	Event/PolygonMovie/BinaryData/CMovieData_MOBoss_0013.bin	8914
reimagine	polygonmovie	Event/PolygonMovie/BinaryData/CMovieData_MOBoss_0014.bin	2042
reimagine	polygonmovie	Event/PolygonMovie/BinaryData/CMovieData_MOBoss_0015.bin	2570
reimagine	polygonmovie	Event/PolygonMovie/BinaryData/CMovieData_MOBoss_0016.bin	2398
reimagine	polygonmovie	Event/PolygonMovie/BinaryData/CMovieData_MOBoss_0017.bin	2294
reimagine	polygonmovie	Event/PolygonMovie/BinaryData/CMovieData_MOBoss_0018.bin	2058
reimagine	polygonmovie	Event/PolygonMovie/BinaryData/CMovieData_MOBoss_0019.bin	3322
reimagine	polygonmovie	Event/PolygonMovie/BinaryData/CMovieData_MOBoss_001.bin	1406
reimagine	polygonmovie	Event/PolygonMovie/BinaryData/CMovieData_MOBoss_0020.bin	2514
reimagine	polygonmovie	Event/PolygonMovie/BinaryData/CMovieData_MOBoss_0021.bin	4098
reimagine	polygonmovie	Event/PolygonMovie/BinaryData/CMovieData_MOBoss_0022.bin	2254
reimagine	polygonmovie	Event/PolygonMovie/BinaryData/CMovieData_MOBoss_0023.bin	4422
reimagine	polygonmovie	Event/PolygonMovie/BinaryData/CMovieData_MOBoss_0024.bin	3590
reimagine	polygonmovie	Event/PolygonMovie/BinaryData/CMovieData_MOBoss_0025.bin	2634
reimagine	polygonmovie	Event/PolygonMovie/BinaryData/CMovieData_MOBoss_002.bin	1406
reimagine	polygonmovie	Event/PolygonMovie/BinaryData/CMovieData_MOBoss_004.bin	1406
reimagine	polygonmovie	Event/PolygonMovie/BinaryData/CMovieData_MOBoss_006.bin	1406
reimagine	polygonmovie	Event/PolygonMovie/BinaryData/CMovieData_MOBoss_007.bin	1406
reimagine	polygonmovie	Event/PolygonMovie/BinaryData/CMovieData_MOBoss_009.bin	1406
reimagine	polygonmovie	Event/PolygonMovie/BinaryData/CMovieData_MOBoss_011.bin	1406
reimagine	polygonmovie	Event/PolygonMovie/BinaryData/CMovieData_MOBoss_012.bin	2234
reimagine	polygonmovie	Event/PolygonMovie/BinaryData/CMovieData_MOBoss_013.bin	1358
reimagine	polygonmovie	Event/PolygonMovie/BinaryData/CMovieData_MOBoss_014.bin	1406
reimagine	polygonmovie	Event/PolygonMovie/BinaryData/CMovieData_MOBoss_015.bin	24866
reimagine	polygonmovie	Event/PolygonMovie/BinaryData/CMovieData_MOBoss_016.bin	34314
reimagine	polygonmovie	Event/PolygonMovie/BinaryData/CMovieData_MOBoss_018.bin	898
reimagine	polygonmovie	Event/PolygonMovie/BinaryData/CMovieData_MOBoss_019.bin	1122
reimagine	polygonmovie	Event/PolygonMovie/BinaryData/CMovieData_MOBoss_020.bin	898
reimagine	polygonmovie	Event/PolygonMovie/BinaryData/CMovieData_MOBoss_021.bin	898
reimagine	polygonmovie	Event/PolygonMovie/BinaryData/CMovieData_MOBoss_022.bin	898
reimagine	polygonmovie	Event/PolygonMovie/BinaryData/CMovieData_MOBoss_023.bin	1406
reimagine	polygonmovie	Event/PolygonMovie/BinaryData/CMovieData_MOBoss_024.bin	1670
reimagine	polygonmovie	Event/PolygonMovie/BinaryData/CMovieData_MOBoss_025.bin	1670
reimagine	polygonmovie	Event/PolygonMovie/BinaryData/CMovieData_MOBoss_026.bin	1670
reimagine	polygonmovie	Event/PolygonMovie/BinaryData/CMovieData_MOBoss_027.bin	1934
reimagine	polygonmovie	Event/PolygonMovie/BinaryData/CMovieData_MOBoss_028.bin	1934
reimagine	polygonmovie	Event/PolygonMovie/BinaryData/CMovieData_MOBoss_029.bin	1934
reimagine	polygonmovie	Event/PolygonMovie/BinaryData/CMovieData_MOBoss_030.bin	5846
reimagine	polygonmovie	Event/PolygonMovie/BinaryData/CMovieData_MOBoss_031.bin	2718
reimagine	polygonmovie	Event/PolygonMovie/BinaryData/CMovieData_MOBoss_032.bin	5998
reimagine	polygonmovie	Event/PolygonMovie/BinaryData/CMovieData_MOBoss_033.bin	8694
reimagine	polygonmovie	Event/PolygonMovie/BinaryData/CMovieData_MOBoss_034.bin	2270
reimagine	polygonmovie	Event/PolygonMovie/BinaryData/CMovieData_MOBoss_035.bin	2606
reimagine	polygonmovie	Event/PolygonMovie/BinaryData/CMovieData_MOBoss_036.bin	1194
reimagine	polygonmovie	Event/PolygonMovie/BinaryData/CMovieData_MOBoss_037.bin	1882
reimagine	polygonmovie	Event/PolygonMovie/BinaryData/CMovieData_MOBoss_039.bin	2246
reimagine	polygonmovie	Event/PolygonMovie/BinaryData/CMovieData_MOBoss_040.bin	2738
reimagine	polygonmovie	Event/PolygonMovie/BinaryData/CMovieData_MOBoss_041.bin	2738
reimagine	polygonmovie	Event/PolygonMovie/BinaryData/CMovieData_MOBoss_042.bin	2738
reimagine	polygonmovie	Event/PolygonMovie/BinaryData/CMovieData_MOBoss_043.bin	2738
reimagine	polygonmovie	Event/PolygonMovie/BinaryData/CMovieData_MOBoss_044.bin	1914
reimagine	polygonmovie	Event/PolygonMovie/BinaryData/CMovieData_MOBoss_045.bin	1914
reimagine	polygonmovie	Event/PolygonMovie/BinaryData/CMovieData_MOBoss_046.bin	3950
reimagine	polygonmovie	Event/PolygonMovie/BinaryData/CMovieData_MOBoss_047.bin	3222
reimagine	polygonmovie	Event/PolygonMovie/BinaryData/CMovieData_MOBoss_048.bin	3678
reimagine	polygonmovie	Event/PolygonMovie/BinaryData/CMovieData_MOBoss_049.bin	1706
reimagine	polygonmovie	Event/PolygonMovie/BinaryData/CMovieData_MOBoss_050.bin	1586
reimagine	polygonmovie	Event/PolygonMovie/BinaryData/CMovieData_MOBoss_051.bin	1882
reimagine	polygonmovie	Event/PolygonMovie/BinaryData/CMovieData_MOBoss_052.bin	1610
reimagine	polygonmovie	Event/PolygonMovie/BinaryData/CMovieData_MOBoss_053.bin	1302
reimagine	polygonmovie	Event/PolygonMovie/BinaryData/CMovieData_MOBoss_054.bin	1302
reimagine	polygonmovie	Event/PolygonMovie/BinaryData/CMovieData_MOBoss_055.bin	4090
reimagine	polygonmovie	Event/PolygonMovie/BinaryData/CMovieData_MOBoss_056.bin	2206
reimagine	polygonmovie	Event/PolygonMovie/BinaryData/CMovieData_MOBoss_057.bin	1406
reimagine	polygonmovie	Event/PolygonMovie/BinaryData/CMovieData_MOBoss_058.bin	1358
reimagine	polygonmovie	Event/PolygonMovie/BinaryData/CMovieData_MOBoss_059.bin	2186
reimagine	polygonmovie	Event/PolygonMovie/BinaryData/CMovieData_MOBoss_060.bin	2358
reimagine	polygonmovie	Event/PolygonMovie/BinaryData/CMovieData_MOBoss_061.bin	762
reimagine	polygonmovie	Event/PolygonMovie/BinaryData/CMovieData_MOBoss_062.bin	1446
reimagine	polygonmovie	Event/PolygonMovie/BinaryData/CMovieData_MOBoss_063.bin	2262
reimagine	polygonmovie	Event/PolygonMovie/BinaryData/CMovieData_MOBoss_064.bin	1174
reimagine	polygonmovie	Event/PolygonMovie/BinaryData/CMovieData_MOBoss_065.bin	1174
reimagine	polygonmovie	Event/PolygonMovie/BinaryData/CMovieData_MOBoss_066.bin	1446
reimagine	polygonmovie	Event/PolygonMovie/BinaryData/CMovieData_MOBoss_067.bin	966
reimagine	polygonmovie	Event/PolygonMovie/BinaryData/CMovieData_MOBoss_068.bin	394
reimagine	polygonmovie	Event/PolygonMovie/BinaryData/CMovieData_MOBoss_069.bin	1554
reimagine	polygonmovie	Event/PolygonMovie/BinaryData/CMovieData_MOBoss_070.bin	1542
reimagine	polygonmovie	Event/PolygonMovie/BinaryData/CMovieData_MOBoss_071.bin	1554
reimagine	polygonmovie	Event/PolygonMovie/BinaryData/CMovieData_MOBoss_072.bin	6242
reimagine	polygonmovie	Event/PolygonMovie/BinaryData/CMovieData_MOBoss_073.bin	898
reimagine	polygonmovie	Event/PolygonMovie/BinaryData/CMovieData_MOBoss_074.bin	1914
reimagine	polygonmovie	Event/PolygonMovie/BinaryData/CMovieData_MOBoss_075.bin	1498
reimagine	polygonmovie	Event/PolygonMovie/BinaryData/CMovieData_MOBoss_076.bin	1622
reimagine	polygonmovie	Event/PolygonMovie/BinaryData/CMovieData_MOBoss_077.bin	2654
reimagine	polygonmovie	Event/PolygonMovie/BinaryData/CMovieData_MOBoss_078.bin	2262
reimagine	polygonmovie	Event/PolygonMovie/BinaryData/CMovieData_MOBoss_079.bin	2442
reimagine	polygonmovie	Event/PolygonMovie/BinaryData/CMovieData_MOBoss_080.bin	2442
reimagine	polygonmovie	Event/PolygonMovie/BinaryData/CMovieData_MOBoss_081.bin	2062
reimagine	polygonmovie	Event/PolygonMovie/BinaryData/CMovieData_MOBoss_082.bin	9902
reimagine	polygonmovie	Event/PolygonMovie/BinaryData/CMovieData_MOBoss_084.bin	2094
reimagine	polygonmovie	Event/PolygonMovie/BinaryData/CMovieData_MOBoss_085.bin	3454
reimagine	polygonmovie	Event/PolygonMovie/BinaryData/CMovieData_MOBoss_087.bin	962
reimagine	polygonmovie	Event/PolygonMovie/BinaryData/CMovieData_MOBoss_088.bin	1846
reimagine	polygonmovie	Event/PolygonMovie/BinaryData/CMovieData_MOBoss_089.bin	2866
reimagine	polygonmovie	Event/PolygonMovie/BinaryData/CMovieData_MOBoss_090.bin	2278
reimagine	polygonmovie	Event/PolygonMovie/BinaryData/CMovieData_MOBoss_091.bin	2374
reimagine	polygonmovie	Event/PolygonMovie/BinaryData/CMovieData_MOBoss_092.bin	10366
reimagine	polygonmovie	Event/PolygonMovie/BinaryData/CMovieData_MOBoss_094a.bin	1606
reimagine	polygonmovie	Event/PolygonMovie/BinaryData/CMovieData_MOBoss_094b.bin	1158
reimagine	polygonmovie	Event/PolygonMovie/BinaryData/CMovieData_MOBoss_094c.bin	3718
reimagine	polygonmovie	Event/PolygonMovie/BinaryData/CMovieData_MOBoss_095.bin	898
reimagine	polygonmovie	Event/PolygonMovie/BinaryData/CMovieData_MOBoss_096.bin	5930
reimagine	polygonmovie	Event/PolygonMovie/BinaryData/CMovieData_MOBoss_097.bin	1478
reimagine	polygonmovie	Event/PolygonMovie/BinaryData/CMovieData_MOBoss_098.bin	1478
reimagine	polygonmovie	Event/PolygonMovie/BinaryData/CMovieData_MOBoss_099.bin	1882
reimagine	polygonmovie	Event/PolygonMovie/BinaryData/CMovieData_MOBoss_1001.bin	2670
reimagine	polygonmovie	Event/PolygonMovie/BinaryData/CMovieData_MOBoss_1002.bin	1930
reimagine	polygonmovie	Event/PolygonMovie/BinaryData/CMovieData_MOBoss_1003a.bin	1378
reimagine	polygonmovie	Event/PolygonMovie/BinaryData/CMovieData_MOBoss_1003b.bin	1470
reimagine	polygonmovie	Event/PolygonMovie/BinaryData/CMovieData_MOBoss_1003c.bin	14866
reimagine	polygonmovie	Event/PolygonMovie/BinaryData/CMovieData_MOBoss_1004.bin	2910
reimagine	polygonmovie	Event/PolygonMovie/BinaryData/CMovieData_MOBoss_1005.bin	2246
reimagine	polygonmovie	Event/PolygonMovie/BinaryData/CMovieData_MOBoss_1006.bin	2266
reimagine	polygonmovie	Event/PolygonMovie/BinaryData/CMovieData_MOBoss_1007.bin	1666
reimagine	polygonmovie	Event/PolygonMovie/BinaryData/CMovieData_MOBoss_1008.bin	1630
reimagine	polygonmovie	Event/PolygonMovie/BinaryData/CMovieData_MOBoss_1009.bin	1678
reimagine	polygonmovie	Event/PolygonMovie/BinaryData/CMovieData_MOBoss_100.bin	1882
reimagine	polygonmovie	Event/PolygonMovie/BinaryData/CMovieData_MOBoss_1010a.bin	9110
reimagine	polygonmovie	Event/PolygonMovie/BinaryData/CMovieData_MOBoss_1010b.bin	12374
reimagine	polygonmovie	Event/PolygonMovie/BinaryData/CMovieData_MOBoss_1011.bin	2782
reimagine	polygonmovie	Event/PolygonMovie/BinaryData/CMovieData_MOBoss_1012.bin	1062
reimagine	polygonmovie	Event/PolygonMovie/BinaryData/CMovieData_MOBoss_1013.bin	1166
reimagine	polygonmovie	Event/PolygonMovie/BinaryData/CMovieData_MOBoss_1014.bin	1262
reimagine	polygonmovie	Event/PolygonMovie/BinaryData/CMovieData_MOBoss_1015.bin	3522
reimagine	polygonmovie	Event/PolygonMovie/BinaryData/CMovieData_MOBoss_1016.bin	2030
reimagine	polygonmovie	Event/PolygonMovie/BinaryData/CMovieData_MOBoss_1017.bin	1922
reimagine	polygonmovie	Event/PolygonMovie/BinaryData/CMovieData_MOBoss_1018.bin	1886
reimagine	polygonmovie	Event/PolygonMovie/BinaryData/CMovieData_MOBoss_1019.bin	3270
reimagine	polygonmovie	Event/PolygonMovie/BinaryData/CMovieData_MOBoss_101.bin	1310
reimagine	polygonmovie	Event/PolygonMovie/BinaryData/CMovieData_MOBoss_1020.bin	1854
reimagine	polygonmovie	Event/PolygonMovie/BinaryData/CMovieData_MOBoss_1021.bin	2098
reimagine	polygonmovie	Event/PolygonMovie/BinaryData/CMovieData_MOBoss_1022.bin	2522
reimagine	polygonmovie	Event/PolygonMovie/BinaryData/CMovieData_MOBoss_1023.bin	1834
reimagine	polygonmovie	Event/PolygonMovie/BinaryData/CMovieData_MOBoss_1024.bin	2882
reimagine	polygonmovie	Event/PolygonMovie/BinaryData/CMovieData_MOBoss_1025.bin	2410
reimagine	polygonmovie	Event/PolygonMovie/BinaryData/CMovieData_MOBoss_102.bin	1310
reimagine	polygonmovie	Event/PolygonMovie/BinaryData/CMovieData_MOBoss_104.bin	1310
reimagine	polygonmovie	Event/PolygonMovie/BinaryData/CMovieData_MOBoss_106.bin	1310
reimagine	polygonmovie	Event/PolygonMovie/BinaryData/CMovieData_MOBoss_107.bin	1310
reimagine	polygonmovie	Event/PolygonMovie/BinaryData/CMovieData_MOBoss_109.bin	1310
reimagine	polygonmovie	Event/PolygonMovie/BinaryData/CMovieData_MOBoss_111.bin	1310
reimagine	polygonmovie	Event/PolygonMovie/BinaryData/CMovieData_MOBoss_112.bin	1714
reimagine	polygonmovie	Event/PolygonMovie/BinaryData/CMovieData_MOBoss_113.bin	1178
reimagine	polygonmovie	Event/PolygonMovie/BinaryData/CMovieData_MOBoss_114.bin	1178
reimagine	polygonmovie	Event/PolygonMovie/BinaryData/CMovieData_MOBoss_115.bin	1310
reimagine	polygonmovie	Event/PolygonMovie/BinaryData/CMovieData_MOBoss_116.bin	2022
reimagine	polygonmovie	Event/PolygonMovie/BinaryData/CMovieData_MOBoss_118.bin	898
reimagine	polygonmovie	Event/PolygonMovie/BinaryData/CMovieData_MOBoss_119.bin	1122
reimagine	polygonmovie	Event/PolygonMovie/BinaryData/CMovieData_MOBoss_120.bin	898
reimagine	polygonmovie	Event/PolygonMovie/BinaryData/CMovieData_MOBoss_121.bin	898
reimagine	polygonmovie	Event/PolygonMovie/BinaryData/CMovieData_MOBoss_122.bin	898
reimagine	polygonmovie	Event/PolygonMovie/BinaryData/CMovieData_MOBoss_123.bin	1038
reimagine	polygonmovie	Event/PolygonMovie/BinaryData/CMovieData_MOBoss_130.bin	6370
reimagine	polygonmovie	Event/PolygonMovie/BinaryData/CMovieData_MOBoss_131.bin	1358
reimagine	polygonmovie	Event/PolygonMovie/BinaryData/CMovieData_MOBoss_132.bin	1310
reimagine	polygonmovie	Event/PolygonMovie/BinaryData/CMovieData_MOBoss_133.bin	1534
reimagine	polygonmovie	Event/PolygonMovie/BinaryData/CMovieData_MOBoss_134.bin	1278
reimagine	polygonmovie	Event/PolygonMovie/BinaryData/CMovieData_MOBoss_135.bin	1302
reimagine	polygonmovie	Event/PolygonMovie/BinaryData/CMovieData_MOBoss_136.bin	1030
reimagine	polygonmovie	Event/PolygonMovie/BinaryData/CMovieData_MOBoss_137.bin	966
reimagine	polygonmovie	Event/PolygonMovie/BinaryData/CMovieData_MOBoss_138.bin	1286
reimagine	polygonmovie	Event/PolygonMovie/BinaryData/CMovieData_MOBoss_139.bin	1322
reimagine	polygonmovie	Event/PolygonMovie/BinaryData/CMovieData_MOBoss_140.bin	1322
reimagine	polygonmovie	Event/PolygonMovie/BinaryData/CMovieData_MOBoss_141.bin	1322
reimagine	polygonmovie	Event/PolygonMovie/BinaryData/CMovieData_MOBoss_142.bin	1322
reimagine	polygonmovie	Event/PolygonMovie/BinaryData/CMovieData_MOBoss_143.bin	1322
reimagine	polygonmovie	Event/PolygonMovie/BinaryData/CMovieData_MOBoss_144.bin	1562
reimagine	polygonmovie	Event/PolygonMovie/BinaryData/CMovieData_MOBoss_145.bin	1562
reimagine	polygonmovie	Event/PolygonMovie/BinaryData/CMovieData_MOBoss_146.bin	1682
reimagine	polygonmovie	Event/PolygonMovie/BinaryData/CMovieData_MOBoss_147.bin	2794
reimagine	polygonmovie	Event/PolygonMovie/BinaryData/CMovieData_MOBoss_148.bin	1350
reimagine	polygonmovie	Event/PolygonMovie/BinaryData/CMovieData_MOBoss_149.bin	1930
reimagine	polygonmovie	Event/PolygonMovie/BinaryData/CMovieData_MOBoss_150.bin	2310
reimagine	polygonmovie	Event/PolygonMovie/BinaryData/CMovieData_MOBoss_151.bin	2546
reimagine	polygonmovie	Event/PolygonMovie/BinaryData/CMovieData_MOBoss_152.bin	2026
reimagine	polygonmovie	Event/PolygonMovie/BinaryData/CMovieData_MOBoss_153.bin	2066
reimagine	polygonmovie	Event/PolygonMovie/BinaryData/CMovieData_MOBoss_154.bin	2066
reimagine	polygonmovie	Event/PolygonMovie/BinaryData/CMovieData_MOBoss_155.bin	3042
reimagine	polygonmovie	Event/PolygonMovie/BinaryData/CMovieData_MOBoss_156.bin	2634
reimagine	polygonmovie	Event/PolygonMovie/BinaryData/CMovieData_MOBoss_157.bin	1322
reimagine	polygonmovie	Event/PolygonMovie/BinaryData/CMovieData_MOBoss_158.bin	1334
reimagine	polygonmovie	Event/PolygonMovie/BinaryData/CMovieData_MOBoss_159.bin	1766
reimagine	polygonmovie	Event/PolygonMovie/BinaryData/CMovieData_MOBoss_160.bin	1766
reimagine	polygonmovie	Event/PolygonMovie/BinaryData/CMovieData_MOBoss_161.bin	762
reimagine	polygonmovie	Event/PolygonMovie/BinaryData/CMovieData_MOBoss_162.bin	1546
reimagine	polygonmovie	Event/PolygonMovie/BinaryData/CMovieData_MOBoss_163.bin	1570
reimagine	polygonmovie	Event/PolygonMovie/BinaryData/CMovieData_MOBoss_164.bin	1274
reimagine	polygonmovie	Event/PolygonMovie/BinaryData/CMovieData_MOBoss_165.bin	1310
reimagine	polygonmovie	Event/PolygonMovie/BinaryData/CMovieData_MOBoss_166.bin	1362
reimagine	polygonmovie	Event/PolygonMovie/BinaryData/CMovieData_MOBoss_167.bin	894
reimagine	polygonmovie	Event/PolygonMovie/BinaryData/CMovieData_MOBoss_168.bin	9690
reimagine	polygonmovie	Event/PolygonMovie/BinaryData/CMovieData_MOBoss_169.bin	1334
reimagine	polygonmovie	Event/PolygonMovie/BinaryData/CMovieData_MOBoss_170.bin	1334
reimagine	polygonmovie	Event/PolygonMovie/BinaryData/CMovieData_MOBoss_171.bin	1334
reimagine	polygonmovie	Event/PolygonMovie/BinaryData/CMovieData_MOBoss_172.bin	1398
reimagine	polygonmovie	Event/PolygonMovie/BinaryData/CMovieData_MOBoss_173.bin	910
reimagine	polygonmovie	Event/PolygonMovie/BinaryData/CMovieData_MOBoss_174.bin	1638
reimagine	polygonmovie	Event/PolygonMovie/BinaryData/CMovieData_MOBoss_175.bin	1594
reimagine	polygonmovie	Event/PolygonMovie/BinaryData/CMovieData_MOBoss_176.bin	1358
reimagine	polygonmovie	Event/PolygonMovie/BinaryData/CMovieData_MOBoss_178.bin	1358
reimagine	polygonmovie	Event/PolygonMovie/BinaryData/CMovieData_MOBoss_179.bin	1406
reimagine	polygonmovie	Event/PolygonMovie/BinaryData/CMovieData_MOBoss_180.bin	1406
reimagine	polygonmovie	Event/PolygonMovie/BinaryData/CMovieData_MOBoss_181.bin	2002
reimagine	polygonmovie	Event/PolygonMovie/BinaryData/CMovieData_MOBoss_182.bin	2106
reimagine	polygonmovie	Event/PolygonMovie/BinaryData/CMovieData_MOBoss_183.bin	2170
reimagine	polygonmovie	Event/PolygonMovie/BinaryData/CMovieData_MOBoss_184.bin	2590
reimagine	polygonmovie	Event/PolygonMovie/BinaryData/CMovieData_MOBoss_185.bin	2706
reimagine	polygonmovie	Event/PolygonMovie/BinaryData/CMovieData_MOBoss_186.bin	2310
reimagine	polygonmovie	Event/PolygonMovie/BinaryData/CMovieData_MOBoss_187.bin	910
reimagine	polygonmovie	Event/PolygonMovie/BinaryData/CMovieData_MOBoss_188.bin	1606
reimagine	polygonmovie	Event/PolygonMovie/BinaryData/CMovieData_MOBoss_189.bin	1670
reimagine	polygonmovie	Event/PolygonMovie/BinaryData/CMovieData_MOBoss_190.bin	1590
reimagine	polygonmovie	Event/PolygonMovie/BinaryData/CMovieData_MOBoss_191.bin	1778
reimagine	polygonmovie	Event/PolygonMovie/BinaryData/CMovieData_MOBoss_192.bin	1518
reimagine	polygonmovie	Event/PolygonMovie/BinaryData/CMovieData_MOBoss_193.bin	1530
reimagine	polygonmovie	Event/PolygonMovie/BinaryData/CMovieData_MOBoss_194.bin	1722
reimagine	polygonmovie	Event/PolygonMovie/BinaryData/CMovieData_MOBoss_195.bin	910
reimagine	polygonmovie	Event/PolygonMovie/BinaryData/CMovieData_MOBoss_196.bin	8238
reimagine	polygonmovie	Event/PolygonMovie/BinaryData/CMovieData_MOBoss_197.bin	1270
reimagine	polygonmovie	Event/PolygonMovie/BinaryData/CMovieData_MOBoss_198.bin	1882
reimagine	polygonmovie	Event/PolygonMovie/BinaryData/CMovieData_MOBoss_199.bin	1882
reimagine	polygonmovie	Event/PolygonMovie/BinaryData/CMovieData_monitor_001.bin	5446
reimagine	polygonmovie	Event/PolygonMovie/BinaryData/CMovieData_monitor_002.bin	666
reimagine	polygonmovie	Event/PolygonMovie/BinaryData/CMovieData_OP_001.bin	650
reimagine	polygonmovie	Event/PolygonMovie/BinaryData/CMovieData_Quest_001.bin	1270
reimagine	polygonmovie	Event/PolygonMovie/BinaryData/CMovieData_re-union.bin	1174
reimagine	polygonmovie	Event/PolygonMovie/BinaryData/CMovieData_rookie_000.bin	2902
reimagine	polygonmovie	Event/PolygonMovie/BinaryData/CMovieData_Sublime_A.bin	2286
reimagine	polygonmovie	Event/PolygonMovie/BinaryData/CMovieData_Sublime_B.bin	3790
reimagine	polygonmovie	Event/PolygonMovie/BinaryData/CMovieData_Sublime_C.bin	3790
reimagine	polygonmovie	Event/PolygonMovie/BinaryData/CMovieData_tut_000.bin	5294
reimagine	polygonmovie	Event/PolygonMovie/BinaryData/EventDirectionData.bin	208804
